HourUTC;HourDK;OffshoreWindGe100MW_MWhDK1;DK1_EUR/MWh
2024-12-31 23:00:00;2025-01-01 00:00:00;1285,866796;2,160000
2025-01-01 00:00:00;2025-01-01 01:00:00;1163,784669;1,600000
2025-01-01 01:00:00;2025-01-01 02:00:00;1025,820909;1,630000
2025-01-01 02:00:00;2025-01-01 03:00:00;998,965034;1,090000
2025-01-01 03:00:00;2025-01-01 04:00:00;1006,349138;0,470000
2025-01-01 04:00:00;2025-01-01 05:00:00;1000,999948;0,000000
2025-01-01 05:00:00;2025-01-01 06:00:00;1213,917158;0,760000
2025-01-01 06:00:00;2025-01-01 07:00:00;1248,198781;0,790000
2025-01-01 07:00:00;2025-01-01 08:00:00;1244,923444;1,890000
2025-01-01 08:00:00;2025-01-01 09:00:00;1244,667549;2,120000
2025-01-01 09:00:00;2025-01-01 10:00:00;1178,723252;3,540000
2025-01-01 10:00:00;2025-01-01 11:00:00;1038,833482;3,700000
2025-01-01 11:00:00;2025-01-01 12:00:00;976,435847;3,750000
2025-01-01 12:00:00;2025-01-01 13:00:00;1144,600608;3,810000
2025-01-01 13:00:00;2025-01-01 14:00:00;1081,121069;5,370000
2025-01-01 14:00:00;2025-01-01 15:00:00;1241,071490;12,280000
2025-01-01 15:00:00;2025-01-01 16:00:00;1246,768527;19,719999
2025-01-01 16:00:00;2025-01-01 17:00:00;1264,863359;22,180000
2025-01-01 17:00:00;2025-01-01 18:00:00;1255,429707;17,440001
2025-01-01 18:00:00;2025-01-01 19:00:00;1161,207793;10,200000
2025-01-01 19:00:00;2025-01-01 20:00:00;1059,878516;8,000000
2025-01-01 20:00:00;2025-01-01 21:00:00;1027,257518;6,730000
2025-01-01 21:00:00;2025-01-01 22:00:00;1028,361914;10,050000
2025-01-01 22:00:00;2025-01-01 23:00:00;1157,638305;7,010000
2025-01-01 23:00:00;2025-01-02 00:00:00;1168,111937;2,830000
2025-01-02 00:00:00;2025-01-02 01:00:00;1195,963215;2,700000
2025-01-02 01:00:00;2025-01-02 02:00:00;1212,592451;3,570000
2025-01-02 02:00:00;2025-01-02 03:00:00;1212,428903;7,020000
2025-01-02 03:00:00;2025-01-02 04:00:00;1090,626075;12,750000
2025-01-02 04:00:00;2025-01-02 05:00:00;1111,482873;30,070000
2025-01-02 05:00:00;2025-01-02 06:00:00;1101,007618;67,129997
2025-01-02 06:00:00;2025-01-02 07:00:00;1074,175997;98,830002
2025-01-02 07:00:00;2025-01-02 08:00:00;891,728268;121,529999
2025-01-02 08:00:00;2025-01-02 09:00:00;786,375228;127,230003
2025-01-02 09:00:00;2025-01-02 10:00:00;734,512519;124,529999
2025-01-02 10:00:00;2025-01-02 11:00:00;804,890309;111,580002
2025-01-02 11:00:00;2025-01-02 12:00:00;862,968353;100,400002
2025-01-02 12:00:00;2025-01-02 13:00:00;1014,805752;105,099998
2025-01-02 13:00:00;2025-01-02 14:00:00;1243,021790;111,209999
2025-01-02 14:00:00;2025-01-02 15:00:00;1232,682498;126,180000
2025-01-02 15:00:00;2025-01-02 16:00:00;1166,455316;135,259995
2025-01-02 16:00:00;2025-01-02 17:00:00;1221,823116;149,729996
2025-01-02 17:00:00;2025-01-02 18:00:00;1246,224155;145,270004
2025-01-02 18:00:00;2025-01-02 19:00:00;1231,995974;107,370003
2025-01-02 19:00:00;2025-01-02 20:00:00;1119,663391;102,599998
2025-01-02 20:00:00;2025-01-02 21:00:00;1126,323309;77,940002
2025-01-02 21:00:00;2025-01-02 22:00:00;1003,171161;65,660004
2025-01-02 22:00:00;2025-01-02 23:00:00;905,541153;49,770000
2025-01-02 23:00:00;2025-01-03 00:00:00;1041,209776;42,689999
2025-01-03 00:00:00;2025-01-03 01:00:00;1082,226033;38,130001
2025-01-03 01:00:00;2025-01-03 02:00:00;1183,131877;35,209999
2025-01-03 02:00:00;2025-01-03 03:00:00;1209,151896;33,430000
2025-01-03 03:00:00;2025-01-03 04:00:00;1240,887236;28,730000
2025-01-03 04:00:00;2025-01-03 05:00:00;1219,132503;31,280001
2025-01-03 05:00:00;2025-01-03 06:00:00;1227,787331;38,439999
2025-01-03 06:00:00;2025-01-03 07:00:00;1260,209637;52,119999
2025-01-03 07:00:00;2025-01-03 08:00:00;1259,413723;80,279999
2025-01-03 08:00:00;2025-01-03 09:00:00;1265,012474;75,010002
2025-01-03 09:00:00;2025-01-03 10:00:00;1254,679011;75,430000
2025-01-03 10:00:00;2025-01-03 11:00:00;1257,166649;62,360001
2025-01-03 11:00:00;2025-01-03 12:00:00;1252,073929;53,889999
2025-01-03 12:00:00;2025-01-03 13:00:00;1254,529011;52,389999
2025-01-03 13:00:00;2025-01-03 14:00:00;1227,880957;53,650002
2025-01-03 14:00:00;2025-01-03 15:00:00;1207,010812;72,379997
2025-01-03 15:00:00;2025-01-03 16:00:00;1188,041226;100,309998
2025-01-03 16:00:00;2025-01-03 17:00:00;1215,619699;105,430000
2025-01-03 17:00:00;2025-01-03 18:00:00;1233,959723;108,089996
2025-01-03 18:00:00;2025-01-03 19:00:00;1231,302062;100,360001
2025-01-03 19:00:00;2025-01-03 20:00:00;1204,244938;81,779999
2025-01-03 20:00:00;2025-01-03 21:00:00;1179,742586;80,489998
2025-01-03 21:00:00;2025-01-03 22:00:00;1058,368152;67,120003
2025-01-03 22:00:00;2025-01-03 23:00:00;722,065012;74,949997
2025-01-03 23:00:00;2025-01-04 00:00:00;511,729068;90,430000
2025-01-04 00:00:00;2025-01-04 01:00:00;358,711995;90,290001
2025-01-04 01:00:00;2025-01-04 02:00:00;291,797468;90,199997
2025-01-04 02:00:00;2025-01-04 03:00:00;298,176878;91,519997
2025-01-04 03:00:00;2025-01-04 04:00:00;324,613919;95,949997
2025-01-04 04:00:00;2025-01-04 05:00:00;335,904331;102,110001
2025-01-04 05:00:00;2025-01-04 06:00:00;482,699442;110,660004
2025-01-04 06:00:00;2025-01-04 07:00:00;540,291414;119,959999
2025-01-04 07:00:00;2025-01-04 08:00:00;554,204582;128,389999
2025-01-04 08:00:00;2025-01-04 09:00:00;588,161022;130,750000
2025-01-04 09:00:00;2025-01-04 10:00:00;521,095356;130,339996
2025-01-04 10:00:00;2025-01-04 11:00:00;664,993929;128,289993
2025-01-04 11:00:00;2025-01-04 12:00:00;516,584505;130,029999
2025-01-04 12:00:00;2025-01-04 13:00:00;642,073259;129,850006
2025-01-04 13:00:00;2025-01-04 14:00:00;713,365612;136,399994
2025-01-04 14:00:00;2025-01-04 15:00:00;645,292489;138,720001
2025-01-04 15:00:00;2025-01-04 16:00:00;599,501503;142,000000
2025-01-04 16:00:00;2025-01-04 17:00:00;499,136452;151,240005
2025-01-04 17:00:00;2025-01-04 18:00:00;412,441495;143,850006
2025-01-04 18:00:00;2025-01-04 19:00:00;356,151616;137,960007
2025-01-04 19:00:00;2025-01-04 20:00:00;322,321917;129,490005
2025-01-04 20:00:00;2025-01-04 21:00:00;342,039941;122,830002
2025-01-04 21:00:00;2025-01-04 22:00:00;306,196858;118,290001
2025-01-04 22:00:00;2025-01-04 23:00:00;323,897296;109,489998
2025-01-04 23:00:00;2025-01-05 00:00:00;326,080608;113,839996
2025-01-05 00:00:00;2025-01-05 01:00:00;317,967726;100,330002
2025-01-05 01:00:00;2025-01-05 02:00:00;263,003452;93,610001
2025-01-05 02:00:00;2025-01-05 03:00:00;237,167491;93,870003
2025-01-05 03:00:00;2025-01-05 04:00:00;256,253318;89,379997
2025-01-05 04:00:00;2025-01-05 05:00:00;216,215769;83,550003
2025-01-05 05:00:00;2025-01-05 06:00:00;228,550252;83,919998
2025-01-05 06:00:00;2025-01-05 07:00:00;348,102937;82,529999
2025-01-05 07:00:00;2025-01-05 08:00:00;528,643929;84,050003
2025-01-05 08:00:00;2025-01-05 09:00:00;857,992358;88,099998
2025-01-05 09:00:00;2025-01-05 10:00:00;884,539211;82,949997
2025-01-05 10:00:00;2025-01-05 11:00:00;850,454498;88,820000
2025-01-05 11:00:00;2025-01-05 12:00:00;878,097031;81,660004
2025-01-05 12:00:00;2025-01-05 13:00:00;899,359790;77,529999
2025-01-05 13:00:00;2025-01-05 14:00:00;845,582479;68,000000
2025-01-05 14:00:00;2025-01-05 15:00:00;940,884490;50,639999
2025-01-05 15:00:00;2025-01-05 16:00:00;1100,131340;49,910000
2025-01-05 16:00:00;2025-01-05 17:00:00;1156,903369;63,389999
2025-01-05 17:00:00;2025-01-05 18:00:00;1183,570692;61,830002
2025-01-05 18:00:00;2025-01-05 19:00:00;1224,831269;50,650002
2025-01-05 19:00:00;2025-01-05 20:00:00;1246,613099;36,849998
2025-01-05 20:00:00;2025-01-05 21:00:00;1247,968357;36,720001
2025-01-05 21:00:00;2025-01-05 22:00:00;1232,913273;34,680000
2025-01-05 22:00:00;2025-01-05 23:00:00;1236,947242;28,139999
2025-01-05 23:00:00;2025-01-06 00:00:00;1215,868150;27,520000
2025-01-06 00:00:00;2025-01-06 01:00:00;1246,416497;19,260000
2025-01-06 01:00:00;2025-01-06 02:00:00;1249,419948;11,350000
2025-01-06 02:00:00;2025-01-06 03:00:00;1251,463719;9,200000
2025-01-06 03:00:00;2025-01-06 04:00:00;1191,448970;10,000000
2025-01-06 04:00:00;2025-01-06 05:00:00;1168,946865;14,810000
2025-01-06 05:00:00;2025-01-06 06:00:00;1239,304635;23,820000
2025-01-06 06:00:00;2025-01-06 07:00:00;1240,088012;31,719999
2025-01-06 07:00:00;2025-01-06 08:00:00;1253,823614;39,580002
2025-01-06 08:00:00;2025-01-06 09:00:00;1201,104252;36,080002
2025-01-06 09:00:00;2025-01-06 10:00:00;1188,394490;34,689999
2025-01-06 10:00:00;2025-01-06 11:00:00;1238,686237;32,830002
2025-01-06 11:00:00;2025-01-06 12:00:00;1256,491592;31,280001
2025-01-06 12:00:00;2025-01-06 13:00:00;1260,001260;28,600000
2025-01-06 13:00:00;2025-01-06 14:00:00;1266,321639;25,610001
2025-01-06 14:00:00;2025-01-06 15:00:00;1273,105557;26,320000
2025-01-06 15:00:00;2025-01-06 16:00:00;1254,804880;26,870001
2025-01-06 16:00:00;2025-01-06 17:00:00;1260,482339;31,660000
2025-01-06 17:00:00;2025-01-06 18:00:00;1235,886987;31,580000
2025-01-06 18:00:00;2025-01-06 19:00:00;1224,875739;28,010000
2025-01-06 19:00:00;2025-01-06 20:00:00;1189,459469;24,860001
2025-01-06 20:00:00;2025-01-06 21:00:00;1200,705905;13,820000
2025-01-06 21:00:00;2025-01-06 22:00:00;1156,776851;20,420000
2025-01-06 22:00:00;2025-01-06 23:00:00;1069,609878;10,110000
2025-01-06 23:00:00;2025-01-07 00:00:00;906,021603;13,600000
2025-01-07 00:00:00;2025-01-07 01:00:00;813,221199;8,710000
2025-01-07 01:00:00;2025-01-07 02:00:00;683,964449;8,900000
2025-01-07 02:00:00;2025-01-07 03:00:00;641,167081;5,010000
2025-01-07 03:00:00;2025-01-07 04:00:00;644,115727;5,130000
2025-01-07 04:00:00;2025-01-07 05:00:00;624,997689;5,800000
2025-01-07 05:00:00;2025-01-07 06:00:00;506,255144;44,810001
2025-01-07 06:00:00;2025-01-07 07:00:00;736,086173;38,029999
2025-01-07 07:00:00;2025-01-07 08:00:00;827,355576;37,200001
2025-01-07 08:00:00;2025-01-07 09:00:00;793,570731;35,009998
2025-01-07 09:00:00;2025-01-07 10:00:00;836,881717;34,270000
2025-01-07 10:00:00;2025-01-07 11:00:00;896,536600;34,650002
2025-01-07 11:00:00;2025-01-07 12:00:00;909,029758;33,330002
2025-01-07 12:00:00;2025-01-07 13:00:00;901,037615;33,270000
2025-01-07 13:00:00;2025-01-07 14:00:00;894,771891;33,279999
2025-01-07 14:00:00;2025-01-07 15:00:00;904,559514;33,250000
2025-01-07 15:00:00;2025-01-07 16:00:00;928,881679;35,049999
2025-01-07 16:00:00;2025-01-07 17:00:00;992,238437;38,450001
2025-01-07 17:00:00;2025-01-07 18:00:00;992,161824;35,009998
2025-01-07 18:00:00;2025-01-07 19:00:00;1031,060248;33,180000
2025-01-07 19:00:00;2025-01-07 20:00:00;1048,440804;25,200001
2025-01-07 20:00:00;2025-01-07 21:00:00;1071,309770;20,020000
2025-01-07 21:00:00;2025-01-07 22:00:00;1056,044010;22,600000
2025-01-07 22:00:00;2025-01-07 23:00:00;1034,265968;37,180000
2025-01-07 23:00:00;2025-01-08 00:00:00;1073,861858;20,500000
2025-01-08 00:00:00;2025-01-08 01:00:00;1071,852712;23,340000
2025-01-08 01:00:00;2025-01-08 02:00:00;1074,219106;23,930000
2025-01-08 02:00:00;2025-01-08 03:00:00;1079,701503;23,070000
2025-01-08 03:00:00;2025-01-08 04:00:00;1079,453002;26,379999
2025-01-08 04:00:00;2025-01-08 05:00:00;1084,834894;28,459999
2025-01-08 05:00:00;2025-01-08 06:00:00;1078,741839;30,990000
2025-01-08 06:00:00;2025-01-08 07:00:00;1084,539519;46,500000
2025-01-08 07:00:00;2025-01-08 08:00:00;1081,099691;58,980000
2025-01-08 08:00:00;2025-01-08 09:00:00;1079,718755;67,110001
2025-01-08 09:00:00;2025-01-08 10:00:00;1071,716496;71,349998
2025-01-08 10:00:00;2025-01-08 11:00:00;1074,851067;74,059998
2025-01-08 11:00:00;2025-01-08 12:00:00;1146,741076;72,660004
2025-01-08 12:00:00;2025-01-08 13:00:00;1136,808379;77,980003
2025-01-08 13:00:00;2025-01-08 14:00:00;1144,638451;85,000000
2025-01-08 14:00:00;2025-01-08 15:00:00;1123,506558;105,400002
2025-01-08 15:00:00;2025-01-08 16:00:00;1150,646470;125,519997
2025-01-08 16:00:00;2025-01-08 17:00:00;1118,233334;152,779999
2025-01-08 17:00:00;2025-01-08 18:00:00;1123,796145;149,229996
2025-01-08 18:00:00;2025-01-08 19:00:00;1099,338152;145,259995
2025-01-08 19:00:00;2025-01-08 20:00:00;1081,108095;118,300003
2025-01-08 20:00:00;2025-01-08 21:00:00;1003,586415;100,680000
2025-01-08 21:00:00;2025-01-08 22:00:00;939,356970;91,910004
2025-01-08 22:00:00;2025-01-08 23:00:00;733,960260;91,410004
2025-01-08 23:00:00;2025-01-09 00:00:00;609,500424;101,440002
2025-01-09 00:00:00;2025-01-09 01:00:00;611,228512;100,000000
2025-01-09 01:00:00;2025-01-09 02:00:00;544,006975;98,769997
2025-01-09 02:00:00;2025-01-09 03:00:00;473,927715;95,220001
2025-01-09 03:00:00;2025-01-09 04:00:00;417,885838;98,279999
2025-01-09 04:00:00;2025-01-09 05:00:00;266,491899;102,650002
2025-01-09 05:00:00;2025-01-09 06:00:00;317,436593;133,539993
2025-01-09 06:00:00;2025-01-09 07:00:00;166,452037;148,800003
2025-01-09 07:00:00;2025-01-09 08:00:00;100,442909;164,880005
2025-01-09 08:00:00;2025-01-09 09:00:00;111,852184;156,149994
2025-01-09 09:00:00;2025-01-09 10:00:00;60,620772;147,639999
2025-01-09 10:00:00;2025-01-09 11:00:00;25,597374;140,210007
2025-01-09 11:00:00;2025-01-09 12:00:00;92,145817;128,179993
2025-01-09 12:00:00;2025-01-09 13:00:00;82,440478;121,150002
2025-01-09 13:00:00;2025-01-09 14:00:00;42,985649;123,949997
2025-01-09 14:00:00;2025-01-09 15:00:00;38,008929;127,860001
2025-01-09 15:00:00;2025-01-09 16:00:00;47,624473;127,360001
2025-01-09 16:00:00;2025-01-09 17:00:00;35,420836;132,169998
2025-01-09 17:00:00;2025-01-09 18:00:00;36,079046;136,080002
2025-01-09 18:00:00;2025-01-09 19:00:00;41,281230;129,440002
2025-01-09 19:00:00;2025-01-09 20:00:00;55,751412;119,230003
2025-01-09 20:00:00;2025-01-09 21:00:00;95,942018;104,989998
2025-01-09 21:00:00;2025-01-09 22:00:00;61,750910;101,099998
2025-01-09 22:00:00;2025-01-09 23:00:00;34,202816;88,190002
2025-01-09 23:00:00;2025-01-10 00:00:00;54,289526;84,790001
2025-01-10 00:00:00;2025-01-10 01:00:00;74,749687;80,230003
2025-01-10 01:00:00;2025-01-10 02:00:00;56,868486;71,290001
2025-01-10 02:00:00;2025-01-10 03:00:00;43,583435;69,050003
2025-01-10 03:00:00;2025-01-10 04:00:00;54,313989;69,889999
2025-01-10 04:00:00;2025-01-10 05:00:00;128,370619;83,900002
2025-01-10 05:00:00;2025-01-10 06:00:00;168,525617;99,089996
2025-01-10 06:00:00;2025-01-10 07:00:00;292,941484;123,919998
2025-01-10 07:00:00;2025-01-10 08:00:00;320,103405;139,470001
2025-01-10 08:00:00;2025-01-10 09:00:00;282,510856;136,919998
2025-01-10 09:00:00;2025-01-10 10:00:00;362,145607;123,570000
2025-01-10 10:00:00;2025-01-10 11:00:00;490,343825;113,589996
2025-01-10 11:00:00;2025-01-10 12:00:00;578,400582;107,430000
2025-01-10 12:00:00;2025-01-10 13:00:00;653,183412;105,010002
2025-01-10 13:00:00;2025-01-10 14:00:00;806,594001;110,010002
2025-01-10 14:00:00;2025-01-10 15:00:00;956,637986;128,690002
2025-01-10 15:00:00;2025-01-10 16:00:00;958,584194;134,869995
2025-01-10 16:00:00;2025-01-10 17:00:00;947,594950;142,559998
2025-01-10 17:00:00;2025-01-10 18:00:00;956,206145;144,119995
2025-01-10 18:00:00;2025-01-10 19:00:00;677,594865;141,050003
2025-01-10 19:00:00;2025-01-10 20:00:00;722,906366;128,809998
2025-01-10 20:00:00;2025-01-10 21:00:00;862,850999;109,699997
2025-01-10 21:00:00;2025-01-10 22:00:00;905,398682;116,330002
2025-01-10 22:00:00;2025-01-10 23:00:00;805,410165;109,879997
2025-01-10 23:00:00;2025-01-11 00:00:00;686,132764;99,309998
2025-01-11 00:00:00;2025-01-11 01:00:00;642,489253;101,639999
2025-01-11 01:00:00;2025-01-11 02:00:00;648,828949;94,419998
2025-01-11 02:00:00;2025-01-11 03:00:00;610,171583;89,449997
2025-01-11 03:00:00;2025-01-11 04:00:00;638,897086;76,260002
2025-01-11 04:00:00;2025-01-11 05:00:00;614,919324;67,099998
2025-01-11 05:00:00;2025-01-11 06:00:00;615,327628;77,139999
2025-01-11 06:00:00;2025-01-11 07:00:00;655,155262;94,680000
2025-01-11 07:00:00;2025-01-11 08:00:00;790,729951;107,650002
2025-01-11 08:00:00;2025-01-11 09:00:00;893,789878;103,139999
2025-01-11 09:00:00;2025-01-11 10:00:00;998,806753;101,129997
2025-01-11 10:00:00;2025-01-11 11:00:00;1022,399123;91,059998
2025-01-11 11:00:00;2025-01-11 12:00:00;1009,453668;91,059998
2025-01-11 12:00:00;2025-01-11 13:00:00;965,621803;91,029999
2025-01-11 13:00:00;2025-01-11 14:00:00;968,144916;89,300003
2025-01-11 14:00:00;2025-01-11 15:00:00;934,909820;102,559998
2025-01-11 15:00:00;2025-01-11 16:00:00;853,025737;112,120003
2025-01-11 16:00:00;2025-01-11 17:00:00;819,399907;119,800003
2025-01-11 17:00:00;2025-01-11 18:00:00;783,757902;122,339996
2025-01-11 18:00:00;2025-01-11 19:00:00;780,267149;114,849998
2025-01-11 19:00:00;2025-01-11 20:00:00;684,394211;108,099998
2025-01-11 20:00:00;2025-01-11 21:00:00;651,887921;104,800003
2025-01-11 21:00:00;2025-01-11 22:00:00;615,974861;103,070000
2025-01-11 22:00:00;2025-01-11 23:00:00;617,739422;105,690002
2025-01-11 23:00:00;2025-01-12 00:00:00;591,948342;83,580002
2025-01-12 00:00:00;2025-01-12 01:00:00;578,580862;83,790001
2025-01-12 01:00:00;2025-01-12 02:00:00;497,106526;86,750000
2025-01-12 02:00:00;2025-01-12 03:00:00;451,367202;84,199997
2025-01-12 03:00:00;2025-01-12 04:00:00;398,029337;85,000000
2025-01-12 04:00:00;2025-01-12 05:00:00;304,651674;83,750000
2025-01-12 05:00:00;2025-01-12 06:00:00;290,744155;85,900002
2025-01-12 06:00:00;2025-01-12 07:00:00;312,250277;101,750000
2025-01-12 07:00:00;2025-01-12 08:00:00;286,141216;114,669998
2025-01-12 08:00:00;2025-01-12 09:00:00;210,498688;120,070000
2025-01-12 09:00:00;2025-01-12 10:00:00;172,999287;117,769997
2025-01-12 10:00:00;2025-01-12 11:00:00;142,068559;105,610001
2025-01-12 11:00:00;2025-01-12 12:00:00;120,807528;102,989998
2025-01-12 12:00:00;2025-01-12 13:00:00;112,379507;99,610001
2025-01-12 13:00:00;2025-01-12 14:00:00;101,717440;104,739998
2025-01-12 14:00:00;2025-01-12 15:00:00;67,583264;118,699997
2025-01-12 15:00:00;2025-01-12 16:00:00;42,852005;132,919998
2025-01-12 16:00:00;2025-01-12 17:00:00;19,998446;141,000000
2025-01-12 17:00:00;2025-01-12 18:00:00;11,026184;146,660004
2025-01-12 18:00:00;2025-01-12 19:00:00;8,881473;143,660004
2025-01-12 19:00:00;2025-01-12 20:00:00;6,461499;134,860001
2025-01-12 20:00:00;2025-01-12 21:00:00;9,693172;127,489998
2025-01-12 21:00:00;2025-01-12 22:00:00;42,218184;121,199997
2025-01-12 22:00:00;2025-01-12 23:00:00;110,117723;114,900002
2025-01-12 23:00:00;2025-01-13 00:00:00;217,694921;112,389999
2025-01-13 00:00:00;2025-01-13 01:00:00;406,417059;105,070000
2025-01-13 01:00:00;2025-01-13 02:00:00;609,870164;104,459999
2025-01-13 02:00:00;2025-01-13 03:00:00;702,748640;100,370003
2025-01-13 03:00:00;2025-01-13 04:00:00;815,052516;90,510002
2025-01-13 04:00:00;2025-01-13 05:00:00;928,709698;59,660000
2025-01-13 05:00:00;2025-01-13 06:00:00;949,307768;85,139999
2025-01-13 06:00:00;2025-01-13 07:00:00;1008,575694;122,000000
2025-01-13 07:00:00;2025-01-13 08:00:00;1100,511172;152,850006
2025-01-13 08:00:00;2025-01-13 09:00:00;1144,641007;115,150002
2025-01-13 09:00:00;2025-01-13 10:00:00;1168,606255;92,010002
2025-01-13 10:00:00;2025-01-13 11:00:00;1182,349789;67,440002
2025-01-13 11:00:00;2025-01-13 12:00:00;1108,310886;57,189999
2025-01-13 12:00:00;2025-01-13 13:00:00;1078,941275;56,220001
2025-01-13 13:00:00;2025-01-13 14:00:00;1027,309107;62,570000
2025-01-13 14:00:00;2025-01-13 15:00:00;1085,501706;56,709999
2025-01-13 15:00:00;2025-01-13 16:00:00;1106,329910;64,669998
2025-01-13 16:00:00;2025-01-13 17:00:00;1130,792291;67,099998
2025-01-13 17:00:00;2025-01-13 18:00:00;1120,224927;50,150002
2025-01-13 18:00:00;2025-01-13 19:00:00;1104,844746;40,389999
2025-01-13 19:00:00;2025-01-13 20:00:00;1120,423659;24,719999
2025-01-13 20:00:00;2025-01-13 21:00:00;1132,712358;22,879999
2025-01-13 21:00:00;2025-01-13 22:00:00;1132,995209;21,090000
2025-01-13 22:00:00;2025-01-13 23:00:00;1125,089576;17,770000
2025-01-13 23:00:00;2025-01-14 00:00:00;1141,701252;36,910000
2025-01-14 00:00:00;2025-01-14 01:00:00;1140,442412;40,000000
2025-01-14 01:00:00;2025-01-14 02:00:00;1137,002627;41,599998
2025-01-14 02:00:00;2025-01-14 03:00:00;1141,615218;42,250000
2025-01-14 03:00:00;2025-01-14 04:00:00;1207,450054;40,220001
2025-01-14 04:00:00;2025-01-14 05:00:00;1206,945755;46,209999
2025-01-14 05:00:00;2025-01-14 06:00:00;1201,336950;50,400002
2025-01-14 06:00:00;2025-01-14 07:00:00;1209,922691;60,290001
2025-01-14 07:00:00;2025-01-14 08:00:00;1301,019857;68,510002
2025-01-14 08:00:00;2025-01-14 09:00:00;1269,078747;63,020000
2025-01-14 09:00:00;2025-01-14 10:00:00;1250,172379;55,110001
2025-01-14 10:00:00;2025-01-14 11:00:00;1249,885354;56,130001
2025-01-14 11:00:00;2025-01-14 12:00:00;1257,689843;48,230000
2025-01-14 12:00:00;2025-01-14 13:00:00;1282,592273;52,189999
2025-01-14 13:00:00;2025-01-14 14:00:00;1249,525633;60,400002
2025-01-14 14:00:00;2025-01-14 15:00:00;1265,392858;56,990002
2025-01-14 15:00:00;2025-01-14 16:00:00;1294,933694;69,459999
2025-01-14 16:00:00;2025-01-14 17:00:00;1270,955254;73,889999
2025-01-14 17:00:00;2025-01-14 18:00:00;1231,947402;69,860001
2025-01-14 18:00:00;2025-01-14 19:00:00;1225,320959;62,029999
2025-01-14 19:00:00;2025-01-14 20:00:00;1232,249765;58,939999
2025-01-14 20:00:00;2025-01-14 21:00:00;1149,583246;59,419998
2025-01-14 21:00:00;2025-01-14 22:00:00;1197,168234;58,840000
2025-01-14 22:00:00;2025-01-14 23:00:00;1085,522031;68,839996
2025-01-14 23:00:00;2025-01-15 00:00:00;1095,133268;62,029999
2025-01-15 00:00:00;2025-01-15 01:00:00;988,889890;63,299999
2025-01-15 01:00:00;2025-01-15 02:00:00;824,807462;64,830002
2025-01-15 02:00:00;2025-01-15 03:00:00;702,319007;77,540001
2025-01-15 03:00:00;2025-01-15 04:00:00;622,324642;105,349998
2025-01-15 04:00:00;2025-01-15 05:00:00;526,750951;114,919998
2025-01-15 05:00:00;2025-01-15 06:00:00;437,103167;133,490005
2025-01-15 06:00:00;2025-01-15 07:00:00;378,167182;191,789993
2025-01-15 07:00:00;2025-01-15 08:00:00;339,732186;307,239990
2025-01-15 08:00:00;2025-01-15 09:00:00;126,791540;315,019989
2025-01-15 09:00:00;2025-01-15 10:00:00;31,334774;311,029999
2025-01-15 10:00:00;2025-01-15 11:00:00;17,535890;304,799988
2025-01-15 11:00:00;2025-01-15 12:00:00;117,383701;311,019989
2025-01-15 12:00:00;2025-01-15 13:00:00;212,247252;309,339996
2025-01-15 13:00:00;2025-01-15 14:00:00;322,797082;285,829987
2025-01-15 14:00:00;2025-01-15 15:00:00;557,794734;262,480011
2025-01-15 15:00:00;2025-01-15 16:00:00;578,974254;260,470001
2025-01-15 16:00:00;2025-01-15 17:00:00;596,970273;295,250000
2025-01-15 17:00:00;2025-01-15 18:00:00;663,504710;270,019989
2025-01-15 18:00:00;2025-01-15 19:00:00;735,969314;223,250000
2025-01-15 19:00:00;2025-01-15 20:00:00;721,667540;171,240005
2025-01-15 20:00:00;2025-01-15 21:00:00;813,541022;129,300003
2025-01-15 21:00:00;2025-01-15 22:00:00;795,041920;133,490005
2025-01-15 22:00:00;2025-01-15 23:00:00;836,697543;88,550003
2025-01-15 23:00:00;2025-01-16 00:00:00;1035,881537;124,820000
2025-01-16 00:00:00;2025-01-16 01:00:00;685,599955;110,779999
2025-01-16 01:00:00;2025-01-16 02:00:00;645,434132;96,070000
2025-01-16 02:00:00;2025-01-16 03:00:00;666,792327;58,610001
2025-01-16 03:00:00;2025-01-16 04:00:00;611,909152;58,250000
2025-01-16 04:00:00;2025-01-16 05:00:00;490,386914;67,099998
2025-01-16 05:00:00;2025-01-16 06:00:00;470,447212;102,660004
2025-01-16 06:00:00;2025-01-16 07:00:00;638,338206;125,790001
2025-01-16 07:00:00;2025-01-16 08:00:00;718,800814;150,100006
2025-01-16 08:00:00;2025-01-16 09:00:00;805,028701;141,919998
2025-01-16 09:00:00;2025-01-16 10:00:00;788,616867;119,000000
2025-01-16 10:00:00;2025-01-16 11:00:00;764,321764;74,010002
2025-01-16 11:00:00;2025-01-16 12:00:00;698,507724;70,540001
2025-01-16 12:00:00;2025-01-16 13:00:00;687,396692;67,970001
2025-01-16 13:00:00;2025-01-16 14:00:00;635,548883;70,470001
2025-01-16 14:00:00;2025-01-16 15:00:00;592,677363;86,849998
2025-01-16 15:00:00;2025-01-16 16:00:00;717,982370;135,080002
2025-01-16 16:00:00;2025-01-16 17:00:00;629,454943;161,000000
2025-01-16 17:00:00;2025-01-16 18:00:00;798,904140;159,529999
2025-01-16 18:00:00;2025-01-16 19:00:00;806,010791;88,519997
2025-01-16 19:00:00;2025-01-16 20:00:00;923,300124;76,589996
2025-01-16 20:00:00;2025-01-16 21:00:00;1033,834512;69,550003
2025-01-16 21:00:00;2025-01-16 22:00:00;975,732701;68,849998
2025-01-16 22:00:00;2025-01-16 23:00:00;1095,909615;63,490002
2025-01-16 23:00:00;2025-01-17 00:00:00;1015,409349;55,590000
2025-01-17 00:00:00;2025-01-17 01:00:00;957,463672;57,740002
2025-01-17 01:00:00;2025-01-17 02:00:00;781,137856;60,490002
2025-01-17 02:00:00;2025-01-17 03:00:00;764,951563;60,470001
2025-01-17 03:00:00;2025-01-17 04:00:00;702,108050;64,059998
2025-01-17 04:00:00;2025-01-17 05:00:00;663,367758;69,940002
2025-01-17 05:00:00;2025-01-17 06:00:00;668,191032;94,870003
2025-01-17 06:00:00;2025-01-17 07:00:00;710,049428;108,519997
2025-01-17 07:00:00;2025-01-17 08:00:00;742,083409;105,949997
2025-01-17 08:00:00;2025-01-17 09:00:00;815,587418;96,599998
2025-01-17 09:00:00;2025-01-17 10:00:00;897,169367;77,669998
2025-01-17 10:00:00;2025-01-17 11:00:00;885,301284;69,430000
2025-01-17 11:00:00;2025-01-17 12:00:00;844,050242;64,820000
2025-01-17 12:00:00;2025-01-17 13:00:00;784,267466;63,759998
2025-01-17 13:00:00;2025-01-17 14:00:00;811,037580;67,790001
2025-01-17 14:00:00;2025-01-17 15:00:00;809,983848;74,519997
2025-01-17 15:00:00;2025-01-17 16:00:00;757,135695;92,010002
2025-01-17 16:00:00;2025-01-17 17:00:00;746,005214;167,500000
2025-01-17 17:00:00;2025-01-17 18:00:00;680,690150;174,990005
2025-01-17 18:00:00;2025-01-17 19:00:00;546,114615;167,710007
2025-01-17 19:00:00;2025-01-17 20:00:00;549,236155;146,449997
2025-01-17 20:00:00;2025-01-17 21:00:00;626,256322;136,869995
2025-01-17 21:00:00;2025-01-17 22:00:00;648,742039;119,169998
2025-01-17 22:00:00;2025-01-17 23:00:00;633,678743;103,480003
2025-01-17 23:00:00;2025-01-18 00:00:00;440,729686;124,949997
2025-01-18 00:00:00;2025-01-18 01:00:00;354,264556;121,050003
2025-01-18 01:00:00;2025-01-18 02:00:00;450,216919;120,980003
2025-01-18 02:00:00;2025-01-18 03:00:00;383,765881;118,849998
2025-01-18 03:00:00;2025-01-18 04:00:00;440,710808;116,300003
2025-01-18 04:00:00;2025-01-18 05:00:00;472,642272;119,769997
2025-01-18 05:00:00;2025-01-18 06:00:00;477,454400;119,519997
2025-01-18 06:00:00;2025-01-18 07:00:00;455,252540;105,089996
2025-01-18 07:00:00;2025-01-18 08:00:00;390,732772;138,589996
2025-01-18 08:00:00;2025-01-18 09:00:00;345,551961;144,100006
2025-01-18 09:00:00;2025-01-18 10:00:00;270,691494;131,210007
2025-01-18 10:00:00;2025-01-18 11:00:00;177,912431;121,559998
2025-01-18 11:00:00;2025-01-18 12:00:00;179,395508;118,870003
2025-01-18 12:00:00;2025-01-18 13:00:00;155,444758;115,010002
2025-01-18 13:00:00;2025-01-18 14:00:00;147,151705;119,320000
2025-01-18 14:00:00;2025-01-18 15:00:00;171,321723;133,320007
2025-01-18 15:00:00;2025-01-18 16:00:00;184,903604;149,710007
2025-01-18 16:00:00;2025-01-18 17:00:00;154,907875;164,589996
2025-01-18 17:00:00;2025-01-18 18:00:00;126,133895;167,570007
2025-01-18 18:00:00;2025-01-18 19:00:00;131,366074;167,850006
2025-01-18 19:00:00;2025-01-18 20:00:00;129,562234;156,119995
2025-01-18 20:00:00;2025-01-18 21:00:00;125,276804;143,419998
2025-01-18 21:00:00;2025-01-18 22:00:00;118,514103;136,399994
2025-01-18 22:00:00;2025-01-18 23:00:00;99,751329;129,360001
2025-01-18 23:00:00;2025-01-19 00:00:00;85,403481;129,729996
2025-01-19 00:00:00;2025-01-19 01:00:00;72,121900;124,199997
2025-01-19 01:00:00;2025-01-19 02:00:00;50,580333;123,050003
2025-01-19 02:00:00;2025-01-19 03:00:00;36,586918;121,239998
2025-01-19 03:00:00;2025-01-19 04:00:00;48,840931;120,180000
2025-01-19 04:00:00;2025-01-19 05:00:00;72,272115;120,000000
2025-01-19 05:00:00;2025-01-19 06:00:00;70,435220;121,570000
2025-01-19 06:00:00;2025-01-19 07:00:00;68,696881;123,330002
2025-01-19 07:00:00;2025-01-19 08:00:00;75,600826;123,599998
2025-01-19 08:00:00;2025-01-19 09:00:00;89,604064;125,160004
2025-01-19 09:00:00;2025-01-19 10:00:00;89,293684;125,190002
2025-01-19 10:00:00;2025-01-19 11:00:00;87,075581;121,559998
2025-01-19 11:00:00;2025-01-19 12:00:00;121,290779;112,250000
2025-01-19 12:00:00;2025-01-19 13:00:00;154,881799;107,510002
2025-01-19 13:00:00;2025-01-19 14:00:00;131,343230;116,809998
2025-01-19 14:00:00;2025-01-19 15:00:00;96,059818;126,290001
2025-01-19 15:00:00;2025-01-19 16:00:00;106,345629;140,149994
2025-01-19 16:00:00;2025-01-19 17:00:00;129,296673;149,669998
2025-01-19 17:00:00;2025-01-19 18:00:00;119,092360;159,039993
2025-01-19 18:00:00;2025-01-19 19:00:00;114,936104;156,600006
2025-01-19 19:00:00;2025-01-19 20:00:00;149,114693;149,059998
2025-01-19 20:00:00;2025-01-19 21:00:00;141,592837;139,259995
2025-01-19 21:00:00;2025-01-19 22:00:00;95,537148;130,990005
2025-01-19 22:00:00;2025-01-19 23:00:00;78,961162;122,940002
2025-01-19 23:00:00;2025-01-20 00:00:00;113,565624;122,269997
2025-01-20 00:00:00;2025-01-20 01:00:00;156,654453;119,440002
2025-01-20 01:00:00;2025-01-20 02:00:00;131,408845;116,559998
2025-01-20 02:00:00;2025-01-20 03:00:00;101,049955;114,410004
2025-01-20 03:00:00;2025-01-20 04:00:00;111,957779;115,449997
2025-01-20 04:00:00;2025-01-20 05:00:00;127,068936;127,540001
2025-01-20 05:00:00;2025-01-20 06:00:00;120,368700;161,710007
2025-01-20 06:00:00;2025-01-20 07:00:00;154,620000;276,480011
2025-01-20 07:00:00;2025-01-20 08:00:00;165,134000;431,989990
2025-01-20 08:00:00;2025-01-20 09:00:00;137,684800;291,700012
2025-01-20 09:00:00;2025-01-20 10:00:00;161,275200;236,289993
2025-01-20 10:00:00;2025-01-20 11:00:00;143,359600;187,479996
2025-01-20 11:00:00;2025-01-20 12:00:00;147,966400;176,000000
2025-01-20 12:00:00;2025-01-20 13:00:00;118,112564;171,389999
2025-01-20 13:00:00;2025-01-20 14:00:00;127,418803;192,729996
2025-01-20 14:00:00;2025-01-20 15:00:00;166,475333;277,170013
2025-01-20 15:00:00;2025-01-20 16:00:00;213,381745;402,119995
2025-01-20 16:00:00;2025-01-20 17:00:00;185,130884;583,400024
2025-01-20 17:00:00;2025-01-20 18:00:00;133,485966;473,279999
2025-01-20 18:00:00;2025-01-20 19:00:00;142,128664;295,570007
2025-01-20 19:00:00;2025-01-20 20:00:00;176,517473;220,000000
2025-01-20 20:00:00;2025-01-20 21:00:00;219,943577;170,000000
2025-01-20 21:00:00;2025-01-20 22:00:00;214,641395;152,509995
2025-01-20 22:00:00;2025-01-20 23:00:00;222,123494;137,979996
2025-01-20 23:00:00;2025-01-21 00:00:00;270,529136;127,519997
2025-01-21 00:00:00;2025-01-21 01:00:00;334,027196;121,650002
2025-01-21 01:00:00;2025-01-21 02:00:00;243,988934;116,669998
2025-01-21 02:00:00;2025-01-21 03:00:00;219,594655;113,860001
2025-01-21 03:00:00;2025-01-21 04:00:00;246,279250;111,489998
2025-01-21 04:00:00;2025-01-21 05:00:00;396,411103;106,599998
2025-01-21 05:00:00;2025-01-21 06:00:00;460,576791;106,970001
2025-01-21 06:00:00;2025-01-21 07:00:00;572,169683;165,350006
2025-01-21 07:00:00;2025-01-21 08:00:00;609,026134;209,500000
2025-01-21 08:00:00;2025-01-21 09:00:00;796,972811;210,330002
2025-01-21 09:00:00;2025-01-21 10:00:00;851,663721;198,050003
2025-01-21 10:00:00;2025-01-21 11:00:00;966,220021;161,500000
2025-01-21 11:00:00;2025-01-21 12:00:00;1085,775321;147,440002
2025-01-21 12:00:00;2025-01-21 13:00:00;1041,309816;142,830002
2025-01-21 13:00:00;2025-01-21 14:00:00;1037,335807;150,050003
2025-01-21 14:00:00;2025-01-21 15:00:00;912,179608;173,429993
2025-01-21 15:00:00;2025-01-21 16:00:00;787,159443;202,389999
2025-01-21 16:00:00;2025-01-21 17:00:00;859,384768;282,519989
2025-01-21 17:00:00;2025-01-21 18:00:00;843,471019;243,960007
2025-01-21 18:00:00;2025-01-21 19:00:00;637,122956;199,940002
2025-01-21 19:00:00;2025-01-21 20:00:00;533,195995;174,839996
2025-01-21 20:00:00;2025-01-21 21:00:00;511,213688;155,190002
2025-01-21 21:00:00;2025-01-21 22:00:00;501,771335;138,600006
2025-01-21 22:00:00;2025-01-21 23:00:00;535,230289;109,699997
2025-01-21 23:00:00;2025-01-22 00:00:00;706,520819;106,889999
2025-01-22 00:00:00;2025-01-22 01:00:00;699,057656;101,529999
2025-01-22 01:00:00;2025-01-22 02:00:00;616,017586;105,019997
2025-01-22 02:00:00;2025-01-22 03:00:00;646,822288;103,860001
2025-01-22 03:00:00;2025-01-22 04:00:00;602,945112;93,750000
2025-01-22 04:00:00;2025-01-22 05:00:00;469,709410;107,449997
2025-01-22 05:00:00;2025-01-22 06:00:00;469,749932;129,029999
2025-01-22 06:00:00;2025-01-22 07:00:00;485,971694;195,470001
2025-01-22 07:00:00;2025-01-22 08:00:00;430,401038;238,600006
2025-01-22 08:00:00;2025-01-22 09:00:00;470,159921;199,410004
2025-01-22 09:00:00;2025-01-22 10:00:00;394,972476;179,059998
2025-01-22 10:00:00;2025-01-22 11:00:00;369,573959;172,940002
2025-01-22 11:00:00;2025-01-22 12:00:00;333,493109;165,000000
2025-01-22 12:00:00;2025-01-22 13:00:00;334,554481;170,000000
2025-01-22 13:00:00;2025-01-22 14:00:00;259,033820;179,919998
2025-01-22 14:00:00;2025-01-22 15:00:00;213,739429;195,669998
2025-01-22 15:00:00;2025-01-22 16:00:00;269,886920;199,039993
2025-01-22 16:00:00;2025-01-22 17:00:00;473,047691;208,990005
2025-01-22 17:00:00;2025-01-22 18:00:00;700,101236;180,429993
2025-01-22 18:00:00;2025-01-22 19:00:00;818,962294;167,080002
2025-01-22 19:00:00;2025-01-22 20:00:00;753,746623;134,490005
2025-01-22 20:00:00;2025-01-22 21:00:00;797,982501;127,779999
2025-01-22 21:00:00;2025-01-22 22:00:00;757,702517;128,089996
2025-01-22 22:00:00;2025-01-22 23:00:00;655,969413;113,129997
2025-01-22 23:00:00;2025-01-23 00:00:00;614,947440;112,800003
2025-01-23 00:00:00;2025-01-23 01:00:00;549,553867;108,879997
2025-01-23 01:00:00;2025-01-23 02:00:00;510,299191;105,580002
2025-01-23 02:00:00;2025-01-23 03:00:00;473,641911;100,010002
2025-01-23 03:00:00;2025-01-23 04:00:00;327,688398;97,589996
2025-01-23 04:00:00;2025-01-23 05:00:00;196,098752;100,010002
2025-01-23 05:00:00;2025-01-23 06:00:00;190,664061;106,410004
2025-01-23 06:00:00;2025-01-23 07:00:00;294,142810;136,600006
2025-01-23 07:00:00;2025-01-23 08:00:00;582,175404;159,029999
2025-01-23 08:00:00;2025-01-23 09:00:00;660,549072;155,419998
2025-01-23 09:00:00;2025-01-23 10:00:00;659,151591;130,940002
2025-01-23 10:00:00;2025-01-23 11:00:00;741,402498;116,099998
2025-01-23 11:00:00;2025-01-23 12:00:00;862,067720;94,750000
2025-01-23 12:00:00;2025-01-23 13:00:00;987,874617;83,459999
2025-01-23 13:00:00;2025-01-23 14:00:00;1102,446633;72,349998
2025-01-23 14:00:00;2025-01-23 15:00:00;1119,471345;67,599998
2025-01-23 15:00:00;2025-01-23 16:00:00;1236,385831;83,690002
2025-01-23 16:00:00;2025-01-23 17:00:00;1191,117149;91,190002
2025-01-23 17:00:00;2025-01-23 18:00:00;1163,528535;85,089996
2025-01-23 18:00:00;2025-01-23 19:00:00;1040,412191;77,879997
2025-01-23 19:00:00;2025-01-23 20:00:00;976,860812;65,169998
2025-01-23 20:00:00;2025-01-23 21:00:00;855,473586;57,419998
2025-01-23 21:00:00;2025-01-23 22:00:00;884,658884;55,950001
2025-01-23 22:00:00;2025-01-23 23:00:00;930,294465;44,560001
2025-01-23 23:00:00;2025-01-24 00:00:00;1061,723078;37,279999
2025-01-24 00:00:00;2025-01-24 01:00:00;1157,262263;40,000000
2025-01-24 01:00:00;2025-01-24 02:00:00;1294,821128;41,540001
2025-01-24 02:00:00;2025-01-24 03:00:00;1260,966790;37,740002
2025-01-24 03:00:00;2025-01-24 04:00:00;1165,908802;36,110001
2025-01-24 04:00:00;2025-01-24 05:00:00;1275,246797;36,880001
2025-01-24 05:00:00;2025-01-24 06:00:00;1310,620016;40,709999
2025-01-24 06:00:00;2025-01-24 07:00:00;1331,769183;70,279999
2025-01-24 07:00:00;2025-01-24 08:00:00;1333,674603;80,059998
2025-01-24 08:00:00;2025-01-24 09:00:00;1332,148371;59,529999
2025-01-24 09:00:00;2025-01-24 10:00:00;1339,081605;47,060001
2025-01-24 10:00:00;2025-01-24 11:00:00;1341,121959;41,830002
2025-01-24 11:00:00;2025-01-24 12:00:00;1342,014725;37,150002
2025-01-24 12:00:00;2025-01-24 13:00:00;1328,211185;25,120001
2025-01-24 13:00:00;2025-01-24 14:00:00;1319,950682;23,180000
2025-01-24 14:00:00;2025-01-24 15:00:00;1339,658874;23,389999
2025-01-24 15:00:00;2025-01-24 16:00:00;1331,285797;20,000000
2025-01-24 16:00:00;2025-01-24 17:00:00;1339,150732;26,900000
2025-01-24 17:00:00;2025-01-24 18:00:00;1334,832675;28,660000
2025-01-24 18:00:00;2025-01-24 19:00:00;1311,003848;20,620001
2025-01-24 19:00:00;2025-01-24 20:00:00;1323,665144;21,100000
2025-01-24 20:00:00;2025-01-24 21:00:00;1322,556389;20,000000
2025-01-24 21:00:00;2025-01-24 22:00:00;1345,187939;13,100000
2025-01-24 22:00:00;2025-01-24 23:00:00;1348,128585;10,120000
2025-01-24 23:00:00;2025-01-25 00:00:00;1345,248144;16,920000
2025-01-25 00:00:00;2025-01-25 01:00:00;1343,484857;21,219999
2025-01-25 01:00:00;2025-01-25 02:00:00;1341,695685;19,889999
2025-01-25 02:00:00;2025-01-25 03:00:00;1342,841714;27,260000
2025-01-25 03:00:00;2025-01-25 04:00:00;1344,836008;24,590000
2025-01-25 04:00:00;2025-01-25 05:00:00;1342,630764;21,209999
2025-01-25 05:00:00;2025-01-25 06:00:00;1322,188734;29,799999
2025-01-25 06:00:00;2025-01-25 07:00:00;1332,147642;47,139999
2025-01-25 07:00:00;2025-01-25 08:00:00;1338,760689;59,900002
2025-01-25 08:00:00;2025-01-25 09:00:00;1324,639272;66,639999
2025-01-25 09:00:00;2025-01-25 10:00:00;1295,209552;79,169998
2025-01-25 10:00:00;2025-01-25 11:00:00;1003,118711;72,269997
2025-01-25 11:00:00;2025-01-25 12:00:00;1090,999889;81,820000
2025-01-25 12:00:00;2025-01-25 13:00:00;1100,333856;81,980003
2025-01-25 13:00:00;2025-01-25 14:00:00;1301,033050;85,089996
2025-01-25 14:00:00;2025-01-25 15:00:00;1321,695767;103,540001
2025-01-25 15:00:00;2025-01-25 16:00:00;1222,361332;124,110001
2025-01-25 16:00:00;2025-01-25 17:00:00;1227,071236;138,600006
2025-01-25 17:00:00;2025-01-25 18:00:00;1213,503789;147,100006
2025-01-25 18:00:00;2025-01-25 19:00:00;1228,995219;144,350006
2025-01-25 19:00:00;2025-01-25 20:00:00;1268,825196;130,750000
2025-01-25 20:00:00;2025-01-25 21:00:00;1248,998750;126,750000
2025-01-25 21:00:00;2025-01-25 22:00:00;1162,949608;124,500000
2025-01-25 22:00:00;2025-01-25 23:00:00;961,984948;114,989998
2025-01-25 23:00:00;2025-01-26 00:00:00;721,297664;126,209999
2025-01-26 00:00:00;2025-01-26 01:00:00;541,590605;115,790001
2025-01-26 01:00:00;2025-01-26 02:00:00;406,103116;111,300003
2025-01-26 02:00:00;2025-01-26 03:00:00;235,402048;106,849998
2025-01-26 03:00:00;2025-01-26 04:00:00;89,949282;105,430000
2025-01-26 04:00:00;2025-01-26 05:00:00;73,442334;103,059998
2025-01-26 05:00:00;2025-01-26 06:00:00;125,000442;99,430000
2025-01-26 06:00:00;2025-01-26 07:00:00;169,265615;105,820000
2025-01-26 07:00:00;2025-01-26 08:00:00;245,963334;108,360001
2025-01-26 08:00:00;2025-01-26 09:00:00;199,470587;118,510002
2025-01-26 09:00:00;2025-01-26 10:00:00;122,685519;105,510002
2025-01-26 10:00:00;2025-01-26 11:00:00;132,870888;102,570000
2025-01-26 11:00:00;2025-01-26 12:00:00;170,492301;96,730003
2025-01-26 12:00:00;2025-01-26 13:00:00;348,463744;90,019997
2025-01-26 13:00:00;2025-01-26 14:00:00;388,625377;92,519997
2025-01-26 14:00:00;2025-01-26 15:00:00;349,042971;111,629997
2025-01-26 15:00:00;2025-01-26 16:00:00;466,155097;125,919998
2025-01-26 16:00:00;2025-01-26 17:00:00;477,992250;132,770004
2025-01-26 17:00:00;2025-01-26 18:00:00;447,356550;109,650002
2025-01-26 18:00:00;2025-01-26 19:00:00;395,083552;82,510002
2025-01-26 19:00:00;2025-01-26 20:00:00;589,478577;69,510002
2025-01-26 20:00:00;2025-01-26 21:00:00;836,333136;59,340000
2025-01-26 21:00:00;2025-01-26 22:00:00;899,823387;43,279999
2025-01-26 22:00:00;2025-01-26 23:00:00;924,783381;23,889999
2025-01-26 23:00:00;2025-01-27 00:00:00;937,963273;39,119999
2025-01-27 00:00:00;2025-01-27 01:00:00;994,278998;35,259998
2025-01-27 01:00:00;2025-01-27 02:00:00;1096,094987;26,379999
2025-01-27 02:00:00;2025-01-27 03:00:00;1253,311733;14,070000
2025-01-27 03:00:00;2025-01-27 04:00:00;1292,317688;10,100000
2025-01-27 04:00:00;2025-01-27 05:00:00;1331,552348;21,520000
2025-01-27 05:00:00;2025-01-27 06:00:00;1341,035540;33,400002
2025-01-27 06:00:00;2025-01-27 07:00:00;1346,666725;51,349998
2025-01-27 07:00:00;2025-01-27 08:00:00;1333,782434;60,490002
2025-01-27 08:00:00;2025-01-27 09:00:00;1008,212030;38,560001
2025-01-27 09:00:00;2025-01-27 10:00:00;999,469441;40,759998
2025-01-27 10:00:00;2025-01-27 11:00:00;997,357974;36,939999
2025-01-27 11:00:00;2025-01-27 12:00:00;990,313712;34,189999
2025-01-27 12:00:00;2025-01-27 13:00:00;994,786957;35,919998
2025-01-27 13:00:00;2025-01-27 14:00:00;1006,279519;39,970001
2025-01-27 14:00:00;2025-01-27 15:00:00;995,031335;47,169998
2025-01-27 15:00:00;2025-01-27 16:00:00;1075,385999;50,000000
2025-01-27 16:00:00;2025-01-27 17:00:00;1065,330362;54,060001
2025-01-27 17:00:00;2025-01-27 18:00:00;1053,028115;54,310001
2025-01-27 18:00:00;2025-01-27 19:00:00;1004,566674;50,310001
2025-01-27 19:00:00;2025-01-27 20:00:00;1042,827067;45,279999
2025-01-27 20:00:00;2025-01-27 21:00:00;1040,445186;40,459999
2025-01-27 21:00:00;2025-01-27 22:00:00;792,228130;38,529999
2025-01-27 22:00:00;2025-01-27 23:00:00;981,062834;37,630001
2025-01-27 23:00:00;2025-01-28 00:00:00;1035,532008;38,889999
2025-01-28 00:00:00;2025-01-28 01:00:00;1080,511118;38,029999
2025-01-28 01:00:00;2025-01-28 02:00:00;1114,211421;35,700001
2025-01-28 02:00:00;2025-01-28 03:00:00;1022,999362;38,049999
2025-01-28 03:00:00;2025-01-28 04:00:00;1169,963363;40,860001
2025-01-28 04:00:00;2025-01-28 05:00:00;1132,862305;42,619999
2025-01-28 05:00:00;2025-01-28 06:00:00;945,282191;57,450001
2025-01-28 06:00:00;2025-01-28 07:00:00;940,616077;105,870003
2025-01-28 07:00:00;2025-01-28 08:00:00;1179,776653;118,860001
2025-01-28 08:00:00;2025-01-28 09:00:00;1016,131659;115,000000
2025-01-28 09:00:00;2025-01-28 10:00:00;787,290891;112,870003
2025-01-28 10:00:00;2025-01-28 11:00:00;680,587478;108,830002
2025-01-28 11:00:00;2025-01-28 12:00:00;720,200254;107,089996
2025-01-28 12:00:00;2025-01-28 13:00:00;639,157555;108,989998
2025-01-28 13:00:00;2025-01-28 14:00:00;523,789978;112,709999
2025-01-28 14:00:00;2025-01-28 15:00:00;638,789414;125,169998
2025-01-28 15:00:00;2025-01-28 16:00:00;666,581163;130,279999
2025-01-28 16:00:00;2025-01-28 17:00:00;693,719801;139,720001
2025-01-28 17:00:00;2025-01-28 18:00:00;754,186431;120,500000
2025-01-28 18:00:00;2025-01-28 19:00:00;702,938886;110,139999
2025-01-28 19:00:00;2025-01-28 20:00:00;549,211229;85,400002
2025-01-28 20:00:00;2025-01-28 21:00:00;406,934455;72,089996
2025-01-28 21:00:00;2025-01-28 22:00:00;507,701559;62,020000
2025-01-28 22:00:00;2025-01-28 23:00:00;450,614820;50,840000
2025-01-28 23:00:00;2025-01-29 00:00:00;424,643613;87,720001
2025-01-29 00:00:00;2025-01-29 01:00:00;576,816125;83,389999
2025-01-29 01:00:00;2025-01-29 02:00:00;557,183181;78,160004
2025-01-29 02:00:00;2025-01-29 03:00:00;473,801548;75,639999
2025-01-29 03:00:00;2025-01-29 04:00:00;449,014974;75,809998
2025-01-29 04:00:00;2025-01-29 05:00:00;572,454534;80,470001
2025-01-29 05:00:00;2025-01-29 06:00:00;503,669730;92,860001
2025-01-29 06:00:00;2025-01-29 07:00:00;374,380743;141,419998
2025-01-29 07:00:00;2025-01-29 08:00:00;285,795001;142,539993
2025-01-29 08:00:00;2025-01-29 09:00:00;230,394565;130,449997
2025-01-29 09:00:00;2025-01-29 10:00:00;239,753953;105,050003
2025-01-29 10:00:00;2025-01-29 11:00:00;161,850830;89,250000
2025-01-29 11:00:00;2025-01-29 12:00:00;143,432962;85,000000
2025-01-29 12:00:00;2025-01-29 13:00:00;124,884484;85,529999
2025-01-29 13:00:00;2025-01-29 14:00:00;91,280786;87,669998
2025-01-29 14:00:00;2025-01-29 15:00:00;126,331320;102,750000
2025-01-29 15:00:00;2025-01-29 16:00:00;371,480593;132,300003
2025-01-29 16:00:00;2025-01-29 17:00:00;498,440647;149,570007
2025-01-29 17:00:00;2025-01-29 18:00:00;527,295602;150,089996
2025-01-29 18:00:00;2025-01-29 19:00:00;536,826436;138,639999
2025-01-29 19:00:00;2025-01-29 20:00:00;493,650785;109,160004
2025-01-29 20:00:00;2025-01-29 21:00:00;388,827350;102,919998
2025-01-29 21:00:00;2025-01-29 22:00:00;372,580866;107,110001
2025-01-29 22:00:00;2025-01-29 23:00:00;385,782903;99,330002
2025-01-29 23:00:00;2025-01-30 00:00:00;492,534469;85,150002
2025-01-30 00:00:00;2025-01-30 01:00:00;639,240193;83,889999
2025-01-30 01:00:00;2025-01-30 02:00:00;680,428601;80,000000
2025-01-30 02:00:00;2025-01-30 03:00:00;762,761609;76,190002
2025-01-30 03:00:00;2025-01-30 04:00:00;903,868199;76,320000
2025-01-30 04:00:00;2025-01-30 05:00:00;977,764830;94,519997
2025-01-30 05:00:00;2025-01-30 06:00:00;965,234670;112,510002
2025-01-30 06:00:00;2025-01-30 07:00:00;975,384671;130,089996
2025-01-30 07:00:00;2025-01-30 08:00:00;1083,300183;143,919998
2025-01-30 08:00:00;2025-01-30 09:00:00;1057,214318;138,270004
2025-01-30 09:00:00;2025-01-30 10:00:00;1194,350782;125,010002
2025-01-30 10:00:00;2025-01-30 11:00:00;948,351470;107,389999
2025-01-30 11:00:00;2025-01-30 12:00:00;885,276926;107,690002
2025-01-30 12:00:00;2025-01-30 13:00:00;776,458700;109,570000
2025-01-30 13:00:00;2025-01-30 14:00:00;760,735309;123,389999
2025-01-30 14:00:00;2025-01-30 15:00:00;838,229684;140,740005
2025-01-30 15:00:00;2025-01-30 16:00:00;769,089612;146,029999
2025-01-30 16:00:00;2025-01-30 17:00:00;866,663077;172,860001
2025-01-30 17:00:00;2025-01-30 18:00:00;926,783927;166,460007
2025-01-30 18:00:00;2025-01-30 19:00:00;964,979522;152,089996
2025-01-30 19:00:00;2025-01-30 20:00:00;919,125869;140,710007
2025-01-30 20:00:00;2025-01-30 21:00:00;791,481696;126,070000
2025-01-30 21:00:00;2025-01-30 22:00:00;982,657593;119,230003
2025-01-30 22:00:00;2025-01-30 23:00:00;946,793402;109,849998
2025-01-30 23:00:00;2025-01-31 00:00:00;874,028690;107,879997
2025-01-31 00:00:00;2025-01-31 01:00:00;703,645637;94,940002
2025-01-31 01:00:00;2025-01-31 02:00:00;728,732632;94,900002
2025-01-31 02:00:00;2025-01-31 03:00:00;768,729647;93,699997
2025-01-31 03:00:00;2025-01-31 04:00:00;781,686186;81,430000
2025-01-31 04:00:00;2025-01-31 05:00:00;819,768525;74,379997
2025-01-31 05:00:00;2025-01-31 06:00:00;794,296649;104,019997
2025-01-31 06:00:00;2025-01-31 07:00:00;783,581617;153,979996
2025-01-31 07:00:00;2025-01-31 08:00:00;792,715402;163,699997
2025-01-31 08:00:00;2025-01-31 09:00:00;772,768368;154,820007
2025-01-31 09:00:00;2025-01-31 10:00:00;763,838640;130,100006
2025-01-31 10:00:00;2025-01-31 11:00:00;797,434717;126,199997
2025-01-31 11:00:00;2025-01-31 12:00:00;819,474330;120,059998
2025-01-31 12:00:00;2025-01-31 13:00:00;637,658949;121,190002
2025-01-31 13:00:00;2025-01-31 14:00:00;420,975362;119,760002
2025-01-31 14:00:00;2025-01-31 15:00:00;448,561333;149,869995
2025-01-31 15:00:00;2025-01-31 16:00:00;416,748059;168,259995
2025-01-31 16:00:00;2025-01-31 17:00:00;404,290650;185,259995
2025-01-31 17:00:00;2025-01-31 18:00:00;433,180416;184,479996
2025-01-31 18:00:00;2025-01-31 19:00:00;471,285191;178,990005
2025-01-31 19:00:00;2025-01-31 20:00:00;442,021959;162,660004
2025-01-31 20:00:00;2025-01-31 21:00:00;500,160632;152,699997
2025-01-31 21:00:00;2025-01-31 22:00:00;361,774423;144,309998
2025-01-31 22:00:00;2025-01-31 23:00:00;377,672637;131,410004
2025-01-31 23:00:00;2025-02-01 00:00:00;305,281954;136,929993
2025-02-01 00:00:00;2025-02-01 01:00:00;219,008306;128,910004
2025-02-01 01:00:00;2025-02-01 02:00:00;234,092473;124,239998
2025-02-01 02:00:00;2025-02-01 03:00:00;182,722056;119,120003
2025-02-01 03:00:00;2025-02-01 04:00:00;152,772774;110,459999
2025-02-01 04:00:00;2025-02-01 05:00:00;120,489024;99,410004
2025-02-01 05:00:00;2025-02-01 06:00:00;99,772157;116,400002
2025-02-01 06:00:00;2025-02-01 07:00:00;80,605687;125,459999
2025-02-01 07:00:00;2025-02-01 08:00:00;67,753346;147,649994
2025-02-01 08:00:00;2025-02-01 09:00:00;26,805000;142,440002
2025-02-01 09:00:00;2025-02-01 10:00:00;25,797600;128,399994
2025-02-01 10:00:00;2025-02-01 11:00:00;21,083200;120,080002
2025-02-01 11:00:00;2025-02-01 12:00:00;20,365209;110,290001
2025-02-01 12:00:00;2025-02-01 13:00:00;9,415356;103,400002
2025-02-01 13:00:00;2025-02-01 14:00:00;17,621843;113,699997
2025-02-01 14:00:00;2025-02-01 15:00:00;3,936554;128,100006
2025-02-01 15:00:00;2025-02-01 16:00:00;9,983623;152,110001
2025-02-01 16:00:00;2025-02-01 17:00:00;6,508615;166,350006
2025-02-01 17:00:00;2025-02-01 18:00:00;9,405811;167,509995
2025-02-01 18:00:00;2025-02-01 19:00:00;25,703850;162,979996
2025-02-01 19:00:00;2025-02-01 20:00:00;52,394048;155,949997
2025-02-01 20:00:00;2025-02-01 21:00:00;85,244371;145,240005
2025-02-01 21:00:00;2025-02-01 22:00:00;102,711134;141,729996
2025-02-01 22:00:00;2025-02-01 23:00:00;92,202588;131,740005
2025-02-01 23:00:00;2025-02-02 00:00:00;92,678486;133,259995
2025-02-02 00:00:00;2025-02-02 01:00:00;89,947555;126,910004
2025-02-02 01:00:00;2025-02-02 02:00:00;111,276924;122,989998
2025-02-02 02:00:00;2025-02-02 03:00:00;111,876768;120,660004
2025-02-02 03:00:00;2025-02-02 04:00:00;123,942426;122,339996
2025-02-02 04:00:00;2025-02-02 05:00:00;131,948684;123,410004
2025-02-02 05:00:00;2025-02-02 06:00:00;165,336887;128,089996
2025-02-02 06:00:00;2025-02-02 07:00:00;213,429726;135,899994
2025-02-02 07:00:00;2025-02-02 08:00:00;248,181021;137,300003
2025-02-02 08:00:00;2025-02-02 09:00:00;247,712456;137,699997
2025-02-02 09:00:00;2025-02-02 10:00:00;244,985023;130,039993
2025-02-02 10:00:00;2025-02-02 11:00:00;248,084214;129,330002
2025-02-02 11:00:00;2025-02-02 12:00:00;214,829090;122,239998
2025-02-02 12:00:00;2025-02-02 13:00:00;209,411531;111,879997
2025-02-02 13:00:00;2025-02-02 14:00:00;222,726289;116,419998
2025-02-02 14:00:00;2025-02-02 15:00:00;223,604893;127,970001
2025-02-02 15:00:00;2025-02-02 16:00:00;240,965630;151,210007
2025-02-02 16:00:00;2025-02-02 17:00:00;193,244009;164,029999
2025-02-02 17:00:00;2025-02-02 18:00:00;268,612006;172,490005
2025-02-02 18:00:00;2025-02-02 19:00:00;297,863080;173,949997
2025-02-02 19:00:00;2025-02-02 20:00:00;293,241432;165,059998
2025-02-02 20:00:00;2025-02-02 21:00:00;332,590707;145,929993
2025-02-02 21:00:00;2025-02-02 22:00:00;308,277775;123,150002
2025-02-02 22:00:00;2025-02-02 23:00:00;388,188664;121,699997
2025-02-02 23:00:00;2025-02-03 00:00:00;402,467892;125,300003
2025-02-03 00:00:00;2025-02-03 01:00:00;396,679657;126,629997
2025-02-03 01:00:00;2025-02-03 02:00:00;482,239863;124,720001
2025-02-03 02:00:00;2025-02-03 03:00:00;506,621146;120,040001
2025-02-03 03:00:00;2025-02-03 04:00:00;308,274594;110,910004
2025-02-03 04:00:00;2025-02-03 05:00:00;288,349375;116,900002
2025-02-03 05:00:00;2025-02-03 06:00:00;337,485604;159,179993
2025-02-03 06:00:00;2025-02-03 07:00:00;438,937108;207,880005
2025-02-03 07:00:00;2025-02-03 08:00:00;450,177144;243,229996
2025-02-03 08:00:00;2025-02-03 09:00:00;457,681686;178,039993
2025-02-03 09:00:00;2025-02-03 10:00:00;470,621337;149,949997
2025-02-03 10:00:00;2025-02-03 11:00:00;515,005126;126,050003
2025-02-03 11:00:00;2025-02-03 12:00:00;528,554758;117,269997
2025-02-03 12:00:00;2025-02-03 13:00:00;489,533859;115,290001
2025-02-03 13:00:00;2025-02-03 14:00:00;464,907592;124,180000
2025-02-03 14:00:00;2025-02-03 15:00:00;452,311644;144,740005
2025-02-03 15:00:00;2025-02-03 16:00:00;422,383891;170,710007
2025-02-03 16:00:00;2025-02-03 17:00:00;443,842078;216,000000
2025-02-03 17:00:00;2025-02-03 18:00:00;514,560252;200,729996
2025-02-03 18:00:00;2025-02-03 19:00:00;586,189898;200,789993
2025-02-03 19:00:00;2025-02-03 20:00:00;611,079701;167,149994
2025-02-03 20:00:00;2025-02-03 21:00:00;668,704734;143,580002
2025-02-03 21:00:00;2025-02-03 22:00:00;728,730105;122,160004
2025-02-03 22:00:00;2025-02-03 23:00:00;636,697190;93,510002
2025-02-03 23:00:00;2025-02-04 00:00:00;588,664602;118,669998
2025-02-04 00:00:00;2025-02-04 01:00:00;702,162780;120,570000
2025-02-04 01:00:00;2025-02-04 02:00:00;860,243789;110,309998
2025-02-04 02:00:00;2025-02-04 03:00:00;950,357980;97,500000
2025-02-04 03:00:00;2025-02-04 04:00:00;1108,579438;77,690002
2025-02-04 04:00:00;2025-02-04 05:00:00;1069,532011;80,529999
2025-02-04 05:00:00;2025-02-04 06:00:00;1167,864417;106,580002
2025-02-04 06:00:00;2025-02-04 07:00:00;1272,690384;155,199997
2025-02-04 07:00:00;2025-02-04 08:00:00;1267,963762;197,320007
2025-02-04 08:00:00;2025-02-04 09:00:00;1287,855719;150,600006
2025-02-04 09:00:00;2025-02-04 10:00:00;1287,191503;134,720001
2025-02-04 10:00:00;2025-02-04 11:00:00;1286,953494;112,919998
2025-02-04 11:00:00;2025-02-04 12:00:00;1272,775177;97,339996
2025-02-04 12:00:00;2025-02-04 13:00:00;1300,508882;86,059998
2025-02-04 13:00:00;2025-02-04 14:00:00;1289,676898;78,269997
2025-02-04 14:00:00;2025-02-04 15:00:00;1283,977348;80,760002
2025-02-04 15:00:00;2025-02-04 16:00:00;1287,899970;95,410004
2025-02-04 16:00:00;2025-02-04 17:00:00;1301,972238;99,910004
2025-02-04 17:00:00;2025-02-04 18:00:00;1326,905616;98,970001
2025-02-04 18:00:00;2025-02-04 19:00:00;1334,774814;86,070000
2025-02-04 19:00:00;2025-02-04 20:00:00;1267,697019;75,480003
2025-02-04 20:00:00;2025-02-04 21:00:00;1263,639857;67,930000
2025-02-04 21:00:00;2025-02-04 22:00:00;1269,473764;65,050003
2025-02-04 22:00:00;2025-02-04 23:00:00;1262,182390;52,790001
2025-02-04 23:00:00;2025-02-05 00:00:00;1092,755287;59,459999
2025-02-05 00:00:00;2025-02-05 01:00:00;1094,358219;58,419998
2025-02-05 01:00:00;2025-02-05 02:00:00;1090,789756;58,779999
2025-02-05 02:00:00;2025-02-05 03:00:00;1081,040124;58,490002
2025-02-05 03:00:00;2025-02-05 04:00:00;1169,643123;61,540001
2025-02-05 04:00:00;2025-02-05 05:00:00;1175,269896;75,930000
2025-02-05 05:00:00;2025-02-05 06:00:00;1144,905431;87,059998
2025-02-05 06:00:00;2025-02-05 07:00:00;1076,602951;98,769997
2025-02-05 07:00:00;2025-02-05 08:00:00;988,238864;107,519997
2025-02-05 08:00:00;2025-02-05 09:00:00;1014,517504;100,389999
2025-02-05 09:00:00;2025-02-05 10:00:00;901,413624;88,000000
2025-02-05 10:00:00;2025-02-05 11:00:00;854,241820;68,680000
2025-02-05 11:00:00;2025-02-05 12:00:00;893,524292;68,110001
2025-02-05 12:00:00;2025-02-05 13:00:00;858,345998;68,320000
2025-02-05 13:00:00;2025-02-05 14:00:00;817,053020;82,680000
2025-02-05 14:00:00;2025-02-05 15:00:00;732,282488;93,900002
2025-02-05 15:00:00;2025-02-05 16:00:00;833,547680;108,620003
2025-02-05 16:00:00;2025-02-05 17:00:00;614,582128;130,440002
2025-02-05 17:00:00;2025-02-05 18:00:00;579,868428;138,500000
2025-02-05 18:00:00;2025-02-05 19:00:00;552,909279;137,660004
2025-02-05 19:00:00;2025-02-05 20:00:00;486,812519;122,430000
2025-02-05 20:00:00;2025-02-05 21:00:00;423,112455;115,790001
2025-02-05 21:00:00;2025-02-05 22:00:00;370,959233;106,690002
2025-02-05 22:00:00;2025-02-05 23:00:00;473,207352;91,279999
2025-02-05 23:00:00;2025-02-06 00:00:00;486,056791;109,440002
2025-02-06 00:00:00;2025-02-06 01:00:00;423,412628;116,690002
2025-02-06 01:00:00;2025-02-06 02:00:00;330,931537;120,559998
2025-02-06 02:00:00;2025-02-06 03:00:00;352,928125;122,639999
2025-02-06 03:00:00;2025-02-06 04:00:00;321,132012;115,269997
2025-02-06 04:00:00;2025-02-06 05:00:00;343,144727;122,260002
2025-02-06 05:00:00;2025-02-06 06:00:00;481,845352;119,839996
2025-02-06 06:00:00;2025-02-06 07:00:00;434,600038;173,759995
2025-02-06 07:00:00;2025-02-06 08:00:00;472,168917;212,990005
2025-02-06 08:00:00;2025-02-06 09:00:00;367,060833;177,610001
2025-02-06 09:00:00;2025-02-06 10:00:00;386,439199;158,259995
2025-02-06 10:00:00;2025-02-06 11:00:00;383,725686;135,300003
2025-02-06 11:00:00;2025-02-06 12:00:00;296,341018;118,360001
2025-02-06 12:00:00;2025-02-06 13:00:00;208,006591;117,839996
2025-02-06 13:00:00;2025-02-06 14:00:00;141,863726;110,959999
2025-02-06 14:00:00;2025-02-06 15:00:00;234,312089;130,039993
2025-02-06 15:00:00;2025-02-06 16:00:00;358,519618;139,990005
2025-02-06 16:00:00;2025-02-06 17:00:00;485,280696;170,169998
2025-02-06 17:00:00;2025-02-06 18:00:00;606,538937;170,479996
2025-02-06 18:00:00;2025-02-06 19:00:00;595,169413;162,649994
2025-02-06 19:00:00;2025-02-06 20:00:00;571,704809;140,779999
2025-02-06 20:00:00;2025-02-06 21:00:00;566,511535;131,100006
2025-02-06 21:00:00;2025-02-06 22:00:00;589,758639;121,930000
2025-02-06 22:00:00;2025-02-06 23:00:00;580,634345;115,029999
2025-02-06 23:00:00;2025-02-07 00:00:00;620,441499;113,410004
2025-02-07 00:00:00;2025-02-07 01:00:00;545,412195;108,550003
2025-02-07 01:00:00;2025-02-07 02:00:00;505,020307;108,820000
2025-02-07 02:00:00;2025-02-07 03:00:00;434,131497;105,000000
2025-02-07 03:00:00;2025-02-07 04:00:00;446,081505;87,730003
2025-02-07 04:00:00;2025-02-07 05:00:00;410,372959;89,860001
2025-02-07 05:00:00;2025-02-07 06:00:00;440,492938;110,430000
2025-02-07 06:00:00;2025-02-07 07:00:00;470,250533;141,410004
2025-02-07 07:00:00;2025-02-07 08:00:00;649,685722;163,889999
2025-02-07 08:00:00;2025-02-07 09:00:00;701,709353;149,949997
2025-02-07 09:00:00;2025-02-07 10:00:00;799,817854;129,149994
2025-02-07 10:00:00;2025-02-07 11:00:00;801,074697;99,989998
2025-02-07 11:00:00;2025-02-07 12:00:00;774,009963;89,110001
2025-02-07 12:00:00;2025-02-07 13:00:00;955,773590;89,190002
2025-02-07 13:00:00;2025-02-07 14:00:00;1093,038447;88,879997
2025-02-07 14:00:00;2025-02-07 15:00:00;1146,885344;86,430000
2025-02-07 15:00:00;2025-02-07 16:00:00;1094,231017;97,790001
2025-02-07 16:00:00;2025-02-07 17:00:00;1095,406765;107,279999
2025-02-07 17:00:00;2025-02-07 18:00:00;1185,306460;108,709999
2025-02-07 18:00:00;2025-02-07 19:00:00;1183,798921;91,680000
2025-02-07 19:00:00;2025-02-07 20:00:00;1202,172742;74,959999
2025-02-07 20:00:00;2025-02-07 21:00:00;1218,591607;68,839996
2025-02-07 21:00:00;2025-02-07 22:00:00;1170,378519;63,400002
2025-02-07 22:00:00;2025-02-07 23:00:00;1197,204233;63,540001
2025-02-07 23:00:00;2025-02-08 00:00:00;1142,221317;56,759998
2025-02-08 00:00:00;2025-02-08 01:00:00;1137,098720;56,310001
2025-02-08 01:00:00;2025-02-08 02:00:00;1183,084169;58,930000
2025-02-08 02:00:00;2025-02-08 03:00:00;1162,982560;58,040001
2025-02-08 03:00:00;2025-02-08 04:00:00;1134,953477;58,980000
2025-02-08 04:00:00;2025-02-08 05:00:00;1065,740520;58,939999
2025-02-08 05:00:00;2025-02-08 06:00:00;1066,058195;61,009998
2025-02-08 06:00:00;2025-02-08 07:00:00;1089,893901;62,950001
2025-02-08 07:00:00;2025-02-08 08:00:00;1045,080938;69,589996
2025-02-08 08:00:00;2025-02-08 09:00:00;1041,475690;66,070000
2025-02-08 09:00:00;2025-02-08 10:00:00;1036,717744;62,400002
2025-02-08 10:00:00;2025-02-08 11:00:00;1033,926951;57,930000
2025-02-08 11:00:00;2025-02-08 12:00:00;1070,302259;58,200001
2025-02-08 12:00:00;2025-02-08 13:00:00;1048,641625;61,730000
2025-02-08 13:00:00;2025-02-08 14:00:00;1088,165593;71,639999
2025-02-08 14:00:00;2025-02-08 15:00:00;1110,912689;87,360001
2025-02-08 15:00:00;2025-02-08 16:00:00;1188,782876;89,800003
2025-02-08 16:00:00;2025-02-08 17:00:00;1202,308702;112,250000
2025-02-08 17:00:00;2025-02-08 18:00:00;1168,820156;113,099998
2025-02-08 18:00:00;2025-02-08 19:00:00;1057,380411;107,980003
2025-02-08 19:00:00;2025-02-08 20:00:00;863,584793;107,120003
2025-02-08 20:00:00;2025-02-08 21:00:00;809,118852;113,070000
2025-02-08 21:00:00;2025-02-08 22:00:00;732,781532;127,839996
2025-02-08 22:00:00;2025-02-08 23:00:00;650,046812;112,639999
2025-02-08 23:00:00;2025-02-09 00:00:00;624,211921;135,000000
2025-02-09 00:00:00;2025-02-09 01:00:00;620,535016;130,039993
2025-02-09 01:00:00;2025-02-09 02:00:00;527,659360;114,629997
2025-02-09 02:00:00;2025-02-09 03:00:00;501,805154;119,300003
2025-02-09 03:00:00;2025-02-09 04:00:00;599,004327;116,010002
2025-02-09 04:00:00;2025-02-09 05:00:00;606,278628;113,129997
2025-02-09 05:00:00;2025-02-09 06:00:00;730,121626;115,260002
2025-02-09 06:00:00;2025-02-09 07:00:00;829,436928;119,580002
2025-02-09 07:00:00;2025-02-09 08:00:00;856,105592;121,940002
2025-02-09 08:00:00;2025-02-09 09:00:00;747,324752;120,089996
2025-02-09 09:00:00;2025-02-09 10:00:00;658,585828;111,000000
2025-02-09 10:00:00;2025-02-09 11:00:00;632,331174;103,919998
2025-02-09 11:00:00;2025-02-09 12:00:00;756,008107;90,430000
2025-02-09 12:00:00;2025-02-09 13:00:00;891,684385;86,949997
2025-02-09 13:00:00;2025-02-09 14:00:00;969,958660;91,879997
2025-02-09 14:00:00;2025-02-09 15:00:00;1000,858996;104,949997
2025-02-09 15:00:00;2025-02-09 16:00:00;1060,469617;116,910004
2025-02-09 16:00:00;2025-02-09 17:00:00;1117,924570;130,000000
2025-02-09 17:00:00;2025-02-09 18:00:00;1199,464149;119,910004
2025-02-09 18:00:00;2025-02-09 19:00:00;1211,862756;105,500000
2025-02-09 19:00:00;2025-02-09 20:00:00;1241,053377;90,849998
2025-02-09 20:00:00;2025-02-09 21:00:00;1224,273444;86,370003
2025-02-09 21:00:00;2025-02-09 22:00:00;1231,425465;81,379997
2025-02-09 22:00:00;2025-02-09 23:00:00;1230,123813;71,949997
2025-02-09 23:00:00;2025-02-10 00:00:00;1129,710027;69,070000
2025-02-10 00:00:00;2025-02-10 01:00:00;1156,697712;65,099998
2025-02-10 01:00:00;2025-02-10 02:00:00;1156,414284;62,919998
2025-02-10 02:00:00;2025-02-10 03:00:00;1128,349463;63,779999
2025-02-10 03:00:00;2025-02-10 04:00:00;1141,907700;63,599998
2025-02-10 04:00:00;2025-02-10 05:00:00;1129,363800;67,110001
2025-02-10 05:00:00;2025-02-10 06:00:00;1114,405872;85,849998
2025-02-10 06:00:00;2025-02-10 07:00:00;1102,720757;115,419998
2025-02-10 07:00:00;2025-02-10 08:00:00;989,902564;130,729996
2025-02-10 08:00:00;2025-02-10 09:00:00;981,916521;121,110001
2025-02-10 09:00:00;2025-02-10 10:00:00;978,973744;102,160004
2025-02-10 10:00:00;2025-02-10 11:00:00;1021,390196;83,250000
2025-02-10 11:00:00;2025-02-10 12:00:00;1058,103644;76,470001
2025-02-10 12:00:00;2025-02-10 13:00:00;1054,145746;75,800003
2025-02-10 13:00:00;2025-02-10 14:00:00;1054,899321;79,050003
2025-02-10 14:00:00;2025-02-10 15:00:00;1058,957313;78,389999
2025-02-10 15:00:00;2025-02-10 16:00:00;1058,752838;84,550003
2025-02-10 16:00:00;2025-02-10 17:00:00;1074,037393;87,620003
2025-02-10 17:00:00;2025-02-10 18:00:00;1082,636218;90,580002
2025-02-10 18:00:00;2025-02-10 19:00:00;1085,664248;78,120003
2025-02-10 19:00:00;2025-02-10 20:00:00;1089,252464;69,529999
2025-02-10 20:00:00;2025-02-10 21:00:00;1080,551964;67,300003
2025-02-10 21:00:00;2025-02-10 22:00:00;1075,329937;65,110001
2025-02-10 22:00:00;2025-02-10 23:00:00;1082,517860;63,930000
2025-02-10 23:00:00;2025-02-11 00:00:00;1078,234919;54,090000
2025-02-11 00:00:00;2025-02-11 01:00:00;1075,972932;55,919998
2025-02-11 01:00:00;2025-02-11 02:00:00;1066,836365;55,720001
2025-02-11 02:00:00;2025-02-11 03:00:00;1036,823216;56,189999
2025-02-11 03:00:00;2025-02-11 04:00:00;1028,718994;56,240002
2025-02-11 04:00:00;2025-02-11 05:00:00;1061,107415;59,919998
2025-02-11 05:00:00;2025-02-11 06:00:00;1046,270490;69,800003
2025-02-11 06:00:00;2025-02-11 07:00:00;1006,751305;81,690002
2025-02-11 07:00:00;2025-02-11 08:00:00;952,902147;99,410004
2025-02-11 08:00:00;2025-02-11 09:00:00;961,783603;86,029999
2025-02-11 09:00:00;2025-02-11 10:00:00;949,213725;73,040001
2025-02-11 10:00:00;2025-02-11 11:00:00;950,058789;71,160004
2025-02-11 11:00:00;2025-02-11 12:00:00;930,635708;70,690002
2025-02-11 12:00:00;2025-02-11 13:00:00;886,921414;72,519997
2025-02-11 13:00:00;2025-02-11 14:00:00;895,284181;74,510002
2025-02-11 14:00:00;2025-02-11 15:00:00;867,848288;77,889999
2025-02-11 15:00:00;2025-02-11 16:00:00;856,611742;81,699997
2025-02-11 16:00:00;2025-02-11 17:00:00;857,211430;93,889999
2025-02-11 17:00:00;2025-02-11 18:00:00;874,562402;105,910004
2025-02-11 18:00:00;2025-02-11 19:00:00;908,171851;89,989998
2025-02-11 19:00:00;2025-02-11 20:00:00;1047,803707;80,980003
2025-02-11 20:00:00;2025-02-11 21:00:00;1030,208735;79,720001
2025-02-11 21:00:00;2025-02-11 22:00:00;1036,785410;80,550003
2025-02-11 22:00:00;2025-02-11 23:00:00;1045,872330;76,800003
2025-02-11 23:00:00;2025-02-12 00:00:00;1130,980194;79,739998
2025-02-12 00:00:00;2025-02-12 01:00:00;1112,941916;78,660004
2025-02-12 01:00:00;2025-02-12 02:00:00;1120,692875;78,050003
2025-02-12 02:00:00;2025-02-12 03:00:00;1107,251856;77,699997
2025-02-12 03:00:00;2025-02-12 04:00:00;1070,553433;79,430000
2025-02-12 04:00:00;2025-02-12 05:00:00;1047,475810;81,110001
2025-02-12 05:00:00;2025-02-12 06:00:00;991,590269;108,050003
2025-02-12 06:00:00;2025-02-12 07:00:00;961,003815;149,080002
2025-02-12 07:00:00;2025-02-12 08:00:00;965,166095;164,360001
2025-02-12 08:00:00;2025-02-12 09:00:00;949,886313;158,070007
2025-02-12 09:00:00;2025-02-12 10:00:00;961,858868;131,029999
2025-02-12 10:00:00;2025-02-12 11:00:00;968,630020;113,769997
2025-02-12 11:00:00;2025-02-12 12:00:00;924,268375;111,250000
2025-02-12 12:00:00;2025-02-12 13:00:00;864,963949;117,309998
2025-02-12 13:00:00;2025-02-12 14:00:00;829,100185;129,190002
2025-02-12 14:00:00;2025-02-12 15:00:00;787,193847;137,619995
2025-02-12 15:00:00;2025-02-12 16:00:00;716,018660;168,000000
2025-02-12 16:00:00;2025-02-12 17:00:00;635,649736;183,009995
2025-02-12 17:00:00;2025-02-12 18:00:00;621,598057;193,809998
2025-02-12 18:00:00;2025-02-12 19:00:00;570,576083;191,240005
2025-02-12 19:00:00;2025-02-12 20:00:00;553,770758;169,910004
2025-02-12 20:00:00;2025-02-12 21:00:00;514,143900;152,110001
2025-02-12 21:00:00;2025-02-12 22:00:00;440,152444;146,000000
2025-02-12 22:00:00;2025-02-12 23:00:00;385,849106;117,500000
2025-02-12 23:00:00;2025-02-13 00:00:00;316,862134;140,330002
2025-02-13 00:00:00;2025-02-13 01:00:00;325,922470;137,750000
2025-02-13 01:00:00;2025-02-13 02:00:00;338,774206;140,789993
2025-02-13 02:00:00;2025-02-13 03:00:00;403,023428;136,589996
2025-02-13 03:00:00;2025-02-13 04:00:00;448,794869;120,010002
2025-02-13 04:00:00;2025-02-13 05:00:00;449,714337;119,419998
2025-02-13 05:00:00;2025-02-13 06:00:00;498,471941;141,710007
2025-02-13 06:00:00;2025-02-13 07:00:00;453,361763;189,789993
2025-02-13 07:00:00;2025-02-13 08:00:00;428,658026;219,679993
2025-02-13 08:00:00;2025-02-13 09:00:00;455,247492;214,690002
2025-02-13 09:00:00;2025-02-13 10:00:00;491,597758;198,600006
2025-02-13 10:00:00;2025-02-13 11:00:00;457,322300;178,979996
2025-02-13 11:00:00;2025-02-13 12:00:00;367,276342;166,979996
2025-02-13 12:00:00;2025-02-13 13:00:00;284,710500;142,119995
2025-02-13 13:00:00;2025-02-13 14:00:00;289,922622;140,279999
2025-02-13 14:00:00;2025-02-13 15:00:00;384,597904;143,449997
2025-02-13 15:00:00;2025-02-13 16:00:00;410,095479;152,100006
2025-02-13 16:00:00;2025-02-13 17:00:00;537,383230;198,029999
2025-02-13 17:00:00;2025-02-13 18:00:00;672,704746;195,649994
2025-02-13 18:00:00;2025-02-13 19:00:00;636,019331;179,100006
2025-02-13 19:00:00;2025-02-13 20:00:00;496,386400;157,039993
2025-02-13 20:00:00;2025-02-13 21:00:00;425,403768;145,889999
2025-02-13 21:00:00;2025-02-13 22:00:00;409,759741;136,800003
2025-02-13 22:00:00;2025-02-13 23:00:00;340,688065;125,199997
2025-02-13 23:00:00;2025-02-14 00:00:00;378,568849;137,570007
2025-02-14 00:00:00;2025-02-14 01:00:00;222,304105;132,800003
2025-02-14 01:00:00;2025-02-14 02:00:00;133,540849;128,500000
2025-02-14 02:00:00;2025-02-14 03:00:00;129,346496;127,650002
2025-02-14 03:00:00;2025-02-14 04:00:00;125,660024;127,269997
2025-02-14 04:00:00;2025-02-14 05:00:00;126,735811;139,589996
2025-02-14 05:00:00;2025-02-14 06:00:00;127,670605;160,899994
2025-02-14 06:00:00;2025-02-14 07:00:00;121,071718;227,080002
2025-02-14 07:00:00;2025-02-14 08:00:00;74,040033;265,640015
2025-02-14 08:00:00;2025-02-14 09:00:00;42,383088;215,110001
2025-02-14 09:00:00;2025-02-14 10:00:00;25,270120;181,029999
2025-02-14 10:00:00;2025-02-14 11:00:00;15,807174;163,009995
2025-02-14 11:00:00;2025-02-14 12:00:00;7,514537;149,860001
2025-02-14 12:00:00;2025-02-14 13:00:00;7,093300;148,610001
2025-02-14 13:00:00;2025-02-14 14:00:00;11,494300;155,800003
2025-02-14 14:00:00;2025-02-14 15:00:00;5,453732;175,050003
2025-02-14 15:00:00;2025-02-14 16:00:00;16,449851;200,000000
2025-02-14 16:00:00;2025-02-14 17:00:00;34,853106;298,910004
2025-02-14 17:00:00;2025-02-14 18:00:00;46,081390;293,059998
2025-02-14 18:00:00;2025-02-14 19:00:00;19,422338;225,699997
2025-02-14 19:00:00;2025-02-14 20:00:00;15,617114;183,550003
2025-02-14 20:00:00;2025-02-14 21:00:00;12,185274;163,789993
2025-02-14 21:00:00;2025-02-14 22:00:00;19,055562;153,000000
2025-02-14 22:00:00;2025-02-14 23:00:00;47,271863;140,029999
2025-02-14 23:00:00;2025-02-15 00:00:00;90,312723;135,289993
2025-02-15 00:00:00;2025-02-15 01:00:00;131,146413;130,339996
2025-02-15 01:00:00;2025-02-15 02:00:00;129,909595;120,000000
2025-02-15 02:00:00;2025-02-15 03:00:00;147,016313;118,239998
2025-02-15 03:00:00;2025-02-15 04:00:00;172,041244;118,449997
2025-02-15 04:00:00;2025-02-15 05:00:00;160,910015;120,300003
2025-02-15 05:00:00;2025-02-15 06:00:00;176,952032;129,539993
2025-02-15 06:00:00;2025-02-15 07:00:00;240,089251;145,070007
2025-02-15 07:00:00;2025-02-15 08:00:00;329,385525;150,669998
2025-02-15 08:00:00;2025-02-15 09:00:00;357,736347;137,009995
2025-02-15 09:00:00;2025-02-15 10:00:00;463,720559;124,589996
2025-02-15 10:00:00;2025-02-15 11:00:00;438,665368;118,360001
2025-02-15 11:00:00;2025-02-15 12:00:00;244,744025;112,389999
2025-02-15 12:00:00;2025-02-15 13:00:00;183,935128;110,010002
2025-02-15 13:00:00;2025-02-15 14:00:00;472,771698;116,150002
2025-02-15 14:00:00;2025-02-15 15:00:00;454,359834;128,830002
2025-02-15 15:00:00;2025-02-15 16:00:00;421,085458;140,000000
2025-02-15 16:00:00;2025-02-15 17:00:00;604,806853;158,660004
2025-02-15 17:00:00;2025-02-15 18:00:00;719,397239;170,529999
2025-02-15 18:00:00;2025-02-15 19:00:00;882,577788;163,910004
2025-02-15 19:00:00;2025-02-15 20:00:00;1144,343973;147,289993
2025-02-15 20:00:00;2025-02-15 21:00:00;1208,526759;128,059998
2025-02-15 21:00:00;2025-02-15 22:00:00;1253,636205;131,630005
2025-02-15 22:00:00;2025-02-15 23:00:00;1235,317122;124,540001
2025-02-15 23:00:00;2025-02-16 00:00:00;1227,244952;134,110001
2025-02-16 00:00:00;2025-02-16 01:00:00;1169,356255;128,899994
2025-02-16 01:00:00;2025-02-16 02:00:00;1101,840207;123,570000
2025-02-16 02:00:00;2025-02-16 03:00:00;969,348723;119,900002
2025-02-16 03:00:00;2025-02-16 04:00:00;826,897567;119,570000
2025-02-16 04:00:00;2025-02-16 05:00:00;654,619233;120,180000
2025-02-16 05:00:00;2025-02-16 06:00:00;559,394783;119,919998
2025-02-16 06:00:00;2025-02-16 07:00:00;512,161744;127,510002
2025-02-16 07:00:00;2025-02-16 08:00:00;592,581040;129,600006
2025-02-16 08:00:00;2025-02-16 09:00:00;514,105822;130,490005
2025-02-16 09:00:00;2025-02-16 10:00:00;395,747649;127,699997
2025-02-16 10:00:00;2025-02-16 11:00:00;299,175410;124,029999
2025-02-16 11:00:00;2025-02-16 12:00:00;208,740952;124,669998
2025-02-16 12:00:00;2025-02-16 13:00:00;151,226140;118,769997
2025-02-16 13:00:00;2025-02-16 14:00:00;110,110148;121,019997
2025-02-16 14:00:00;2025-02-16 15:00:00;77,911746;129,550003
2025-02-16 15:00:00;2025-02-16 16:00:00;65,735621;137,679993
2025-02-16 16:00:00;2025-02-16 17:00:00;68,301925;153,979996
2025-02-16 17:00:00;2025-02-16 18:00:00;70,298450;169,979996
2025-02-16 18:00:00;2025-02-16 19:00:00;83,331667;160,289993
2025-02-16 19:00:00;2025-02-16 20:00:00;75,637822;153,720001
2025-02-16 20:00:00;2025-02-16 21:00:00;63,192480;139,339996
2025-02-16 21:00:00;2025-02-16 22:00:00;74,691797;137,619995
2025-02-16 22:00:00;2025-02-16 23:00:00;89,798164;131,509995
2025-02-16 23:00:00;2025-02-17 00:00:00;122,080727;128,050003
2025-02-17 00:00:00;2025-02-17 01:00:00;195,253588;121,059998
2025-02-17 01:00:00;2025-02-17 02:00:00;256,224317;120,339996
2025-02-17 02:00:00;2025-02-17 03:00:00;305,010113;125,519997
2025-02-17 03:00:00;2025-02-17 04:00:00;405,800121;128,940002
2025-02-17 04:00:00;2025-02-17 05:00:00;417,606537;131,539993
2025-02-17 05:00:00;2025-02-17 06:00:00;430,796847;150,669998
2025-02-17 06:00:00;2025-02-17 07:00:00;404,504959;204,740005
2025-02-17 07:00:00;2025-02-17 08:00:00;368,834905;209,789993
2025-02-17 08:00:00;2025-02-17 09:00:00;377,587227;171,300003
2025-02-17 09:00:00;2025-02-17 10:00:00;350,262535;139,669998
2025-02-17 10:00:00;2025-02-17 11:00:00;367,801123;117,190002
2025-02-17 11:00:00;2025-02-17 12:00:00;403,993252;109,470001
2025-02-17 12:00:00;2025-02-17 13:00:00;403,131425;106,779999
2025-02-17 13:00:00;2025-02-17 14:00:00;366,145192;111,889999
2025-02-17 14:00:00;2025-02-17 15:00:00;392,546012;127,320000
2025-02-17 15:00:00;2025-02-17 16:00:00;353,485007;155,429993
2025-02-17 16:00:00;2025-02-17 17:00:00;392,094125;221,610001
2025-02-17 17:00:00;2025-02-17 18:00:00;372,012026;271,000000
2025-02-17 18:00:00;2025-02-17 19:00:00;349,698998;215,360001
2025-02-17 19:00:00;2025-02-17 20:00:00;281,376708;177,860001
2025-02-17 20:00:00;2025-02-17 21:00:00;163,262104;155,190002
2025-02-17 21:00:00;2025-02-17 22:00:00;137,316851;139,389999
2025-02-17 22:00:00;2025-02-17 23:00:00;174,644900;129,570007
2025-02-17 23:00:00;2025-02-18 00:00:00;184,303765;132,949997
2025-02-18 00:00:00;2025-02-18 01:00:00;180,179141;125,000000
2025-02-18 01:00:00;2025-02-18 02:00:00;139,687917;123,559998
2025-02-18 02:00:00;2025-02-18 03:00:00;161,088733;117,110001
2025-02-18 03:00:00;2025-02-18 04:00:00;150,248640;115,660004
2025-02-18 04:00:00;2025-02-18 05:00:00;135,381274;121,519997
2025-02-18 05:00:00;2025-02-18 06:00:00;92,379835;140,389999
2025-02-18 06:00:00;2025-02-18 07:00:00;61,100534;190,339996
2025-02-18 07:00:00;2025-02-18 08:00:00;62,801402;193,800003
2025-02-18 08:00:00;2025-02-18 09:00:00;72,901554;143,529999
2025-02-18 09:00:00;2025-02-18 10:00:00;79,675984;124,239998
2025-02-18 10:00:00;2025-02-18 11:00:00;96,564384;109,709999
2025-02-18 11:00:00;2025-02-18 12:00:00;91,245359;96,410004
2025-02-18 12:00:00;2025-02-18 13:00:00;78,965692;88,529999
2025-02-18 13:00:00;2025-02-18 14:00:00;66,927840;98,349998
2025-02-18 14:00:00;2025-02-18 15:00:00;44,312012;110,000000
2025-02-18 15:00:00;2025-02-18 16:00:00;37,189841;128,160004
2025-02-18 16:00:00;2025-02-18 17:00:00;26,380169;176,820007
2025-02-18 17:00:00;2025-02-18 18:00:00;50,625586;174,320007
2025-02-18 18:00:00;2025-02-18 19:00:00;86,490102;155,910004
2025-02-18 19:00:00;2025-02-18 20:00:00;151,385266;142,419998
2025-02-18 20:00:00;2025-02-18 21:00:00;189,446341;129,410004
2025-02-18 21:00:00;2025-02-18 22:00:00;202,452624;121,900002
2025-02-18 22:00:00;2025-02-18 23:00:00;229,038311;114,449997
2025-02-18 23:00:00;2025-02-19 00:00:00;303,352180;104,540001
2025-02-19 00:00:00;2025-02-19 01:00:00;335,403139;99,290001
2025-02-19 01:00:00;2025-02-19 02:00:00;360,551711;99,599998
2025-02-19 02:00:00;2025-02-19 03:00:00;364,399130;97,290001
2025-02-19 03:00:00;2025-02-19 04:00:00;397,488628;94,500000
2025-02-19 04:00:00;2025-02-19 05:00:00;467,330214;97,480003
2025-02-19 05:00:00;2025-02-19 06:00:00;550,807137;115,000000
2025-02-19 06:00:00;2025-02-19 07:00:00;586,002241;149,500000
2025-02-19 07:00:00;2025-02-19 08:00:00;535,178885;166,369995
2025-02-19 08:00:00;2025-02-19 09:00:00;579,623936;128,759995
2025-02-19 09:00:00;2025-02-19 10:00:00;619,581469;107,910004
2025-02-19 10:00:00;2025-02-19 11:00:00;648,760599;89,279999
2025-02-19 11:00:00;2025-02-19 12:00:00;648,732909;81,519997
2025-02-19 12:00:00;2025-02-19 13:00:00;616,339317;82,739998
2025-02-19 13:00:00;2025-02-19 14:00:00;602,770880;85,199997
2025-02-19 14:00:00;2025-02-19 15:00:00;633,881930;90,629997
2025-02-19 15:00:00;2025-02-19 16:00:00;602,150573;110,029999
2025-02-19 16:00:00;2025-02-19 17:00:00;871,473260;131,279999
2025-02-19 17:00:00;2025-02-19 18:00:00;949,443269;142,979996
2025-02-19 18:00:00;2025-02-19 19:00:00;1011,508690;136,320007
2025-02-19 19:00:00;2025-02-19 20:00:00;1060,266648;113,529999
2025-02-19 20:00:00;2025-02-19 21:00:00;1076,332726;98,680000
2025-02-19 21:00:00;2025-02-19 22:00:00;1103,952218;87,750000
2025-02-19 22:00:00;2025-02-19 23:00:00;1134,320475;81,160004
2025-02-19 23:00:00;2025-02-20 00:00:00;1191,880427;70,900002
2025-02-20 00:00:00;2025-02-20 01:00:00;1250,434375;69,730003
2025-02-20 01:00:00;2025-02-20 02:00:00;1246,161482;68,879997
2025-02-20 02:00:00;2025-02-20 03:00:00;1260,195823;67,080002
2025-02-20 03:00:00;2025-02-20 04:00:00;1259,084416;65,379997
2025-02-20 04:00:00;2025-02-20 05:00:00;1265,002028;64,500000
2025-02-20 05:00:00;2025-02-20 06:00:00;1284,637451;75,769997
2025-02-20 06:00:00;2025-02-20 07:00:00;984,052270;102,849998
2025-02-20 07:00:00;2025-02-20 08:00:00;989,308365;105,820000
2025-02-20 08:00:00;2025-02-20 09:00:00;987,097752;65,110001
2025-02-20 09:00:00;2025-02-20 10:00:00;992,623262;61,220001
2025-02-20 10:00:00;2025-02-20 11:00:00;979,077423;60,320000
2025-02-20 11:00:00;2025-02-20 12:00:00;987,719969;57,830002
2025-02-20 12:00:00;2025-02-20 13:00:00;988,168037;58,470001
2025-02-20 13:00:00;2025-02-20 14:00:00;985,782989;65,129997
2025-02-20 14:00:00;2025-02-20 15:00:00;982,508258;65,709999
2025-02-20 15:00:00;2025-02-20 16:00:00;1162,797516;67,739998
2025-02-20 16:00:00;2025-02-20 17:00:00;1315,470694;71,199997
2025-02-20 17:00:00;2025-02-20 18:00:00;1316,781301;66,419998
2025-02-20 18:00:00;2025-02-20 19:00:00;1321,902165;60,340000
2025-02-20 19:00:00;2025-02-20 20:00:00;1320,360174;56,830002
2025-02-20 20:00:00;2025-02-20 21:00:00;1328,720763;50,029999
2025-02-20 21:00:00;2025-02-20 22:00:00;1342,781265;44,810001
2025-02-20 22:00:00;2025-02-20 23:00:00;1339,567562;43,869999
2025-02-20 23:00:00;2025-02-21 00:00:00;1337,597572;38,990002
2025-02-21 00:00:00;2025-02-21 01:00:00;1319,856986;41,150002
2025-02-21 01:00:00;2025-02-21 02:00:00;1257,717149;46,560001
2025-02-21 02:00:00;2025-02-21 03:00:00;1092,732707;44,410000
2025-02-21 03:00:00;2025-02-21 04:00:00;875,828723;47,799999
2025-02-21 04:00:00;2025-02-21 05:00:00;858,843253;54,220001
2025-02-21 05:00:00;2025-02-21 06:00:00;854,858414;67,099998
2025-02-21 06:00:00;2025-02-21 07:00:00;657,291908;111,730003
2025-02-21 07:00:00;2025-02-21 08:00:00;718,398224;135,020004
2025-02-21 08:00:00;2025-02-21 09:00:00;768,763716;112,199997
2025-02-21 09:00:00;2025-02-21 10:00:00;851,300270;92,010002
2025-02-21 10:00:00;2025-02-21 11:00:00;914,740824;77,930000
2025-02-21 11:00:00;2025-02-21 12:00:00;893,575300;69,000000
2025-02-21 12:00:00;2025-02-21 13:00:00;877,866587;69,000000
2025-02-21 13:00:00;2025-02-21 14:00:00;853,614060;69,470001
2025-02-21 14:00:00;2025-02-21 15:00:00;828,236469;75,489998
2025-02-21 15:00:00;2025-02-21 16:00:00;910,264778;73,190002
2025-02-21 16:00:00;2025-02-21 17:00:00;1288,038221;84,269997
2025-02-21 17:00:00;2025-02-21 18:00:00;1297,866694;73,570000
2025-02-21 18:00:00;2025-02-21 19:00:00;1328,918999;61,450001
2025-02-21 19:00:00;2025-02-21 20:00:00;1329,000095;55,560001
2025-02-21 20:00:00;2025-02-21 21:00:00;1337,930228;52,040001
2025-02-21 21:00:00;2025-02-21 22:00:00;1332,300928;49,430000
2025-02-21 22:00:00;2025-02-21 23:00:00;1329,767220;48,599998
2025-02-21 23:00:00;2025-02-22 00:00:00;1323,868494;40,250000
2025-02-22 00:00:00;2025-02-22 01:00:00;1312,275048;41,830002
2025-02-22 01:00:00;2025-02-22 02:00:00;1317,140066;42,029999
2025-02-22 02:00:00;2025-02-22 03:00:00;1303,866696;41,340000
2025-02-22 03:00:00;2025-02-22 04:00:00;1218,260133;39,790001
2025-02-22 04:00:00;2025-02-22 05:00:00;1121,413952;40,950001
2025-02-22 05:00:00;2025-02-22 06:00:00;1151,365467;47,400002
2025-02-22 06:00:00;2025-02-22 07:00:00;1171,847266;52,119999
2025-02-22 07:00:00;2025-02-22 08:00:00;1239,885937;52,790001
2025-02-22 08:00:00;2025-02-22 09:00:00;1278,552413;60,389999
2025-02-22 09:00:00;2025-02-22 10:00:00;1245,821935;53,209999
2025-02-22 10:00:00;2025-02-22 11:00:00;1209,112802;47,130001
2025-02-22 11:00:00;2025-02-22 12:00:00;1227,673149;40,400002
2025-02-22 12:00:00;2025-02-22 13:00:00;1280,119449;52,689999
2025-02-22 13:00:00;2025-02-22 14:00:00;1272,382631;61,669998
2025-02-22 14:00:00;2025-02-22 15:00:00;1265,131536;66,110001
2025-02-22 15:00:00;2025-02-22 16:00:00;1243,706502;90,379997
2025-02-22 16:00:00;2025-02-22 17:00:00;1071,008638;108,080002
2025-02-22 17:00:00;2025-02-22 18:00:00;906,463556;106,980003
2025-02-22 18:00:00;2025-02-22 19:00:00;879,263633;105,879997
2025-02-22 19:00:00;2025-02-22 20:00:00;629,268989;91,690002
2025-02-22 20:00:00;2025-02-22 21:00:00;542,982571;91,769997
2025-02-22 21:00:00;2025-02-22 22:00:00;617,654254;94,269997
2025-02-22 22:00:00;2025-02-22 23:00:00;670,274562;83,510002
2025-02-22 23:00:00;2025-02-23 00:00:00;650,681958;91,099998
2025-02-23 00:00:00;2025-02-23 01:00:00;617,631742;84,989998
2025-02-23 01:00:00;2025-02-23 02:00:00;431,801088;86,209999
2025-02-23 02:00:00;2025-02-23 03:00:00;447,582983;83,629997
2025-02-23 03:00:00;2025-02-23 04:00:00;622,655642;84,300003
2025-02-23 04:00:00;2025-02-23 05:00:00;446,646440;85,790001
2025-02-23 05:00:00;2025-02-23 06:00:00;415,763100;86,620003
2025-02-23 06:00:00;2025-02-23 07:00:00;408,388440;85,000000
2025-02-23 07:00:00;2025-02-23 08:00:00;344,564290;98,059998
2025-02-23 08:00:00;2025-02-23 09:00:00;291,915687;93,000000
2025-02-23 09:00:00;2025-02-23 10:00:00;357,452714;76,129997
2025-02-23 10:00:00;2025-02-23 11:00:00;551,010825;60,459999
2025-02-23 11:00:00;2025-02-23 12:00:00;706,176404;49,810001
2025-02-23 12:00:00;2025-02-23 13:00:00;867,348991;48,939999
2025-02-23 13:00:00;2025-02-23 14:00:00;924,172333;47,500000
2025-02-23 14:00:00;2025-02-23 15:00:00;1025,151009;52,410000
2025-02-23 15:00:00;2025-02-23 16:00:00;1103,352994;67,099998
2025-02-23 16:00:00;2025-02-23 17:00:00;1151,063214;92,589996
2025-02-23 17:00:00;2025-02-23 18:00:00;1265,320367;113,339996
2025-02-23 18:00:00;2025-02-23 19:00:00;1304,186614;87,269997
2025-02-23 19:00:00;2025-02-23 20:00:00;1334,880228;67,099998
2025-02-23 20:00:00;2025-02-23 21:00:00;1339,756237;46,570000
2025-02-23 21:00:00;2025-02-23 22:00:00;1336,847930;48,869999
2025-02-23 22:00:00;2025-02-23 23:00:00;1329,551136;44,939999
2025-02-23 23:00:00;2025-02-24 00:00:00;1345,430881;10,000000
2025-02-24 00:00:00;2025-02-24 01:00:00;1347,394476;11,890000
2025-02-24 01:00:00;2025-02-24 02:00:00;1344,632296;9,020000
2025-02-24 02:00:00;2025-02-24 03:00:00;1346,861121;4,090000
2025-02-24 03:00:00;2025-02-24 04:00:00;1325,633683;3,930000
2025-02-24 04:00:00;2025-02-24 05:00:00;1346,364934;5,060000
2025-02-24 05:00:00;2025-02-24 06:00:00;1350,202444;31,910000
2025-02-24 06:00:00;2025-02-24 07:00:00;1347,535310;48,740002
2025-02-24 07:00:00;2025-02-24 08:00:00;1350,121492;52,930000
2025-02-24 08:00:00;2025-02-24 09:00:00;1349,641399;50,910000
2025-02-24 09:00:00;2025-02-24 10:00:00;1347,584703;50,330002
2025-02-24 10:00:00;2025-02-24 11:00:00;1344,759768;45,000000
2025-02-24 11:00:00;2025-02-24 12:00:00;1343,233971;41,880001
2025-02-24 12:00:00;2025-02-24 13:00:00;1330,500685;39,990002
2025-02-24 13:00:00;2025-02-24 14:00:00;1326,957810;40,020000
2025-02-24 14:00:00;2025-02-24 15:00:00;1315,473620;42,630001
2025-02-24 15:00:00;2025-02-24 16:00:00;1300,592863;49,990002
2025-02-24 16:00:00;2025-02-24 17:00:00;1218,322244;62,669998
2025-02-24 17:00:00;2025-02-24 18:00:00;991,557731;77,750000
2025-02-24 18:00:00;2025-02-24 19:00:00;834,015256;87,209999
2025-02-24 19:00:00;2025-02-24 20:00:00;819,402287;77,199997
2025-02-24 20:00:00;2025-02-24 21:00:00;1003,651629;99,910004
2025-02-24 21:00:00;2025-02-24 22:00:00;1079,260743;111,959999
2025-02-24 22:00:00;2025-02-24 23:00:00;922,704635;106,480003
2025-02-24 23:00:00;2025-02-25 00:00:00;601,600890;86,459999
2025-02-25 00:00:00;2025-02-25 01:00:00;511,839272;89,910004
2025-02-25 01:00:00;2025-02-25 02:00:00;441,095187;92,419998
2025-02-25 02:00:00;2025-02-25 03:00:00;379,512272;92,440002
2025-02-25 03:00:00;2025-02-25 04:00:00;317,816902;94,320000
2025-02-25 04:00:00;2025-02-25 05:00:00;283,456538;103,500000
2025-02-25 05:00:00;2025-02-25 06:00:00;295,646279;140,000000
2025-02-25 06:00:00;2025-02-25 07:00:00;379,142865;162,289993
2025-02-25 07:00:00;2025-02-25 08:00:00;407,454784;169,050003
2025-02-25 08:00:00;2025-02-25 09:00:00;372,239418;151,160004
2025-02-25 09:00:00;2025-02-25 10:00:00;472,263050;134,880005
2025-02-25 10:00:00;2025-02-25 11:00:00;518,763029;121,830002
2025-02-25 11:00:00;2025-02-25 12:00:00;542,553672;118,500000
2025-02-25 12:00:00;2025-02-25 13:00:00;586,476651;117,559998
2025-02-25 13:00:00;2025-02-25 14:00:00;546,306272;124,389999
2025-02-25 14:00:00;2025-02-25 15:00:00;509,150663;134,669998
2025-02-25 15:00:00;2025-02-25 16:00:00;491,442166;157,960007
2025-02-25 16:00:00;2025-02-25 17:00:00;432,157135;194,929993
2025-02-25 17:00:00;2025-02-25 18:00:00;301,509091;215,800003
2025-02-25 18:00:00;2025-02-25 19:00:00;273,486804;179,449997
2025-02-25 19:00:00;2025-02-25 20:00:00;172,082512;155,270004
2025-02-25 20:00:00;2025-02-25 21:00:00;230,955417;138,970001
2025-02-25 21:00:00;2025-02-25 22:00:00;257,953836;127,540001
2025-02-25 22:00:00;2025-02-25 23:00:00;187,901327;115,129997
2025-02-25 23:00:00;2025-02-26 00:00:00;175,547508;122,989998
2025-02-26 00:00:00;2025-02-26 01:00:00;169,801529;119,820000
2025-02-26 01:00:00;2025-02-26 02:00:00;124,095459;116,940002
2025-02-26 02:00:00;2025-02-26 03:00:00;83,285253;115,980003
2025-02-26 03:00:00;2025-02-26 04:00:00;80,276442;116,559998
2025-02-26 04:00:00;2025-02-26 05:00:00;69,199435;117,269997
2025-02-26 05:00:00;2025-02-26 06:00:00;76,219494;130,009995
2025-02-26 06:00:00;2025-02-26 07:00:00;116,889700;159,929993
2025-02-26 07:00:00;2025-02-26 08:00:00;155,897134;175,190002
2025-02-26 08:00:00;2025-02-26 09:00:00;159,268186;160,220001
2025-02-26 09:00:00;2025-02-26 10:00:00;148,575995;141,369995
2025-02-26 10:00:00;2025-02-26 11:00:00;146,100403;125,760002
2025-02-26 11:00:00;2025-02-26 12:00:00;142,298146;120,529999
2025-02-26 12:00:00;2025-02-26 13:00:00;169,928083;115,330002
2025-02-26 13:00:00;2025-02-26 14:00:00;187,013549;114,709999
2025-02-26 14:00:00;2025-02-26 15:00:00;196,459237;132,899994
2025-02-26 15:00:00;2025-02-26 16:00:00;124,272477;149,750000
2025-02-26 16:00:00;2025-02-26 17:00:00;90,248751;153,160004
2025-02-26 17:00:00;2025-02-26 18:00:00;107,478354;172,570007
2025-02-26 18:00:00;2025-02-26 19:00:00;120,358784;162,820007
2025-02-26 19:00:00;2025-02-26 20:00:00;141,231129;147,380005
2025-02-26 20:00:00;2025-02-26 21:00:00;127,003785;118,440002
2025-02-26 21:00:00;2025-02-26 22:00:00;119,213839;120,940002
2025-02-26 22:00:00;2025-02-26 23:00:00;147,891707;112,459999
2025-02-26 23:00:00;2025-02-27 00:00:00;185,246814;101,480003
2025-02-27 00:00:00;2025-02-27 01:00:00;194,909770;103,809998
2025-02-27 01:00:00;2025-02-27 02:00:00;208,507877;101,239998
2025-02-27 02:00:00;2025-02-27 03:00:00;229,014854;99,599998
2025-02-27 03:00:00;2025-02-27 04:00:00;224,381382;100,430000
2025-02-27 04:00:00;2025-02-27 05:00:00;190,254728;105,620003
2025-02-27 05:00:00;2025-02-27 06:00:00;219,224118;115,150002
2025-02-27 06:00:00;2025-02-27 07:00:00;183,878985;151,240005
2025-02-27 07:00:00;2025-02-27 08:00:00;176,950913;159,050003
2025-02-27 08:00:00;2025-02-27 09:00:00;158,424485;142,580002
2025-02-27 09:00:00;2025-02-27 10:00:00;148,064801;126,010002
2025-02-27 10:00:00;2025-02-27 11:00:00;122,444928;110,000000
2025-02-27 11:00:00;2025-02-27 12:00:00;90,052262;101,099998
2025-02-27 12:00:00;2025-02-27 13:00:00;95,482331;100,800003
2025-02-27 13:00:00;2025-02-27 14:00:00;123,054184;110,000000
2025-02-27 14:00:00;2025-02-27 15:00:00;133,507062;118,760002
2025-02-27 15:00:00;2025-02-27 16:00:00;122,832586;142,619995
2025-02-27 16:00:00;2025-02-27 17:00:00;83,078086;158,690002
2025-02-27 17:00:00;2025-02-27 18:00:00;40,635381;174,710007
2025-02-27 18:00:00;2025-02-27 19:00:00;48,134330;163,169998
2025-02-27 19:00:00;2025-02-27 20:00:00;70,664583;144,610001
2025-02-27 20:00:00;2025-02-27 21:00:00;115,583640;136,539993
2025-02-27 21:00:00;2025-02-27 22:00:00;131,099677;124,690002
2025-02-27 22:00:00;2025-02-27 23:00:00;125,650136;114,889999
2025-02-27 23:00:00;2025-02-28 00:00:00;124,607724;115,470001
2025-02-28 00:00:00;2025-02-28 01:00:00;160,174108;110,540001
2025-02-28 01:00:00;2025-02-28 02:00:00;152,005723;109,379997
2025-02-28 02:00:00;2025-02-28 03:00:00;115,453819;106,930000
2025-02-28 03:00:00;2025-02-28 04:00:00;87,626680;112,029999
2025-02-28 04:00:00;2025-02-28 05:00:00;55,683518;112,629997
2025-02-28 05:00:00;2025-02-28 06:00:00;85,239230;123,970001
2025-02-28 06:00:00;2025-02-28 07:00:00;102,791158;148,830002
2025-02-28 07:00:00;2025-02-28 08:00:00;121,248437;161,820007
2025-02-28 08:00:00;2025-02-28 09:00:00;192,077709;145,500000
2025-02-28 09:00:00;2025-02-28 10:00:00;219,137852;127,440002
2025-02-28 10:00:00;2025-02-28 11:00:00;198,795477;110,000000
2025-02-28 11:00:00;2025-02-28 12:00:00;191,750299;98,339996
2025-02-28 12:00:00;2025-02-28 13:00:00;225,330490;91,500000
2025-02-28 13:00:00;2025-02-28 14:00:00;197,719003;92,000000
2025-02-28 14:00:00;2025-02-28 15:00:00;145,534366;101,150002
2025-02-28 15:00:00;2025-02-28 16:00:00;136,786623;124,099998
2025-02-28 16:00:00;2025-02-28 17:00:00;172,487715;147,720001
2025-02-28 17:00:00;2025-02-28 18:00:00;150,997375;156,630005
2025-02-28 18:00:00;2025-02-28 19:00:00;134,383545;158,000000
2025-02-28 19:00:00;2025-02-28 20:00:00;118,129603;143,960007
2025-02-28 20:00:00;2025-02-28 21:00:00;111,120765;131,309998
2025-02-28 21:00:00;2025-02-28 22:00:00;93,097144;125,540001
2025-02-28 22:00:00;2025-02-28 23:00:00;74,756014;117,209999
2025-02-28 23:00:00;2025-03-01 00:00:00;102,718920;128,190002
2025-03-01 00:00:00;2025-03-01 01:00:00;141,192512;120,379997
2025-03-01 01:00:00;2025-03-01 02:00:00;126,239568;117,089996
2025-03-01 02:00:00;2025-03-01 03:00:00;119,344074;112,150002
2025-03-01 03:00:00;2025-03-01 04:00:00;93,930393;109,750000
2025-03-01 04:00:00;2025-03-01 05:00:00;109,384172;111,879997
2025-03-01 05:00:00;2025-03-01 06:00:00;152,524927;117,099998
2025-03-01 06:00:00;2025-03-01 07:00:00;153,192685;133,820007
2025-03-01 07:00:00;2025-03-01 08:00:00;144,968584;138,300003
2025-03-01 08:00:00;2025-03-01 09:00:00;206,296897;137,740005
2025-03-01 09:00:00;2025-03-01 10:00:00;262,078687;125,080002
2025-03-01 10:00:00;2025-03-01 11:00:00;311,948426;112,110001
2025-03-01 11:00:00;2025-03-01 12:00:00;423,455987;98,629997
2025-03-01 12:00:00;2025-03-01 13:00:00;572,271057;91,449997
2025-03-01 13:00:00;2025-03-01 14:00:00;599,953953;89,099998
2025-03-01 14:00:00;2025-03-01 15:00:00;617,294224;97,500000
2025-03-01 15:00:00;2025-03-01 16:00:00;668,647554;120,180000
2025-03-01 16:00:00;2025-03-01 17:00:00;835,198977;133,860001
2025-03-01 17:00:00;2025-03-01 18:00:00;925,523866;152,000000
2025-03-01 18:00:00;2025-03-01 19:00:00;1111,259395;146,759995
2025-03-01 19:00:00;2025-03-01 20:00:00;1120,027377;133,410004
2025-03-01 20:00:00;2025-03-01 21:00:00;1125,508154;125,430000
2025-03-01 21:00:00;2025-03-01 22:00:00;1166,732818;122,029999
2025-03-01 22:00:00;2025-03-01 23:00:00;1227,763850;119,919998
2025-03-01 23:00:00;2025-03-02 00:00:00;1231,412372;108,669998
2025-03-02 00:00:00;2025-03-02 01:00:00;1138,466377;107,540001
2025-03-02 01:00:00;2025-03-02 02:00:00;1045,198715;99,320000
2025-03-02 02:00:00;2025-03-02 03:00:00;988,538767;104,839996
2025-03-02 03:00:00;2025-03-02 04:00:00;917,812496;94,230003
2025-03-02 04:00:00;2025-03-02 05:00:00;878,205860;93,980003
2025-03-02 05:00:00;2025-03-02 06:00:00;888,548690;95,889999
2025-03-02 06:00:00;2025-03-02 07:00:00;1014,236758;102,599998
2025-03-02 07:00:00;2025-03-02 08:00:00;1081,088717;103,110001
2025-03-02 08:00:00;2025-03-02 09:00:00;1081,638877;89,000000
2025-03-02 09:00:00;2025-03-02 10:00:00;1027,197985;68,300003
2025-03-02 10:00:00;2025-03-02 11:00:00;1067,116208;49,000000
2025-03-02 11:00:00;2025-03-02 12:00:00;1063,747084;21,370001
2025-03-02 12:00:00;2025-03-02 13:00:00;800,743493;3,130000
2025-03-02 13:00:00;2025-03-02 14:00:00;476,097251;2,850000
2025-03-02 14:00:00;2025-03-02 15:00:00;1082,610130;44,000000
2025-03-02 15:00:00;2025-03-02 16:00:00;1098,107785;74,250000
2025-03-02 16:00:00;2025-03-02 17:00:00;1142,246071;99,699997
2025-03-02 17:00:00;2025-03-02 18:00:00;1143,233106;136,580002
2025-03-02 18:00:00;2025-03-02 19:00:00;1218,933568;117,230003
2025-03-02 19:00:00;2025-03-02 20:00:00;1255,180183;89,099998
2025-03-02 20:00:00;2025-03-02 21:00:00;1298,492952;65,169998
2025-03-02 21:00:00;2025-03-02 22:00:00;1313,105205;52,000000
2025-03-02 22:00:00;2025-03-02 23:00:00;1323,141540;41,869999
2025-03-02 23:00:00;2025-03-03 00:00:00;1319,626603;45,040001
2025-03-03 00:00:00;2025-03-03 01:00:00;1335,899335;45,549999
2025-03-03 01:00:00;2025-03-03 02:00:00;1332,283358;45,540001
2025-03-03 02:00:00;2025-03-03 03:00:00;1319,474446;45,580002
2025-03-03 03:00:00;2025-03-03 04:00:00;1308,646136;31,309999
2025-03-03 04:00:00;2025-03-03 05:00:00;1322,228527;35,209999
2025-03-03 05:00:00;2025-03-03 06:00:00;1297,617266;41,810001
2025-03-03 06:00:00;2025-03-03 07:00:00;1309,990763;58,700001
2025-03-03 07:00:00;2025-03-03 08:00:00;1334,809589;70,099998
2025-03-03 08:00:00;2025-03-03 09:00:00;1340,952556;44,599998
2025-03-03 09:00:00;2025-03-03 10:00:00;1321,005882;23,350000
2025-03-03 10:00:00;2025-03-03 11:00:00;1290,982775;6,400000
2025-03-03 11:00:00;2025-03-03 12:00:00;473,074415;0,330000
2025-03-03 12:00:00;2025-03-03 13:00:00;392,173244;0,010000
2025-03-03 13:00:00;2025-03-03 14:00:00;1191,956957;12,470000
2025-03-03 14:00:00;2025-03-03 15:00:00;1250,459591;36,060001
2025-03-03 15:00:00;2025-03-03 16:00:00;1188,454634;70,650002
2025-03-03 16:00:00;2025-03-03 17:00:00;1169,212792;121,720001
2025-03-03 17:00:00;2025-03-03 18:00:00;1235,428610;145,559998
2025-03-03 18:00:00;2025-03-03 19:00:00;1251,372515;108,500000
2025-03-03 19:00:00;2025-03-03 20:00:00;1255,815348;95,839996
2025-03-03 20:00:00;2025-03-03 21:00:00;1208,675840;83,910004
2025-03-03 21:00:00;2025-03-03 22:00:00;1318,902330;82,750000
2025-03-03 22:00:00;2025-03-03 23:00:00;1325,376618;70,620003
2025-03-03 23:00:00;2025-03-04 00:00:00;1317,946308;65,059998
2025-03-04 00:00:00;2025-03-04 01:00:00;1276,914788;65,389999
2025-03-04 01:00:00;2025-03-04 02:00:00;1303,904740;65,949997
2025-03-04 02:00:00;2025-03-04 03:00:00;1296,618051;60,950001
2025-03-04 03:00:00;2025-03-04 04:00:00;1309,088471;52,009998
2025-03-04 04:00:00;2025-03-04 05:00:00;1321,523676;50,790001
2025-03-04 05:00:00;2025-03-04 06:00:00;1305,790673;51,389999
2025-03-04 06:00:00;2025-03-04 07:00:00;1320,561166;65,900002
2025-03-04 07:00:00;2025-03-04 08:00:00;1310,030461;62,849998
2025-03-04 08:00:00;2025-03-04 09:00:00;1312,683548;61,230000
2025-03-04 09:00:00;2025-03-04 10:00:00;1300,496450;25,299999
2025-03-04 10:00:00;2025-03-04 11:00:00;1150,893934;13,260000
2025-03-04 11:00:00;2025-03-04 12:00:00;1007,583460;4,000000
2025-03-04 12:00:00;2025-03-04 13:00:00;965,931133;4,040000
2025-03-04 13:00:00;2025-03-04 14:00:00;1312,188898;10,110000
2025-03-04 14:00:00;2025-03-04 15:00:00;1316,899981;30,070000
2025-03-04 15:00:00;2025-03-04 16:00:00;1317,817050;50,000000
2025-03-04 16:00:00;2025-03-04 17:00:00;1326,314586;74,910004
2025-03-04 17:00:00;2025-03-04 18:00:00;1320,894472;64,540001
2025-03-04 18:00:00;2025-03-04 19:00:00;1347,097248;42,310001
2025-03-04 19:00:00;2025-03-04 20:00:00;1183,829210;29,850000
2025-03-04 20:00:00;2025-03-04 21:00:00;1160,138251;25,330000
2025-03-04 21:00:00;2025-03-04 22:00:00;1154,878437;25,520000
2025-03-04 22:00:00;2025-03-04 23:00:00;1154,613684;20,690001
2025-03-04 23:00:00;2025-03-05 00:00:00;1174,982720;23,209999
2025-03-05 00:00:00;2025-03-05 01:00:00;1309,601832;22,870001
2025-03-05 01:00:00;2025-03-05 02:00:00;1288,047724;21,309999
2025-03-05 02:00:00;2025-03-05 03:00:00;1236,678411;18,559999
2025-03-05 03:00:00;2025-03-05 04:00:00;1239,986875;19,240000
2025-03-05 04:00:00;2025-03-05 05:00:00;1220,514847;17,879999
2025-03-05 05:00:00;2025-03-05 06:00:00;1318,736698;31,290001
2025-03-05 06:00:00;2025-03-05 07:00:00;1317,325635;43,930000
2025-03-05 07:00:00;2025-03-05 08:00:00;1317,712134;47,709999
2025-03-05 08:00:00;2025-03-05 09:00:00;1340,422103;22,000000
2025-03-05 09:00:00;2025-03-05 10:00:00;579,926056;0,020000
2025-03-05 10:00:00;2025-03-05 11:00:00;222,030640;-0,070000
2025-03-05 11:00:00;2025-03-05 12:00:00;153,619121;-4,280000
2025-03-05 12:00:00;2025-03-05 13:00:00;88,099143;-3,700000
2025-03-05 13:00:00;2025-03-05 14:00:00;382,094863;0,050000
2025-03-05 14:00:00;2025-03-05 15:00:00;785,329482;3,970000
2025-03-05 15:00:00;2025-03-05 16:00:00;1116,735386;13,230000
2025-03-05 16:00:00;2025-03-05 17:00:00;1309,385218;60,400002
2025-03-05 17:00:00;2025-03-05 18:00:00;1335,899820;60,410000
2025-03-05 18:00:00;2025-03-05 19:00:00;1321,094190;55,869999
2025-03-05 19:00:00;2025-03-05 20:00:00;1294,501457;35,080002
2025-03-05 20:00:00;2025-03-05 21:00:00;1280,872893;33,549999
2025-03-05 21:00:00;2025-03-05 22:00:00;1299,321652;31,309999
2025-03-05 22:00:00;2025-03-05 23:00:00;1292,125043;31,160000
2025-03-05 23:00:00;2025-03-06 00:00:00;1289,091361;30,299999
2025-03-06 00:00:00;2025-03-06 01:00:00;1228,551005;29,530001
2025-03-06 01:00:00;2025-03-06 02:00:00;1254,130864;35,470001
2025-03-06 02:00:00;2025-03-06 03:00:00;1244,451311;39,250000
2025-03-06 03:00:00;2025-03-06 04:00:00;1235,591684;47,400002
2025-03-06 04:00:00;2025-03-06 05:00:00;1238,898839;65,970001
2025-03-06 05:00:00;2025-03-06 06:00:00;1263,513656;93,150002
2025-03-06 06:00:00;2025-03-06 07:00:00;1261,220732;129,789993
2025-03-06 07:00:00;2025-03-06 08:00:00;1235,204795;108,500000
2025-03-06 08:00:00;2025-03-06 09:00:00;1172,956751;78,699997
2025-03-06 09:00:00;2025-03-06 10:00:00;996,479023;50,470001
2025-03-06 10:00:00;2025-03-06 11:00:00;603,402283;4,020000
2025-03-06 11:00:00;2025-03-06 12:00:00;83,703478;0,080000
2025-03-06 12:00:00;2025-03-06 13:00:00;37,689538;0,020000
2025-03-06 13:00:00;2025-03-06 14:00:00;931,711513;13,160000
2025-03-06 14:00:00;2025-03-06 15:00:00;882,912081;63,610001
2025-03-06 15:00:00;2025-03-06 16:00:00;757,201193;99,190002
2025-03-06 16:00:00;2025-03-06 17:00:00;648,365414;129,690002
2025-03-06 17:00:00;2025-03-06 18:00:00;589,217893;155,729996
2025-03-06 18:00:00;2025-03-06 19:00:00;754,068190;132,330002
2025-03-06 19:00:00;2025-03-06 20:00:00;809,663990;112,629997
2025-03-06 20:00:00;2025-03-06 21:00:00;828,772835;103,370003
2025-03-06 21:00:00;2025-03-06 22:00:00;853,757127;96,400002
2025-03-06 22:00:00;2025-03-06 23:00:00;830,318329;86,000000
2025-03-06 23:00:00;2025-03-07 00:00:00;737,412673;84,580002
2025-03-07 00:00:00;2025-03-07 01:00:00;673,041972;86,000000
2025-03-07 01:00:00;2025-03-07 02:00:00;639,440734;87,000000
2025-03-07 02:00:00;2025-03-07 03:00:00;566,814790;85,879997
2025-03-07 03:00:00;2025-03-07 04:00:00;513,262606;90,000000
2025-03-07 04:00:00;2025-03-07 05:00:00;518,304561;101,300003
2025-03-07 05:00:00;2025-03-07 06:00:00;625,717260;107,199997
2025-03-07 06:00:00;2025-03-07 07:00:00;751,058472;131,369995
2025-03-07 07:00:00;2025-03-07 08:00:00;844,378235;122,230003
2025-03-07 08:00:00;2025-03-07 09:00:00;793,414028;83,000000
2025-03-07 09:00:00;2025-03-07 10:00:00;779,186693;65,300003
2025-03-07 10:00:00;2025-03-07 11:00:00;822,766328;31,809999
2025-03-07 11:00:00;2025-03-07 12:00:00;821,306891;12,790000
2025-03-07 12:00:00;2025-03-07 13:00:00;815,783362;8,080000
2025-03-07 13:00:00;2025-03-07 14:00:00;683,665974;37,060001
2025-03-07 14:00:00;2025-03-07 15:00:00;603,000466;90,150002
2025-03-07 15:00:00;2025-03-07 16:00:00;578,740596;110,000000
2025-03-07 16:00:00;2025-03-07 17:00:00;462,564289;134,830002
2025-03-07 17:00:00;2025-03-07 18:00:00;408,880904;195,470001
2025-03-07 18:00:00;2025-03-07 19:00:00;339,585764;165,800003
2025-03-07 19:00:00;2025-03-07 20:00:00;297,567290;136,110001
2025-03-07 20:00:00;2025-03-07 21:00:00;279,479970;118,550003
2025-03-07 21:00:00;2025-03-07 22:00:00;289,452812;119,110001
2025-03-07 22:00:00;2025-03-07 23:00:00;190,083906;102,419998
2025-03-07 23:00:00;2025-03-08 00:00:00;124,279494;124,970001
2025-03-08 00:00:00;2025-03-08 01:00:00;135,507778;113,940002
2025-03-08 01:00:00;2025-03-08 02:00:00;79,272448;117,220001
2025-03-08 02:00:00;2025-03-08 03:00:00;72,386245;116,760002
2025-03-08 03:00:00;2025-03-08 04:00:00;82,386880;118,419998
2025-03-08 04:00:00;2025-03-08 05:00:00;84,566505;121,300003
2025-03-08 05:00:00;2025-03-08 06:00:00;99,117997;114,900002
2025-03-08 06:00:00;2025-03-08 07:00:00;86,190623;120,589996
2025-03-08 07:00:00;2025-03-08 08:00:00;76,417728;98,040001
2025-03-08 08:00:00;2025-03-08 09:00:00;83,316638;72,540001
2025-03-08 09:00:00;2025-03-08 10:00:00;91,861231;18,049999
2025-03-08 10:00:00;2025-03-08 11:00:00;59,425722;2,070000
2025-03-08 11:00:00;2025-03-08 12:00:00;27,297875;-0,340000
2025-03-08 12:00:00;2025-03-08 13:00:00;26,616973;-0,100000
2025-03-08 13:00:00;2025-03-08 14:00:00;21,211771;0,070000
2025-03-08 14:00:00;2025-03-08 15:00:00;85,859791;56,200001
2025-03-08 15:00:00;2025-03-08 16:00:00;57,656176;100,860001
2025-03-08 16:00:00;2025-03-08 17:00:00;29,703837;145,580002
2025-03-08 17:00:00;2025-03-08 18:00:00;76,776177;174,050003
2025-03-08 18:00:00;2025-03-08 19:00:00;165,543199;140,029999
2025-03-08 19:00:00;2025-03-08 20:00:00;292,581049;111,209999
2025-03-08 20:00:00;2025-03-08 21:00:00;444,362874;100,000000
2025-03-08 21:00:00;2025-03-08 22:00:00;459,858075;99,239998
2025-03-08 22:00:00;2025-03-08 23:00:00;526,075636;97,940002
2025-03-08 23:00:00;2025-03-09 00:00:00;552,875554;95,190002
2025-03-09 00:00:00;2025-03-09 01:00:00;488,587060;94,809998
2025-03-09 01:00:00;2025-03-09 02:00:00;339,810223;94,440002
2025-03-09 02:00:00;2025-03-09 03:00:00;259,839728;96,510002
2025-03-09 03:00:00;2025-03-09 04:00:00;197,708974;98,669998
2025-03-09 04:00:00;2025-03-09 05:00:00;146,461828;101,510002
2025-03-09 05:00:00;2025-03-09 06:00:00;172,607954;100,000000
2025-03-09 06:00:00;2025-03-09 07:00:00;203,876752;93,010002
2025-03-09 07:00:00;2025-03-09 08:00:00;242,958866;65,400002
2025-03-09 08:00:00;2025-03-09 09:00:00;205,218205;29,270000
2025-03-09 09:00:00;2025-03-09 10:00:00;161,607320;10,100000
2025-03-09 10:00:00;2025-03-09 11:00:00;71,512025;0,030000
2025-03-09 11:00:00;2025-03-09 12:00:00;21,282101;-2,260000
2025-03-09 12:00:00;2025-03-09 13:00:00;12,879800;-2,040000
2025-03-09 13:00:00;2025-03-09 14:00:00;17,890500;0,090000
2025-03-09 14:00:00;2025-03-09 15:00:00;28,021879;17,389999
2025-03-09 15:00:00;2025-03-09 16:00:00;30,055570;90,559998
2025-03-09 16:00:00;2025-03-09 17:00:00;68,659816;112,059998
2025-03-09 17:00:00;2025-03-09 18:00:00;142,956474;134,160004
2025-03-09 18:00:00;2025-03-09 19:00:00;175,878367;136,699997
2025-03-09 19:00:00;2025-03-09 20:00:00;193,403939;130,199997
2025-03-09 20:00:00;2025-03-09 21:00:00;319,362494;121,440002
2025-03-09 21:00:00;2025-03-09 22:00:00;312,665204;110,010002
2025-03-09 22:00:00;2025-03-09 23:00:00;198,252992;103,639999
2025-03-09 23:00:00;2025-03-10 00:00:00;147,643253;95,839996
2025-03-10 00:00:00;2025-03-10 01:00:00;182,577209;94,919998
2025-03-10 01:00:00;2025-03-10 02:00:00;222,008898;96,699997
2025-03-10 02:00:00;2025-03-10 03:00:00;183,112499;96,870003
2025-03-10 03:00:00;2025-03-10 04:00:00;167,893075;89,980003
2025-03-10 04:00:00;2025-03-10 05:00:00;129,147764;101,139999
2025-03-10 05:00:00;2025-03-10 06:00:00;122,050892;144,250000
2025-03-10 06:00:00;2025-03-10 07:00:00;102,949802;153,419998
2025-03-10 07:00:00;2025-03-10 08:00:00;139,087329;133,960007
2025-03-10 08:00:00;2025-03-10 09:00:00;121,619444;98,879997
2025-03-10 09:00:00;2025-03-10 10:00:00;109,830853;84,379997
2025-03-10 10:00:00;2025-03-10 11:00:00;114,994687;77,879997
2025-03-10 11:00:00;2025-03-10 12:00:00;134,952480;76,019997
2025-03-10 12:00:00;2025-03-10 13:00:00;196,138840;77,320000
2025-03-10 13:00:00;2025-03-10 14:00:00;266,916543;83,910004
2025-03-10 14:00:00;2025-03-10 15:00:00;294,902701;96,510002
2025-03-10 15:00:00;2025-03-10 16:00:00;318,882454;103,419998
2025-03-10 16:00:00;2025-03-10 17:00:00;325,675646;140,949997
2025-03-10 17:00:00;2025-03-10 18:00:00;355,034015;165,350006
2025-03-10 18:00:00;2025-03-10 19:00:00;319,842468;156,889999
2025-03-10 19:00:00;2025-03-10 20:00:00;276,829368;123,199997
2025-03-10 20:00:00;2025-03-10 21:00:00;211,712145;115,820000
2025-03-10 21:00:00;2025-03-10 22:00:00;288,718987;105,820000
2025-03-10 22:00:00;2025-03-10 23:00:00;323,778546;97,949997
2025-03-10 23:00:00;2025-03-11 00:00:00;271,013261;104,389999
2025-03-11 00:00:00;2025-03-11 01:00:00;200,081667;101,800003
2025-03-11 01:00:00;2025-03-11 02:00:00;119,462609;99,730003
2025-03-11 02:00:00;2025-03-11 03:00:00;107,467817;100,500000
2025-03-11 03:00:00;2025-03-11 04:00:00;90,275593;102,510002
2025-03-11 04:00:00;2025-03-11 05:00:00;86,667584;103,489998
2025-03-11 05:00:00;2025-03-11 06:00:00;61,123404;113,550003
2025-03-11 06:00:00;2025-03-11 07:00:00;48,618819;152,979996
2025-03-11 07:00:00;2025-03-11 08:00:00;46,024291;146,490005
2025-03-11 08:00:00;2025-03-11 09:00:00;38,690296;128,529999
2025-03-11 09:00:00;2025-03-11 10:00:00;19,110448;102,000000
2025-03-11 10:00:00;2025-03-11 11:00:00;11,953280;97,480003
2025-03-11 11:00:00;2025-03-11 12:00:00;21,960183;96,440002
2025-03-11 12:00:00;2025-03-11 13:00:00;58,381523;98,379997
2025-03-11 13:00:00;2025-03-11 14:00:00;109,099512;102,349998
2025-03-11 14:00:00;2025-03-11 15:00:00;93,815744;112,839996
2025-03-11 15:00:00;2025-03-11 16:00:00;152,337300;124,680000
2025-03-11 16:00:00;2025-03-11 17:00:00;176,541903;152,339996
2025-03-11 17:00:00;2025-03-11 18:00:00;205,498780;183,929993
2025-03-11 18:00:00;2025-03-11 19:00:00;241,977942;169,669998
2025-03-11 19:00:00;2025-03-11 20:00:00;311,954733;144,929993
2025-03-11 20:00:00;2025-03-11 21:00:00;389,961643;130,839996
2025-03-11 21:00:00;2025-03-11 22:00:00;447,888731;121,250000
2025-03-11 22:00:00;2025-03-11 23:00:00;437,174836;107,339996
2025-03-11 23:00:00;2025-03-12 00:00:00;547,861613;101,730003
2025-03-12 00:00:00;2025-03-12 01:00:00;515,503372;100,089996
2025-03-12 01:00:00;2025-03-12 02:00:00;457,723356;97,790001
2025-03-12 02:00:00;2025-03-12 03:00:00;529,121549;97,379997
2025-03-12 03:00:00;2025-03-12 04:00:00;595,014083;101,800003
2025-03-12 04:00:00;2025-03-12 05:00:00;385,683025;106,589996
2025-03-12 05:00:00;2025-03-12 06:00:00;261,059471;135,949997
2025-03-12 06:00:00;2025-03-12 07:00:00;237,983745;149,720001
2025-03-12 07:00:00;2025-03-12 08:00:00;225,805570;148,410004
2025-03-12 08:00:00;2025-03-12 09:00:00;127,812840;125,000000
2025-03-12 09:00:00;2025-03-12 10:00:00;84,248212;102,620003
2025-03-12 10:00:00;2025-03-12 11:00:00;136,170188;99,690002
2025-03-12 11:00:00;2025-03-12 12:00:00;112,166973;98,070000
2025-03-12 12:00:00;2025-03-12 13:00:00;89,605132;99,910004
2025-03-12 13:00:00;2025-03-12 14:00:00;126,826645;101,650002
2025-03-12 14:00:00;2025-03-12 15:00:00;137,970785;117,739998
2025-03-12 15:00:00;2025-03-12 16:00:00;149,374169;124,650002
2025-03-12 16:00:00;2025-03-12 17:00:00;140,158714;145,610001
2025-03-12 17:00:00;2025-03-12 18:00:00;171,463888;193,509995
2025-03-12 18:00:00;2025-03-12 19:00:00;171,303250;179,490005
2025-03-12 19:00:00;2025-03-12 20:00:00;165,671116;148,050003
2025-03-12 20:00:00;2025-03-12 21:00:00;181,135076;132,199997
2025-03-12 21:00:00;2025-03-12 22:00:00;159,754237;120,000000
2025-03-12 22:00:00;2025-03-12 23:00:00;147,229200;109,910004
2025-03-12 23:00:00;2025-03-13 00:00:00;157,793204;108,519997
2025-03-13 00:00:00;2025-03-13 01:00:00;217,482492;102,250000
2025-03-13 01:00:00;2025-03-13 02:00:00;292,324442;98,980003
2025-03-13 02:00:00;2025-03-13 03:00:00;439,961633;96,709999
2025-03-13 03:00:00;2025-03-13 04:00:00;595,479966;98,349998
2025-03-13 04:00:00;2025-03-13 05:00:00;664,084403;105,879997
2025-03-13 05:00:00;2025-03-13 06:00:00;578,919625;132,990005
2025-03-13 06:00:00;2025-03-13 07:00:00;495,349053;159,869995
2025-03-13 07:00:00;2025-03-13 08:00:00;462,751052;158,029999
2025-03-13 08:00:00;2025-03-13 09:00:00;427,042130;148,130005
2025-03-13 09:00:00;2025-03-13 10:00:00;455,639948;123,769997
2025-03-13 10:00:00;2025-03-13 11:00:00;463,983421;110,699997
2025-03-13 11:00:00;2025-03-13 12:00:00;512,231734;110,010002
2025-03-13 12:00:00;2025-03-13 13:00:00;702,442081;108,220001
2025-03-13 13:00:00;2025-03-13 14:00:00;842,363121;107,540001
2025-03-13 14:00:00;2025-03-13 15:00:00;806,523996;109,989998
2025-03-13 15:00:00;2025-03-13 16:00:00;803,318502;121,470001
2025-03-13 16:00:00;2025-03-13 17:00:00;830,621023;142,649994
2025-03-13 17:00:00;2025-03-13 18:00:00;904,477087;166,050003
2025-03-13 18:00:00;2025-03-13 19:00:00;951,565623;173,470001
2025-03-13 19:00:00;2025-03-13 20:00:00;854,928727;149,000000
2025-03-13 20:00:00;2025-03-13 21:00:00;761,903731;135,690002
2025-03-13 21:00:00;2025-03-13 22:00:00;724,398334;123,480003
2025-03-13 22:00:00;2025-03-13 23:00:00;620,112016;111,629997
2025-03-13 23:00:00;2025-03-14 00:00:00;459,286242;109,089996
2025-03-14 00:00:00;2025-03-14 01:00:00;424,182976;106,000000
2025-03-14 01:00:00;2025-03-14 02:00:00;391,988268;105,900002
2025-03-14 02:00:00;2025-03-14 03:00:00;449,891319;103,830002
2025-03-14 03:00:00;2025-03-14 04:00:00;526,168418;105,300003
2025-03-14 04:00:00;2025-03-14 05:00:00;592,013112;113,989998
2025-03-14 05:00:00;2025-03-14 06:00:00;638,280917;142,990005
2025-03-14 06:00:00;2025-03-14 07:00:00;629,690157;155,110001
2025-03-14 07:00:00;2025-03-14 08:00:00;583,777814;155,000000
2025-03-14 08:00:00;2025-03-14 09:00:00;398,470474;132,089996
2025-03-14 09:00:00;2025-03-14 10:00:00;254,384737;112,000000
2025-03-14 10:00:00;2025-03-14 11:00:00;187,077315;106,349998
2025-03-14 11:00:00;2025-03-14 12:00:00;162,676957;104,500000
2025-03-14 12:00:00;2025-03-14 13:00:00;159,615309;104,580002
2025-03-14 13:00:00;2025-03-14 14:00:00;171,038208;105,379997
2025-03-14 14:00:00;2025-03-14 15:00:00;223,518180;106,500000
2025-03-14 15:00:00;2025-03-14 16:00:00;248,661847;122,220001
2025-03-14 16:00:00;2025-03-14 17:00:00;263,955505;141,179993
2025-03-14 17:00:00;2025-03-14 18:00:00;263,216526;155,330002
2025-03-14 18:00:00;2025-03-14 19:00:00;205,540154;150,910004
2025-03-14 19:00:00;2025-03-14 20:00:00;155,881908;130,009995
2025-03-14 20:00:00;2025-03-14 21:00:00;108,022449;111,389999
2025-03-14 21:00:00;2025-03-14 22:00:00;61,969356;114,000000
2025-03-14 22:00:00;2025-03-14 23:00:00;41,858380;105,169998
2025-03-14 23:00:00;2025-03-15 00:00:00;26,612795;112,150002
2025-03-15 00:00:00;2025-03-15 01:00:00;10,894978;103,139999
2025-03-15 01:00:00;2025-03-15 02:00:00;5,313690;96,000000
2025-03-15 02:00:00;2025-03-15 03:00:00;8,594776;89,900002
2025-03-15 03:00:00;2025-03-15 04:00:00;23,166000;86,900002
2025-03-15 04:00:00;2025-03-15 05:00:00;40,732200;90,550003
2025-03-15 05:00:00;2025-03-15 06:00:00;49,219100;97,010002
2025-03-15 06:00:00;2025-03-15 07:00:00;67,964900;99,419998
2025-03-15 07:00:00;2025-03-15 08:00:00;104,492300;98,769997
2025-03-15 08:00:00;2025-03-15 09:00:00;145,130384;86,400002
2025-03-15 09:00:00;2025-03-15 10:00:00;170,817155;72,389999
2025-03-15 10:00:00;2025-03-15 11:00:00;162,280185;67,120003
2025-03-15 11:00:00;2025-03-15 12:00:00;176,420586;57,279999
2025-03-15 12:00:00;2025-03-15 13:00:00;255,177564;48,000000
2025-03-15 13:00:00;2025-03-15 14:00:00;268,959424;54,509998
2025-03-15 14:00:00;2025-03-15 15:00:00;270,713774;70,779999
2025-03-15 15:00:00;2025-03-15 16:00:00;289,442340;84,239998
2025-03-15 16:00:00;2025-03-15 17:00:00;382,495322;117,599998
2025-03-15 17:00:00;2025-03-15 18:00:00;424,696769;130,300003
2025-03-15 18:00:00;2025-03-15 19:00:00;484,976985;132,960007
2025-03-15 19:00:00;2025-03-15 20:00:00;591,289912;121,459999
2025-03-15 20:00:00;2025-03-15 21:00:00;632,077064;108,500000
2025-03-15 21:00:00;2025-03-15 22:00:00;630,146046;105,019997
2025-03-15 22:00:00;2025-03-15 23:00:00;699,109411;95,250000
2025-03-15 23:00:00;2025-03-16 00:00:00;743,189086;90,010002
2025-03-16 00:00:00;2025-03-16 01:00:00;822,615160;85,790001
2025-03-16 01:00:00;2025-03-16 02:00:00;923,390466;79,620003
2025-03-16 02:00:00;2025-03-16 03:00:00;975,071709;78,180000
2025-03-16 03:00:00;2025-03-16 04:00:00;1037,468877;78,599998
2025-03-16 04:00:00;2025-03-16 05:00:00;1035,479502;80,510002
2025-03-16 05:00:00;2025-03-16 06:00:00;1146,399503;80,120003
2025-03-16 06:00:00;2025-03-16 07:00:00;1199,281570;78,059998
2025-03-16 07:00:00;2025-03-16 08:00:00;1237,381082;77,949997
2025-03-16 08:00:00;2025-03-16 09:00:00;1224,219336;56,900002
2025-03-16 09:00:00;2025-03-16 10:00:00;1065,125814;24,090000
2025-03-16 10:00:00;2025-03-16 11:00:00;235,853743;2,900000
2025-03-16 11:00:00;2025-03-16 12:00:00;81,369741;1,010000
2025-03-16 12:00:00;2025-03-16 13:00:00;181,330822;0,190000
2025-03-16 13:00:00;2025-03-16 14:00:00;286,637623;2,530000
2025-03-16 14:00:00;2025-03-16 15:00:00;1042,160621;31,000000
2025-03-16 15:00:00;2025-03-16 16:00:00;1085,722115;60,000000
2025-03-16 16:00:00;2025-03-16 17:00:00;1086,953934;94,680000
2025-03-16 17:00:00;2025-03-16 18:00:00;1121,864771;94,980003
2025-03-16 18:00:00;2025-03-16 19:00:00;1259,181074;92,500000
2025-03-16 19:00:00;2025-03-16 20:00:00;1029,385761;80,209999
2025-03-16 20:00:00;2025-03-16 21:00:00;869,803803;80,000000
2025-03-16 21:00:00;2025-03-16 22:00:00;1030,057293;78,300003
2025-03-16 22:00:00;2025-03-16 23:00:00;1084,035966;79,709999
2025-03-16 23:00:00;2025-03-17 00:00:00;902,611957;78,099998
2025-03-17 00:00:00;2025-03-17 01:00:00;746,473907;79,010002
2025-03-17 01:00:00;2025-03-17 02:00:00;507,614094;78,790001
2025-03-17 02:00:00;2025-03-17 03:00:00;346,458540;80,910004
2025-03-17 03:00:00;2025-03-17 04:00:00;269,698816;85,849998
2025-03-17 04:00:00;2025-03-17 05:00:00;150,016586;103,300003
2025-03-17 05:00:00;2025-03-17 06:00:00;82,149674;135,179993
2025-03-17 06:00:00;2025-03-17 07:00:00;54,278479;152,869995
2025-03-17 07:00:00;2025-03-17 08:00:00;40,988459;135,240005
2025-03-17 08:00:00;2025-03-17 09:00:00;42,828765;100,730003
2025-03-17 09:00:00;2025-03-17 10:00:00;52,433290;68,209999
2025-03-17 10:00:00;2025-03-17 11:00:00;103,407400;50,560001
2025-03-17 11:00:00;2025-03-17 12:00:00;106,905000;31,170000
2025-03-17 12:00:00;2025-03-17 13:00:00;124,371000;27,950001
2025-03-17 13:00:00;2025-03-17 14:00:00;196,693900;50,139999
2025-03-17 14:00:00;2025-03-17 15:00:00;291,923200;70,010002
2025-03-17 15:00:00;2025-03-17 16:00:00;349,266715;93,919998
2025-03-17 16:00:00;2025-03-17 17:00:00;437,946831;127,870003
2025-03-17 17:00:00;2025-03-17 18:00:00;516,778952;156,649994
2025-03-17 18:00:00;2025-03-17 19:00:00;613,076890;170,000000
2025-03-17 19:00:00;2025-03-17 20:00:00;655,679538;141,500000
2025-03-17 20:00:00;2025-03-17 21:00:00;743,870444;113,529999
2025-03-17 21:00:00;2025-03-17 22:00:00;783,118566;106,449997
2025-03-17 22:00:00;2025-03-17 23:00:00;804,623726;93,500000
2025-03-17 23:00:00;2025-03-18 00:00:00;870,231215;92,199997
2025-03-18 00:00:00;2025-03-18 01:00:00;895,042420;89,989998
2025-03-18 01:00:00;2025-03-18 02:00:00;945,048934;91,400002
2025-03-18 02:00:00;2025-03-18 03:00:00;963,240948;87,230003
2025-03-18 03:00:00;2025-03-18 04:00:00;905,106610;91,239998
2025-03-18 04:00:00;2025-03-18 05:00:00;778,930401;103,730003
2025-03-18 05:00:00;2025-03-18 06:00:00;700,250631;126,510002
2025-03-18 06:00:00;2025-03-18 07:00:00;654,108055;136,679993
2025-03-18 07:00:00;2025-03-18 08:00:00;639,935174;106,519997
2025-03-18 08:00:00;2025-03-18 09:00:00;562,580099;71,529999
2025-03-18 09:00:00;2025-03-18 10:00:00;476,625321;25,270000
2025-03-18 10:00:00;2025-03-18 11:00:00;171,605359;0,680000
2025-03-18 11:00:00;2025-03-18 12:00:00;22,337900;-0,140000
2025-03-18 12:00:00;2025-03-18 13:00:00;2,026400;-0,280000
2025-03-18 13:00:00;2025-03-18 14:00:00;320,683208;5,720000
2025-03-18 14:00:00;2025-03-18 15:00:00;576,466300;50,279999
2025-03-18 15:00:00;2025-03-18 16:00:00;498,348239;95,940002
2025-03-18 16:00:00;2025-03-18 17:00:00;493,212179;124,279999
2025-03-18 17:00:00;2025-03-18 18:00:00;356,553013;149,970001
2025-03-18 18:00:00;2025-03-18 19:00:00;374,215680;159,729996
2025-03-18 19:00:00;2025-03-18 20:00:00;459,710967;142,389999
2025-03-18 20:00:00;2025-03-18 21:00:00;453,134056;117,669998
2025-03-18 21:00:00;2025-03-18 22:00:00;504,974378;107,370003
2025-03-18 22:00:00;2025-03-18 23:00:00;489,600620;100,419998
2025-03-18 23:00:00;2025-03-19 00:00:00;498,398434;98,680000
2025-03-19 00:00:00;2025-03-19 01:00:00;489,265688;95,080002
2025-03-19 01:00:00;2025-03-19 02:00:00;462,102431;94,900002
2025-03-19 02:00:00;2025-03-19 03:00:00;474,296911;97,610001
2025-03-19 03:00:00;2025-03-19 04:00:00;455,931295;99,680000
2025-03-19 04:00:00;2025-03-19 05:00:00;410,821500;109,870003
2025-03-19 05:00:00;2025-03-19 06:00:00;321,862800;143,839996
2025-03-19 06:00:00;2025-03-19 07:00:00;223,670600;147,740005
2025-03-19 07:00:00;2025-03-19 08:00:00;202,461400;108,230003
2025-03-19 08:00:00;2025-03-19 09:00:00;205,929211;79,500000
2025-03-19 09:00:00;2025-03-19 10:00:00;186,058124;26,520000
2025-03-19 10:00:00;2025-03-19 11:00:00;24,561219;-0,040000
2025-03-19 11:00:00;2025-03-19 12:00:00;16,483400;-0,560000
2025-03-19 12:00:00;2025-03-19 13:00:00;17,678500;-0,250000
2025-03-19 13:00:00;2025-03-19 14:00:00;52,379708;0,990000
2025-03-19 14:00:00;2025-03-19 15:00:00;112,902705;66,730003
2025-03-19 15:00:00;2025-03-19 16:00:00;88,368670;109,849998
2025-03-19 16:00:00;2025-03-19 17:00:00;72,070991;136,970001
2025-03-19 17:00:00;2025-03-19 18:00:00;69,298803;225,809998
2025-03-19 18:00:00;2025-03-19 19:00:00;53,961530;220,300003
2025-03-19 19:00:00;2025-03-19 20:00:00;64,299391;176,679993
2025-03-19 20:00:00;2025-03-19 21:00:00;55,655608;138,240005
2025-03-19 21:00:00;2025-03-19 22:00:00;56,127324;124,449997
2025-03-19 22:00:00;2025-03-19 23:00:00;67,315761;111,139999
2025-03-19 23:00:00;2025-03-20 00:00:00;67,008929;117,169998
2025-03-20 00:00:00;2025-03-20 01:00:00;85,466958;102,860001
2025-03-20 01:00:00;2025-03-20 02:00:00;89,913549;99,559998
2025-03-20 02:00:00;2025-03-20 03:00:00;92,666639;100,080002
2025-03-20 03:00:00;2025-03-20 04:00:00;84,315923;102,830002
2025-03-20 04:00:00;2025-03-20 05:00:00;49,465708;110,690002
2025-03-20 05:00:00;2025-03-20 06:00:00;48,784052;132,240005
2025-03-20 06:00:00;2025-03-20 07:00:00;59,609385;141,210007
2025-03-20 07:00:00;2025-03-20 08:00:00;44,058113;99,870003
2025-03-20 08:00:00;2025-03-20 09:00:00;42,421300;79,449997
2025-03-20 09:00:00;2025-03-20 10:00:00;32,697103;37,509998
2025-03-20 10:00:00;2025-03-20 11:00:00;23,715000;3,420000
2025-03-20 11:00:00;2025-03-20 12:00:00;17,575600;0,430000
2025-03-20 12:00:00;2025-03-20 13:00:00;18,971000;0,650000
2025-03-20 13:00:00;2025-03-20 14:00:00;18,563600;16,600000
2025-03-20 14:00:00;2025-03-20 15:00:00;28,456285;79,419998
2025-03-20 15:00:00;2025-03-20 16:00:00;42,370071;105,900002
2025-03-20 16:00:00;2025-03-20 17:00:00;18,945613;138,130005
2025-03-20 17:00:00;2025-03-20 18:00:00;31,162404;259,529999
2025-03-20 18:00:00;2025-03-20 19:00:00;47,628385;239,410004
2025-03-20 19:00:00;2025-03-20 20:00:00;34,039686;157,500000
2025-03-20 20:00:00;2025-03-20 21:00:00;33,861976;136,820007
2025-03-20 21:00:00;2025-03-20 22:00:00;55,708382;121,199997
2025-03-20 22:00:00;2025-03-20 23:00:00;43,818861;106,949997
2025-03-20 23:00:00;2025-03-21 00:00:00;91,005293;114,559998
2025-03-21 00:00:00;2025-03-21 01:00:00;81,861244;116,410004
2025-03-21 01:00:00;2025-03-21 02:00:00;75,589920;112,739998
2025-03-21 02:00:00;2025-03-21 03:00:00;56,492020;98,150002
2025-03-21 03:00:00;2025-03-21 04:00:00;68,344677;97,449997
2025-03-21 04:00:00;2025-03-21 05:00:00;119,615925;113,250000
2025-03-21 05:00:00;2025-03-21 06:00:00;204,018994;137,300003
2025-03-21 06:00:00;2025-03-21 07:00:00;254,344797;138,330002
2025-03-21 07:00:00;2025-03-21 08:00:00;338,867126;110,730003
2025-03-21 08:00:00;2025-03-21 09:00:00;383,533480;73,309998
2025-03-21 09:00:00;2025-03-21 10:00:00;473,642540;43,250000
2025-03-21 10:00:00;2025-03-21 11:00:00;582,515494;7,350000
2025-03-21 11:00:00;2025-03-21 12:00:00;356,948041;0,810000
2025-03-21 12:00:00;2025-03-21 13:00:00;321,606636;0,000000
2025-03-21 13:00:00;2025-03-21 14:00:00;661,949231;2,490000
2025-03-21 14:00:00;2025-03-21 15:00:00;878,163705;12,360000
2025-03-21 15:00:00;2025-03-21 16:00:00;872,325737;45,900002
2025-03-21 16:00:00;2025-03-21 17:00:00;1006,208838;83,389999
2025-03-21 17:00:00;2025-03-21 18:00:00;1122,673103;96,260002
2025-03-21 18:00:00;2025-03-21 19:00:00;1210,071648;71,330002
2025-03-21 19:00:00;2025-03-21 20:00:00;1317,502359;45,750000
2025-03-21 20:00:00;2025-03-21 21:00:00;1317,866592;43,730000
2025-03-21 21:00:00;2025-03-21 22:00:00;1330,281992;27,129999
2025-03-21 22:00:00;2025-03-21 23:00:00;1335,263974;18,450001
2025-03-21 23:00:00;2025-03-22 00:00:00;1326,708074;26,930000
2025-03-22 00:00:00;2025-03-22 01:00:00;1340,233031;12,570000
2025-03-22 01:00:00;2025-03-22 02:00:00;1340,019270;9,070000
2025-03-22 02:00:00;2025-03-22 03:00:00;1333,908668;6,880000
2025-03-22 03:00:00;2025-03-22 04:00:00;1331,443347;10,120000
2025-03-22 04:00:00;2025-03-22 05:00:00;1336,203597;12,950000
2025-03-22 05:00:00;2025-03-22 06:00:00;1348,228967;13,010000
2025-03-22 06:00:00;2025-03-22 07:00:00;1354,789653;13,040000
2025-03-22 07:00:00;2025-03-22 08:00:00;993,824665;3,110000
2025-03-22 08:00:00;2025-03-22 09:00:00;557,765672;0,000000
2025-03-22 09:00:00;2025-03-22 10:00:00;67,093844;-1,860000
2025-03-22 10:00:00;2025-03-22 11:00:00;30,595270;-6,000000
2025-03-22 11:00:00;2025-03-22 12:00:00;14,402900;-12,980000
2025-03-22 12:00:00;2025-03-22 13:00:00;10,104200;-11,700000
2025-03-22 13:00:00;2025-03-22 14:00:00;3,310700;-6,390000
2025-03-22 14:00:00;2025-03-22 15:00:00;351,506000;-1,510000
2025-03-22 15:00:00;2025-03-22 16:00:00;837,027448;1,010000
2025-03-22 16:00:00;2025-03-22 17:00:00;1301,864847;32,470001
2025-03-22 17:00:00;2025-03-22 18:00:00;1335,881246;45,560001
2025-03-22 18:00:00;2025-03-22 19:00:00;1338,624491;32,139999
2025-03-22 19:00:00;2025-03-22 20:00:00;1331,742518;25,590000
2025-03-22 20:00:00;2025-03-22 21:00:00;1336,807696;29,200001
2025-03-22 21:00:00;2025-03-22 22:00:00;1338,616895;29,730000
2025-03-22 22:00:00;2025-03-22 23:00:00;1339,073089;35,689999
2025-03-22 23:00:00;2025-03-23 00:00:00;1331,657305;13,690000
2025-03-23 00:00:00;2025-03-23 01:00:00;1333,454166;19,010000
2025-03-23 01:00:00;2025-03-23 02:00:00;1324,397971;23,650000
2025-03-23 02:00:00;2025-03-23 03:00:00;1329,050773;23,490000
2025-03-23 03:00:00;2025-03-23 04:00:00;1323,950691;24,820000
2025-03-23 04:00:00;2025-03-23 05:00:00;1321,764432;25,010000
2025-03-23 05:00:00;2025-03-23 06:00:00;1323,484026;24,840000
2025-03-23 06:00:00;2025-03-23 07:00:00;1237,263458;24,260000
2025-03-23 07:00:00;2025-03-23 08:00:00;1263,274872;18,990000
2025-03-23 08:00:00;2025-03-23 09:00:00;1049,721061;6,890000
2025-03-23 09:00:00;2025-03-23 10:00:00;940,593672;4,280000
2025-03-23 10:00:00;2025-03-23 11:00:00;809,805467;4,020000
2025-03-23 11:00:00;2025-03-23 12:00:00;664,206427;4,060000
2025-03-23 12:00:00;2025-03-23 13:00:00;678,023034;4,080000
2025-03-23 13:00:00;2025-03-23 14:00:00;853,026305;4,020000
2025-03-23 14:00:00;2025-03-23 15:00:00;1105,085034;6,700000
2025-03-23 15:00:00;2025-03-23 16:00:00;1172,439834;53,650002
2025-03-23 16:00:00;2025-03-23 17:00:00;1071,412532;117,080002
2025-03-23 17:00:00;2025-03-23 18:00:00;964,845024;140,000000
2025-03-23 18:00:00;2025-03-23 19:00:00;1073,035655;140,960007
2025-03-23 19:00:00;2025-03-23 20:00:00;1105,219008;139,699997
2025-03-23 20:00:00;2025-03-23 21:00:00;1071,297893;128,119995
2025-03-23 21:00:00;2025-03-23 22:00:00;1010,872314;123,519997
2025-03-23 22:00:00;2025-03-23 23:00:00;777,947930;114,239998
2025-03-23 23:00:00;2025-03-24 00:00:00;667,990084;110,449997
2025-03-24 00:00:00;2025-03-24 01:00:00;496,137705;107,290001
2025-03-24 01:00:00;2025-03-24 02:00:00;310,486944;101,910004
2025-03-24 02:00:00;2025-03-24 03:00:00;182,327301;98,940002
2025-03-24 03:00:00;2025-03-24 04:00:00;165,548639;101,989998
2025-03-24 04:00:00;2025-03-24 05:00:00;136,757292;119,820000
2025-03-24 05:00:00;2025-03-24 06:00:00;136,445119;141,500000
2025-03-24 06:00:00;2025-03-24 07:00:00;187,265089;164,279999
2025-03-24 07:00:00;2025-03-24 08:00:00;176,725269;161,860001
2025-03-24 08:00:00;2025-03-24 09:00:00;115,406691;135,380005
2025-03-24 09:00:00;2025-03-24 10:00:00;60,508100;111,160004
2025-03-24 10:00:00;2025-03-24 11:00:00;45,888100;107,360001
2025-03-24 11:00:00;2025-03-24 12:00:00;30,081746;100,750000
2025-03-24 12:00:00;2025-03-24 13:00:00;56,978356;100,870003
2025-03-24 13:00:00;2025-03-24 14:00:00;72,335679;106,570000
2025-03-24 14:00:00;2025-03-24 15:00:00;63,109993;99,589996
2025-03-24 15:00:00;2025-03-24 16:00:00;49,158140;119,910004
2025-03-24 16:00:00;2025-03-24 17:00:00;25,218695;149,440002
2025-03-24 17:00:00;2025-03-24 18:00:00;25,755949;205,050003
2025-03-24 18:00:00;2025-03-24 19:00:00;50,734671;191,669998
2025-03-24 19:00:00;2025-03-24 20:00:00;170,025376;161,839996
2025-03-24 20:00:00;2025-03-24 21:00:00;263,909883;136,850006
2025-03-24 21:00:00;2025-03-24 22:00:00;383,924517;125,559998
2025-03-24 22:00:00;2025-03-24 23:00:00;353,110848;115,139999
2025-03-24 23:00:00;2025-03-25 00:00:00;318,815636;100,620003
2025-03-25 00:00:00;2025-03-25 01:00:00;387,875500;100,000000
2025-03-25 01:00:00;2025-03-25 02:00:00;485,473194;99,279999
2025-03-25 02:00:00;2025-03-25 03:00:00;528,836766;96,400002
2025-03-25 03:00:00;2025-03-25 04:00:00;743,294619;95,639999
2025-03-25 04:00:00;2025-03-25 05:00:00;865,797268;99,930000
2025-03-25 05:00:00;2025-03-25 06:00:00;957,788433;100,370003
2025-03-25 06:00:00;2025-03-25 07:00:00;687,270086;139,100006
2025-03-25 07:00:00;2025-03-25 08:00:00;772,459408;130,059998
2025-03-25 08:00:00;2025-03-25 09:00:00;781,314623;106,410004
2025-03-25 09:00:00;2025-03-25 10:00:00;722,302644;92,029999
2025-03-25 10:00:00;2025-03-25 11:00:00;733,850010;78,349998
2025-03-25 11:00:00;2025-03-25 12:00:00;690,039651;68,449997
2025-03-25 12:00:00;2025-03-25 13:00:00;671,630946;68,290001
2025-03-25 13:00:00;2025-03-25 14:00:00;587,866390;77,430000
2025-03-25 14:00:00;2025-03-25 15:00:00;613,186107;88,820000
2025-03-25 15:00:00;2025-03-25 16:00:00;738,142194;101,889999
2025-03-25 16:00:00;2025-03-25 17:00:00;866,408433;127,849998
2025-03-25 17:00:00;2025-03-25 18:00:00;1252,593170;137,270004
2025-03-25 18:00:00;2025-03-25 19:00:00;1314,741136;112,790001
2025-03-25 19:00:00;2025-03-25 20:00:00;1273,430746;88,480003
2025-03-25 20:00:00;2025-03-25 21:00:00;1323,975800;80,849998
2025-03-25 21:00:00;2025-03-25 22:00:00;1304,443361;63,369999
2025-03-25 22:00:00;2025-03-25 23:00:00;1311,607151;56,599998
2025-03-25 23:00:00;2025-03-26 00:00:00;1306,457041;67,099998
2025-03-26 00:00:00;2025-03-26 01:00:00;1295,113972;63,750000
2025-03-26 01:00:00;2025-03-26 02:00:00;1286,212628;64,360001
2025-03-26 02:00:00;2025-03-26 03:00:00;1292,218480;65,949997
2025-03-26 03:00:00;2025-03-26 04:00:00;1283,974944;70,000000
2025-03-26 04:00:00;2025-03-26 05:00:00;1280,847603;91,360001
2025-03-26 05:00:00;2025-03-26 06:00:00;1188,805985;117,279999
2025-03-26 06:00:00;2025-03-26 07:00:00;760,419945;112,709999
2025-03-26 07:00:00;2025-03-26 08:00:00;733,480856;107,930000
2025-03-26 08:00:00;2025-03-26 09:00:00;672,516314;103,720001
2025-03-26 09:00:00;2025-03-26 10:00:00;521,164229;72,830002
2025-03-26 10:00:00;2025-03-26 11:00:00;431,734307;81,449997
2025-03-26 11:00:00;2025-03-26 12:00:00;345,525223;81,010002
2025-03-26 12:00:00;2025-03-26 13:00:00;338,599099;72,339996
2025-03-26 13:00:00;2025-03-26 14:00:00;242,343868;72,800003
2025-03-26 14:00:00;2025-03-26 15:00:00;217,501945;91,169998
2025-03-26 15:00:00;2025-03-26 16:00:00;346,407925;99,050003
2025-03-26 16:00:00;2025-03-26 17:00:00;183,671990;129,630005
2025-03-26 17:00:00;2025-03-26 18:00:00;169,266346;157,320007
2025-03-26 18:00:00;2025-03-26 19:00:00;371,240594;167,559998
2025-03-26 19:00:00;2025-03-26 20:00:00;511,544187;150,000000
2025-03-26 20:00:00;2025-03-26 21:00:00;696,111075;126,330002
2025-03-26 21:00:00;2025-03-26 22:00:00;799,843350;117,480003
2025-03-26 22:00:00;2025-03-26 23:00:00;887,446911;106,889999
2025-03-26 23:00:00;2025-03-27 00:00:00;955,182642;103,910004
2025-03-27 00:00:00;2025-03-27 01:00:00;918,458378;98,980003
2025-03-27 01:00:00;2025-03-27 02:00:00;947,502674;96,610001
2025-03-27 02:00:00;2025-03-27 03:00:00;1124,194187;95,839996
2025-03-27 03:00:00;2025-03-27 04:00:00;1141,946988;92,160004
2025-03-27 04:00:00;2025-03-27 05:00:00;1051,761727;100,559998
2025-03-27 05:00:00;2025-03-27 06:00:00;1022,729189;120,419998
2025-03-27 06:00:00;2025-03-27 07:00:00;699,970231;140,000000
2025-03-27 07:00:00;2025-03-27 08:00:00;647,487854;123,500000
2025-03-27 08:00:00;2025-03-27 09:00:00;612,735588;89,919998
2025-03-27 09:00:00;2025-03-27 10:00:00;571,147028;70,779999
2025-03-27 10:00:00;2025-03-27 11:00:00;601,575950;45,480000
2025-03-27 11:00:00;2025-03-27 12:00:00;603,408613;24,809999
2025-03-27 12:00:00;2025-03-27 13:00:00;513,668000;6,670000
2025-03-27 13:00:00;2025-03-27 14:00:00;453,081948;30,340000
2025-03-27 14:00:00;2025-03-27 15:00:00;505,395545;68,800003
2025-03-27 15:00:00;2025-03-27 16:00:00;532,266066;87,080002
2025-03-27 16:00:00;2025-03-27 17:00:00;413,990425;114,000000
2025-03-27 17:00:00;2025-03-27 18:00:00;699,701090;125,650002
2025-03-27 18:00:00;2025-03-27 19:00:00;747,808599;140,520004
2025-03-27 19:00:00;2025-03-27 20:00:00;766,465479;140,710007
2025-03-27 20:00:00;2025-03-27 21:00:00;865,132485;99,989998
2025-03-27 21:00:00;2025-03-27 22:00:00;984,035578;90,430000
2025-03-27 22:00:00;2025-03-27 23:00:00;1090,796265;81,139999
2025-03-27 23:00:00;2025-03-28 00:00:00;1025,553950;85,209999
2025-03-28 00:00:00;2025-03-28 01:00:00;1072,525610;78,309998
2025-03-28 01:00:00;2025-03-28 02:00:00;1178,860421;68,800003
2025-03-28 02:00:00;2025-03-28 03:00:00;1242,716161;64,889999
2025-03-28 03:00:00;2025-03-28 04:00:00;1249,640265;53,610001
2025-03-28 04:00:00;2025-03-28 05:00:00;1205,423783;59,840000
2025-03-28 05:00:00;2025-03-28 06:00:00;1270,947837;85,290001
2025-03-28 06:00:00;2025-03-28 07:00:00;1109,163945;84,120003
2025-03-28 07:00:00;2025-03-28 08:00:00;1082,503314;64,709999
2025-03-28 08:00:00;2025-03-28 09:00:00;1002,272153;35,000000
2025-03-28 09:00:00;2025-03-28 10:00:00;1032,831781;20,469999
2025-03-28 10:00:00;2025-03-28 11:00:00;342,555552;1,680000
2025-03-28 11:00:00;2025-03-28 12:00:00;333,827503;-0,010000
2025-03-28 12:00:00;2025-03-28 13:00:00;282,761469;-0,030000
2025-03-28 13:00:00;2025-03-28 14:00:00;1076,011742;14,480000
2025-03-28 14:00:00;2025-03-28 15:00:00;1051,169467;60,400002
2025-03-28 15:00:00;2025-03-28 16:00:00;882,208053;78,889999
2025-03-28 16:00:00;2025-03-28 17:00:00;772,796193;114,449997
2025-03-28 17:00:00;2025-03-28 18:00:00;446,722019;153,589996
2025-03-28 18:00:00;2025-03-28 19:00:00;240,464313;157,039993
2025-03-28 19:00:00;2025-03-28 20:00:00;292,516700;144,419998
2025-03-28 20:00:00;2025-03-28 21:00:00;343,684104;124,559998
2025-03-28 21:00:00;2025-03-28 22:00:00;309,621959;117,940002
2025-03-28 22:00:00;2025-03-28 23:00:00;393,423015;110,120003
2025-03-28 23:00:00;2025-03-29 00:00:00;346,502350;108,260002
2025-03-29 00:00:00;2025-03-29 01:00:00;355,969415;103,910004
2025-03-29 01:00:00;2025-03-29 02:00:00;281,877220;96,540001
2025-03-29 02:00:00;2025-03-29 03:00:00;359,368176;96,220001
2025-03-29 03:00:00;2025-03-29 04:00:00;351,469606;96,500000
2025-03-29 04:00:00;2025-03-29 05:00:00;342,165957;92,739998
2025-03-29 05:00:00;2025-03-29 06:00:00;323,268524;96,730003
2025-03-29 06:00:00;2025-03-29 07:00:00;302,855294;98,440002
2025-03-29 07:00:00;2025-03-29 08:00:00;308,766560;91,860001
2025-03-29 08:00:00;2025-03-29 09:00:00;347,172001;76,139999
2025-03-29 09:00:00;2025-03-29 10:00:00;427,861539;65,669998
2025-03-29 10:00:00;2025-03-29 11:00:00;380,049849;65,339996
2025-03-29 11:00:00;2025-03-29 12:00:00;376,556445;65,330002
2025-03-29 12:00:00;2025-03-29 13:00:00;91,720532;2,060000
2025-03-29 13:00:00;2025-03-29 14:00:00;287,373502;3,940000
2025-03-29 14:00:00;2025-03-29 15:00:00;256,000117;25,270000
2025-03-29 15:00:00;2025-03-29 16:00:00;300,140791;56,369999
2025-03-29 16:00:00;2025-03-29 17:00:00;310,491893;90,489998
2025-03-29 17:00:00;2025-03-29 18:00:00;468,590989;136,699997
2025-03-29 18:00:00;2025-03-29 19:00:00;572,834806;143,960007
2025-03-29 19:00:00;2025-03-29 20:00:00;709,755642;114,769997
2025-03-29 20:00:00;2025-03-29 21:00:00;867,212886;93,809998
2025-03-29 21:00:00;2025-03-29 22:00:00;1032,075362;76,650002
2025-03-29 22:00:00;2025-03-29 23:00:00;1019,304192;43,259998
2025-03-29 23:00:00;2025-03-30 00:00:00;981,332480;2,950000
2025-03-30 00:00:00;2025-03-30 01:00:00;807,166840;2,340000
2025-03-30 01:00:00;2025-03-30 03:00:00;692,553821;2,310000
2025-03-30 02:00:00;2025-03-30 04:00:00;405,264126;1,200000
2025-03-30 03:00:00;2025-03-30 05:00:00;374,480100;0,090000
2025-03-30 04:00:00;2025-03-30 06:00:00;349,683100;0,030000
2025-03-30 05:00:00;2025-03-30 07:00:00;315,229800;0,000000
2025-03-30 06:00:00;2025-03-30 08:00:00;318,879300;-0,010000
2025-03-30 07:00:00;2025-03-30 09:00:00;609,380142;-0,040000
2025-03-30 08:00:00;2025-03-30 10:00:00;638,286213;-3,470000
2025-03-30 09:00:00;2025-03-30 11:00:00;284,464824;-11,340000
2025-03-30 10:00:00;2025-03-30 12:00:00;232,568357;-13,390000
2025-03-30 11:00:00;2025-03-30 13:00:00;246,395353;-7,910000
2025-03-30 12:00:00;2025-03-30 14:00:00;151,924395;-5,830000
2025-03-30 13:00:00;2025-03-30 15:00:00;173,703056;-5,310000
2025-03-30 14:00:00;2025-03-30 16:00:00;329,433575;-3,200000
2025-03-30 15:00:00;2025-03-30 17:00:00;660,917971;0,070000
2025-03-30 16:00:00;2025-03-30 18:00:00;991,337256;14,410000
2025-03-30 17:00:00;2025-03-30 19:00:00;1097,619160;60,830002
2025-03-30 18:00:00;2025-03-30 20:00:00;1166,341729;58,860001
2025-03-30 19:00:00;2025-03-30 21:00:00;1119,145842;50,009998
2025-03-30 20:00:00;2025-03-30 22:00:00;1058,371519;61,709999
2025-03-30 21:00:00;2025-03-30 23:00:00;999,289262;56,439999
2025-03-30 22:00:00;2025-03-31 00:00:00;907,697454;65,570000
2025-03-30 23:00:00;2025-03-31 01:00:00;774,901497;63,250000
2025-03-31 00:00:00;2025-03-31 02:00:00;684,243632;64,410004
2025-03-31 01:00:00;2025-03-31 03:00:00;690,104383;67,220001
2025-03-31 02:00:00;2025-03-31 04:00:00;696,024245;68,970001
2025-03-31 03:00:00;2025-03-31 05:00:00;607,080886;88,000000
2025-03-31 04:00:00;2025-03-31 06:00:00;508,114303;109,269997
2025-03-31 05:00:00;2025-03-31 07:00:00;399,050808;143,539993
2025-03-31 06:00:00;2025-03-31 08:00:00;284,911315;174,229996
2025-03-31 07:00:00;2025-03-31 09:00:00;217,008101;133,169998
2025-03-31 08:00:00;2025-03-31 10:00:00;181,295595;110,269997
2025-03-31 09:00:00;2025-03-31 11:00:00;126,466164;99,040001
2025-03-31 10:00:00;2025-03-31 12:00:00;145,947791;83,540001
2025-03-31 11:00:00;2025-03-31 13:00:00;201,653613;74,099998
2025-03-31 12:00:00;2025-03-31 14:00:00;202,831471;73,580002
2025-03-31 13:00:00;2025-03-31 15:00:00;210,674418;69,550003
2025-03-31 14:00:00;2025-03-31 16:00:00;252,123743;76,239998
2025-03-31 15:00:00;2025-03-31 17:00:00;293,239627;100,830002
2025-03-31 16:00:00;2025-03-31 18:00:00;249,832405;131,570007
2025-03-31 17:00:00;2025-03-31 19:00:00;233,977848;183,960007
2025-03-31 18:00:00;2025-03-31 20:00:00;297,357881;172,729996
2025-03-31 19:00:00;2025-03-31 21:00:00;248,254040;135,029999
2025-03-31 20:00:00;2025-03-31 22:00:00;179,691431;115,250000
2025-03-31 21:00:00;2025-03-31 23:00:00;156,713152;102,339996
2025-03-31 22:00:00;2025-04-01 00:00:00;126,694648;101,559998
2025-03-31 23:00:00;2025-04-01 01:00:00;82,784308;95,019997
2025-04-01 00:00:00;2025-04-01 02:00:00;79,767531;92,910004
2025-04-01 01:00:00;2025-04-01 03:00:00;81,399184;93,500000
2025-04-01 02:00:00;2025-04-01 04:00:00;53,089141;91,430000
2025-04-01 03:00:00;2025-04-01 05:00:00;28,828531;100,709999
2025-04-01 04:00:00;2025-04-01 06:00:00;22,496072;129,460007
2025-04-01 05:00:00;2025-04-01 07:00:00;38,548657;179,960007
2025-04-01 06:00:00;2025-04-01 08:00:00;28,481951;159,369995
2025-04-01 07:00:00;2025-04-01 09:00:00;24,766329;108,470001
2025-04-01 08:00:00;2025-04-01 10:00:00;13,517510;86,169998
2025-04-01 09:00:00;2025-04-01 11:00:00;13,223300;70,260002
2025-04-01 10:00:00;2025-04-01 12:00:00;19,125500;53,150002
2025-04-01 11:00:00;2025-04-01 13:00:00;18,835400;11,570000
2025-04-01 12:00:00;2025-04-01 14:00:00;19,353400;10,890000
2025-04-01 13:00:00;2025-04-01 15:00:00;20,714100;26,700001
2025-04-01 14:00:00;2025-04-01 16:00:00;23,100000;65,230003
2025-04-01 15:00:00;2025-04-01 17:00:00;16,426500;82,800003
2025-04-01 16:00:00;2025-04-01 18:00:00;6,962555;122,389999
2025-04-01 17:00:00;2025-04-01 19:00:00;7,143695;155,720001
2025-04-01 18:00:00;2025-04-01 20:00:00;6,746203;138,000000
2025-04-01 19:00:00;2025-04-01 21:00:00;10,089959;110,900002
2025-04-01 20:00:00;2025-04-01 22:00:00;6,826658;95,639999
2025-04-01 21:00:00;2025-04-01 23:00:00;19,133314;79,449997
2025-04-01 22:00:00;2025-04-02 00:00:00;23,712051;68,059998
2025-04-01 23:00:00;2025-04-02 01:00:00;34,984802;66,930000
2025-04-02 00:00:00;2025-04-02 02:00:00;41,168161;66,800003
2025-04-02 01:00:00;2025-04-02 03:00:00;24,134100;67,970001
2025-04-02 02:00:00;2025-04-02 04:00:00;10,209100;68,900002
2025-04-02 03:00:00;2025-04-02 05:00:00;11,896396;82,180000
2025-04-02 04:00:00;2025-04-02 06:00:00;23,097238;113,839996
2025-04-02 05:00:00;2025-04-02 07:00:00;30,838569;150,309998
2025-04-02 06:00:00;2025-04-02 08:00:00;76,696810;124,699997
2025-04-02 07:00:00;2025-04-02 09:00:00;88,046855;84,739998
2025-04-02 08:00:00;2025-04-02 10:00:00;62,627544;48,380001
2025-04-02 09:00:00;2025-04-02 11:00:00;39,686520;0,000000
2025-04-02 10:00:00;2025-04-02 12:00:00;19,512600;-2,470000
2025-04-02 11:00:00;2025-04-02 13:00:00;18,864300;-2,180000
2025-04-02 12:00:00;2025-04-02 14:00:00;22,289400;-2,190000
2025-04-02 13:00:00;2025-04-02 15:00:00;27,582200;-1,610000
2025-04-02 14:00:00;2025-04-02 16:00:00;31,491300;-0,450000
2025-04-02 15:00:00;2025-04-02 17:00:00;57,706403;15,370000
2025-04-02 16:00:00;2025-04-02 18:00:00;71,158228;88,839996
2025-04-02 17:00:00;2025-04-02 19:00:00;62,115506;125,349998
2025-04-02 18:00:00;2025-04-02 20:00:00;58,562892;114,000000
2025-04-02 19:00:00;2025-04-02 21:00:00;147,880244;96,070000
2025-04-02 20:00:00;2025-04-02 22:00:00;214,230854;82,629997
2025-04-02 21:00:00;2025-04-02 23:00:00;179,236910;71,430000
2025-04-02 22:00:00;2025-04-03 00:00:00;102,820006;67,000000
2025-04-02 23:00:00;2025-04-03 01:00:00;85,023725;67,000000
2025-04-03 00:00:00;2025-04-03 02:00:00;73,523667;67,000000
2025-04-03 01:00:00;2025-04-03 03:00:00;87,458518;68,949997
2025-04-03 02:00:00;2025-04-03 04:00:00;90,859359;71,000000
2025-04-03 03:00:00;2025-04-03 05:00:00;86,937815;86,220001
2025-04-03 04:00:00;2025-04-03 06:00:00;83,474238;129,710007
2025-04-03 05:00:00;2025-04-03 07:00:00;62,322686;162,770004
2025-04-03 06:00:00;2025-04-03 08:00:00;67,686367;133,300003
2025-04-03 07:00:00;2025-04-03 09:00:00;62,855922;79,110001
2025-04-03 08:00:00;2025-04-03 10:00:00;44,439311;40,470001
2025-04-03 09:00:00;2025-04-03 11:00:00;21,037871;-0,160000
2025-04-03 10:00:00;2025-04-03 12:00:00;19,485000;-1,190000
2025-04-03 11:00:00;2025-04-03 13:00:00;16,091500;-8,400000
2025-04-03 12:00:00;2025-04-03 14:00:00;16,899700;-5,850000
2025-04-03 13:00:00;2025-04-03 15:00:00;20,669703;-0,270000
2025-04-03 14:00:00;2025-04-03 16:00:00;95,846260;16,090000
2025-04-03 15:00:00;2025-04-03 17:00:00;171,077968;75,000000
2025-04-03 16:00:00;2025-04-03 18:00:00;182,040817;130,360001
2025-04-03 17:00:00;2025-04-03 19:00:00;247,491366;160,910004
2025-04-03 18:00:00;2025-04-03 20:00:00;276,410904;153,309998
2025-04-03 19:00:00;2025-04-03 21:00:00;257,049520;137,029999
2025-04-03 20:00:00;2025-04-03 22:00:00;312,183742;113,209999
2025-04-03 21:00:00;2025-04-03 23:00:00;294,055002;102,680000
2025-04-03 22:00:00;2025-04-04 00:00:00;267,843149;104,970001
2025-04-03 23:00:00;2025-04-04 01:00:00;289,480396;99,900002
2025-04-04 00:00:00;2025-04-04 02:00:00;357,848264;101,570000
2025-04-04 01:00:00;2025-04-04 03:00:00;368,275469;103,610001
2025-04-04 02:00:00;2025-04-04 04:00:00;371,725157;100,300003
2025-04-04 03:00:00;2025-04-04 05:00:00;265,810363;105,370003
2025-04-04 04:00:00;2025-04-04 06:00:00;280,401267;135,160004
2025-04-04 05:00:00;2025-04-04 07:00:00;248,388769;164,160004
2025-04-04 06:00:00;2025-04-04 08:00:00;466,827739;139,399994
2025-04-04 07:00:00;2025-04-04 09:00:00;566,616441;95,680000
2025-04-04 08:00:00;2025-04-04 10:00:00;475,737710;65,000000
2025-04-04 09:00:00;2025-04-04 11:00:00;395,366612;7,820000
2025-04-04 10:00:00;2025-04-04 12:00:00;33,248911;0,000000
2025-04-04 11:00:00;2025-04-04 13:00:00;15,823900;-1,310000
2025-04-04 12:00:00;2025-04-04 14:00:00;7,165000;-1,210000
2025-04-04 13:00:00;2025-04-04 15:00:00;38,900041;-0,130000
2025-04-04 14:00:00;2025-04-04 16:00:00;819,669785;25,010000
2025-04-04 15:00:00;2025-04-04 17:00:00;785,791129;70,500000
2025-04-04 16:00:00;2025-04-04 18:00:00;805,973479;111,029999
2025-04-04 17:00:00;2025-04-04 19:00:00;949,791367;132,990005
2025-04-04 18:00:00;2025-04-04 20:00:00;949,938267;137,919998
2025-04-04 19:00:00;2025-04-04 21:00:00;809,736508;111,139999
2025-04-04 20:00:00;2025-04-04 22:00:00;717,228054;98,099998
2025-04-04 21:00:00;2025-04-04 23:00:00;624,975338;91,059998
2025-04-04 22:00:00;2025-04-05 00:00:00;569,718324;99,209999
2025-04-04 23:00:00;2025-04-05 01:00:00;521,649864;94,269997
2025-04-05 00:00:00;2025-04-05 02:00:00;783,839823;92,430000
2025-04-05 01:00:00;2025-04-05 03:00:00;851,283179;92,150002
2025-04-05 02:00:00;2025-04-05 04:00:00;780,953261;90,379997
2025-04-05 03:00:00;2025-04-05 05:00:00;813,239451;89,309998
2025-04-05 04:00:00;2025-04-05 06:00:00;806,800901;92,489998
2025-04-05 05:00:00;2025-04-05 07:00:00;823,795192;98,599998
2025-04-05 06:00:00;2025-04-05 08:00:00;704,686871;98,300003
2025-04-05 07:00:00;2025-04-05 09:00:00;648,101752;57,160000
2025-04-05 08:00:00;2025-04-05 10:00:00;164,624351;0,660000
2025-04-05 09:00:00;2025-04-05 11:00:00;22,492400;-0,940000
2025-04-05 10:00:00;2025-04-05 12:00:00;20,508403;-24,090000
2025-04-05 11:00:00;2025-04-05 13:00:00;19,878228;-10,740000
2025-04-05 12:00:00;2025-04-05 14:00:00;21,108514;-10,750000
2025-04-05 13:00:00;2025-04-05 15:00:00;22,692935;-20,830000
2025-04-05 14:00:00;2025-04-05 16:00:00;23,635920;-4,300000
2025-04-05 15:00:00;2025-04-05 17:00:00;363,180001;0,000000
2025-04-05 16:00:00;2025-04-05 18:00:00;893,937865;70,000000
2025-04-05 17:00:00;2025-04-05 19:00:00;889,563869;99,400002
2025-04-05 18:00:00;2025-04-05 20:00:00;959,432194;98,900002
2025-04-05 19:00:00;2025-04-05 21:00:00;841,838763;84,250000
2025-04-05 20:00:00;2025-04-05 22:00:00;783,160850;78,989998
2025-04-05 21:00:00;2025-04-05 23:00:00;673,534129;68,750000
2025-04-05 22:00:00;2025-04-06 00:00:00;405,117983;70,449997
2025-04-05 23:00:00;2025-04-06 01:00:00;310,136076;61,000000
2025-04-06 00:00:00;2025-04-06 02:00:00;210,317200;62,720001
2025-04-06 01:00:00;2025-04-06 03:00:00;173,597812;68,279999
2025-04-06 02:00:00;2025-04-06 04:00:00;188,053943;69,949997
2025-04-06 03:00:00;2025-04-06 05:00:00;219,146117;77,430000
2025-04-06 04:00:00;2025-04-06 06:00:00;170,911340;76,540001
2025-04-06 05:00:00;2025-04-06 07:00:00;120,891191;78,110001
2025-04-06 06:00:00;2025-04-06 08:00:00;78,224236;41,790001
2025-04-06 07:00:00;2025-04-06 09:00:00;20,786523;0,100000
2025-04-06 08:00:00;2025-04-06 10:00:00;23,289900;-0,090000
2025-04-06 09:00:00;2025-04-06 11:00:00;22,641700;-5,090000
2025-04-06 10:00:00;2025-04-06 12:00:00;18,271900;-4,000000
2025-04-06 11:00:00;2025-04-06 13:00:00;20,737600;-4,010000
2025-04-06 12:00:00;2025-04-06 14:00:00;19,427500;-17,510000
2025-04-06 13:00:00;2025-04-06 15:00:00;21,888900;-30,100000
2025-04-06 14:00:00;2025-04-06 16:00:00;21,711600;-14,960000
2025-04-06 15:00:00;2025-04-06 17:00:00;120,601105;1,760000
2025-04-06 16:00:00;2025-04-06 18:00:00;196,652918;112,410004
2025-04-06 17:00:00;2025-04-06 19:00:00;184,951446;131,559998
2025-04-06 18:00:00;2025-04-06 20:00:00;236,589150;128,009995
2025-04-06 19:00:00;2025-04-06 21:00:00;313,753072;119,669998
2025-04-06 20:00:00;2025-04-06 22:00:00;364,766311;108,190002
2025-04-06 21:00:00;2025-04-06 23:00:00;355,061957;97,379997
2025-04-06 22:00:00;2025-04-07 00:00:00;422,036821;83,639999
2025-04-06 23:00:00;2025-04-07 01:00:00;450,952387;81,660004
2025-04-07 00:00:00;2025-04-07 02:00:00;460,147362;78,690002
2025-04-07 01:00:00;2025-04-07 03:00:00;413,863156;79,970001
2025-04-07 02:00:00;2025-04-07 04:00:00;484,996517;82,800003
2025-04-07 03:00:00;2025-04-07 05:00:00;485,359625;93,449997
2025-04-07 04:00:00;2025-04-07 06:00:00;534,420363;124,040001
2025-04-07 05:00:00;2025-04-07 07:00:00;517,006208;175,970001
2025-04-07 06:00:00;2025-04-07 08:00:00;469,673852;144,610001
2025-04-07 07:00:00;2025-04-07 09:00:00;413,101901;107,099998
2025-04-07 08:00:00;2025-04-07 10:00:00;357,467446;83,370003
2025-04-07 09:00:00;2025-04-07 11:00:00;284,588801;65,000000
2025-04-07 10:00:00;2025-04-07 12:00:00;199,520729;11,800000
2025-04-07 11:00:00;2025-04-07 13:00:00;77,937169;2,190000
2025-04-07 12:00:00;2025-04-07 14:00:00;217,036336;3,940000
2025-04-07 13:00:00;2025-04-07 15:00:00;231,907554;60,980000
2025-04-07 14:00:00;2025-04-07 16:00:00;233,796959;72,000000
2025-04-07 15:00:00;2025-04-07 17:00:00;197,571843;102,430000
2025-04-07 16:00:00;2025-04-07 18:00:00;192,328847;127,599998
2025-04-07 17:00:00;2025-04-07 19:00:00;263,478855;168,449997
2025-04-07 18:00:00;2025-04-07 20:00:00;352,826575;165,050003
2025-04-07 19:00:00;2025-04-07 21:00:00;299,905602;138,199997
2025-04-07 20:00:00;2025-04-07 22:00:00;206,340255;121,019997
2025-04-07 21:00:00;2025-04-07 23:00:00;213,959190;105,209999
2025-04-07 22:00:00;2025-04-08 00:00:00;169,585000;94,930000
2025-04-07 23:00:00;2025-04-08 01:00:00;155,537600;87,830002
2025-04-08 00:00:00;2025-04-08 02:00:00;120,623700;89,059998
2025-04-08 01:00:00;2025-04-08 03:00:00;82,491700;89,900002
2025-04-08 02:00:00;2025-04-08 04:00:00;67,396500;91,620003
2025-04-08 03:00:00;2025-04-08 05:00:00;61,861400;105,730003
2025-04-08 04:00:00;2025-04-08 06:00:00;43,267000;142,970001
2025-04-08 05:00:00;2025-04-08 07:00:00;38,314500;180,550003
2025-04-08 06:00:00;2025-04-08 08:00:00;25,324100;136,770004
2025-04-08 07:00:00;2025-04-08 09:00:00;22,591600;91,300003
2025-04-08 08:00:00;2025-04-08 10:00:00;27,762100;76,470001
2025-04-08 09:00:00;2025-04-08 11:00:00;15,885000;61,090000
2025-04-08 10:00:00;2025-04-08 12:00:00;17,872400;19,570000
2025-04-08 11:00:00;2025-04-08 13:00:00;19,623700;16,830000
2025-04-08 12:00:00;2025-04-08 14:00:00;29,557500;28,590000
2025-04-08 13:00:00;2025-04-08 15:00:00;59,002070;57,470001
2025-04-08 14:00:00;2025-04-08 16:00:00;84,652375;73,330002
2025-04-08 15:00:00;2025-04-08 17:00:00;99,412465;90,339996
2025-04-08 16:00:00;2025-04-08 18:00:00;122,198709;118,260002
2025-04-08 17:00:00;2025-04-08 19:00:00;166,668523;180,399994
2025-04-08 18:00:00;2025-04-08 20:00:00;170,809486;171,309998
2025-04-08 19:00:00;2025-04-08 21:00:00;147,576230;140,000000
2025-04-08 20:00:00;2025-04-08 22:00:00;156,930762;120,470001
2025-04-08 21:00:00;2025-04-08 23:00:00;184,127318;105,120003
2025-04-08 22:00:00;2025-04-09 00:00:00;257,549239;104,989998
2025-04-08 23:00:00;2025-04-09 01:00:00;314,419621;95,989998
2025-04-09 00:00:00;2025-04-09 02:00:00;418,367657;94,669998
2025-04-09 01:00:00;2025-04-09 03:00:00;507,047360;94,449997
2025-04-09 02:00:00;2025-04-09 04:00:00;529,821936;95,790001
2025-04-09 03:00:00;2025-04-09 05:00:00;506,012440;109,410004
2025-04-09 04:00:00;2025-04-09 06:00:00;455,688720;152,679993
2025-04-09 05:00:00;2025-04-09 07:00:00;410,122870;175,559998
2025-04-09 06:00:00;2025-04-09 08:00:00;377,372193;131,559998
2025-04-09 07:00:00;2025-04-09 09:00:00;351,945997;99,510002
2025-04-09 08:00:00;2025-04-09 10:00:00;340,060825;82,709999
2025-04-09 09:00:00;2025-04-09 11:00:00;297,855830;59,689999
2025-04-09 10:00:00;2025-04-09 12:00:00;301,619531;13,610000
2025-04-09 11:00:00;2025-04-09 13:00:00;254,336492;6,720000
2025-04-09 12:00:00;2025-04-09 14:00:00;247,473443;13,270000
2025-04-09 13:00:00;2025-04-09 15:00:00;305,386998;34,869999
2025-04-09 14:00:00;2025-04-09 16:00:00;425,487437;62,980000
2025-04-09 15:00:00;2025-04-09 17:00:00;345,828212;83,500000
2025-04-09 16:00:00;2025-04-09 18:00:00;218,666282;99,529999
2025-04-09 17:00:00;2025-04-09 19:00:00;476,749558;125,900002
2025-04-09 18:00:00;2025-04-09 20:00:00;327,268801;138,729996
2025-04-09 19:00:00;2025-04-09 21:00:00;287,486313;111,230003
2025-04-09 20:00:00;2025-04-09 22:00:00;371,299357;101,940002
2025-04-09 21:00:00;2025-04-09 23:00:00;318,504535;98,510002
2025-04-09 22:00:00;2025-04-10 00:00:00;300,346482;92,900002
2025-04-09 23:00:00;2025-04-10 01:00:00;140,962332;89,550003
2025-04-10 00:00:00;2025-04-10 02:00:00;97,451781;88,900002
2025-04-10 01:00:00;2025-04-10 03:00:00;120,318113;87,919998
2025-04-10 02:00:00;2025-04-10 04:00:00;103,674100;90,000000
2025-04-10 03:00:00;2025-04-10 05:00:00;50,906900;97,540001
2025-04-10 04:00:00;2025-04-10 06:00:00;18,747500;132,440002
2025-04-10 05:00:00;2025-04-10 07:00:00;5,727400;170,589996
2025-04-10 06:00:00;2025-04-10 08:00:00;21,610600;135,440002
2025-04-10 07:00:00;2025-04-10 09:00:00;51,979650;102,400002
2025-04-10 08:00:00;2025-04-10 10:00:00;86,936568;85,709999
2025-04-10 09:00:00;2025-04-10 11:00:00;127,148858;66,339996
2025-04-10 10:00:00;2025-04-10 12:00:00;221,324744;34,950001
2025-04-10 11:00:00;2025-04-10 13:00:00;412,275231;2,180000
2025-04-10 12:00:00;2025-04-10 14:00:00;726,473387;0,080000
2025-04-10 13:00:00;2025-04-10 15:00:00;909,218371;1,180000
2025-04-10 14:00:00;2025-04-10 16:00:00;1123,422650;4,290000
2025-04-10 15:00:00;2025-04-10 17:00:00;1229,819741;16,110001
2025-04-10 16:00:00;2025-04-10 18:00:00;1224,659919;33,009998
2025-04-10 17:00:00;2025-04-10 19:00:00;1354,204624;47,980000
2025-04-10 18:00:00;2025-04-10 20:00:00;1349,668431;22,709999
2025-04-10 19:00:00;2025-04-10 21:00:00;1342,551269;20,010000
2025-04-10 20:00:00;2025-04-10 22:00:00;1296,703859;20,370001
2025-04-10 21:00:00;2025-04-10 23:00:00;1292,066309;21,790001
2025-04-10 22:00:00;2025-04-11 00:00:00;1199,092727;4,690000
2025-04-10 23:00:00;2025-04-11 01:00:00;1223,171580;5,900000
2025-04-11 00:00:00;2025-04-11 02:00:00;1123,124112;4,270000
2025-04-11 01:00:00;2025-04-11 03:00:00;1123,968350;4,280000
2025-04-11 02:00:00;2025-04-11 04:00:00;1202,010425;4,080000
2025-04-11 03:00:00;2025-04-11 05:00:00;1125,442931;5,930000
2025-04-11 04:00:00;2025-04-11 06:00:00;1284,322086;9,060000
2025-04-11 05:00:00;2025-04-11 07:00:00;1359,350010;20,010000
2025-04-11 06:00:00;2025-04-11 08:00:00;1367,343260;36,610001
2025-04-11 07:00:00;2025-04-11 09:00:00;1327,526991;26,920000
2025-04-11 08:00:00;2025-04-11 10:00:00;1214,876738;11,310000
2025-04-11 09:00:00;2025-04-11 11:00:00;943,420952;0,000000
2025-04-11 10:00:00;2025-04-11 12:00:00;514,750320;-0,210000
2025-04-11 11:00:00;2025-04-11 13:00:00;361,895016;-2,700000
2025-04-11 12:00:00;2025-04-11 14:00:00;271,696923;-3,610000
2025-04-11 13:00:00;2025-04-11 15:00:00;265,753839;-0,100000
2025-04-11 14:00:00;2025-04-11 16:00:00;618,149165;0,000000
2025-04-11 15:00:00;2025-04-11 17:00:00;793,783861;62,959999
2025-04-11 16:00:00;2025-04-11 18:00:00;791,493167;96,709999
2025-04-11 17:00:00;2025-04-11 19:00:00;851,038862;119,879997
2025-04-11 18:00:00;2025-04-11 20:00:00;1013,611716;130,500000
2025-04-11 19:00:00;2025-04-11 21:00:00;1037,867104;125,000000
2025-04-11 20:00:00;2025-04-11 22:00:00;1168,426863;106,750000
2025-04-11 21:00:00;2025-04-11 23:00:00;1245,020947;99,339996
2025-04-11 22:00:00;2025-04-12 00:00:00;1104,629489;101,099998
2025-04-11 23:00:00;2025-04-12 01:00:00;1170,018205;98,430000
2025-04-12 00:00:00;2025-04-12 02:00:00;1103,085235;95,379997
2025-04-12 01:00:00;2025-04-12 03:00:00;770,518820;89,089996
2025-04-12 02:00:00;2025-04-12 04:00:00;636,872881;89,129997
2025-04-12 03:00:00;2025-04-12 05:00:00;528,452705;89,110001
2025-04-12 04:00:00;2025-04-12 06:00:00;465,136276;93,510002
2025-04-12 05:00:00;2025-04-12 07:00:00;320,589483;94,699997
2025-04-12 06:00:00;2025-04-12 08:00:00;319,119942;95,489998
2025-04-12 07:00:00;2025-04-12 09:00:00;317,282003;67,260002
2025-04-12 08:00:00;2025-04-12 10:00:00;328,610193;20,190001
2025-04-12 09:00:00;2025-04-12 11:00:00;22,617400;0,000000
2025-04-12 10:00:00;2025-04-12 12:00:00;182,384900;-9,230000
2025-04-12 11:00:00;2025-04-12 13:00:00;11,208700;-16,889999
2025-04-12 12:00:00;2025-04-12 14:00:00;17,360500;-20,530001
2025-04-12 13:00:00;2025-04-12 15:00:00;22,572600;-18,680000
2025-04-12 14:00:00;2025-04-12 16:00:00;23,223000;-0,080000
2025-04-12 15:00:00;2025-04-12 17:00:00;115,771657;59,470001
2025-04-12 16:00:00;2025-04-12 18:00:00;49,692916;111,309998
2025-04-12 17:00:00;2025-04-12 19:00:00;37,456488;150,059998
2025-04-12 18:00:00;2025-04-12 20:00:00;67,190953;120,889999
2025-04-12 19:00:00;2025-04-12 21:00:00;113,111586;91,000000
2025-04-12 20:00:00;2025-04-12 22:00:00;217,732385;86,269997
2025-04-12 21:00:00;2025-04-12 23:00:00;490,577534;64,269997
2025-04-12 22:00:00;2025-04-13 00:00:00;710,723082;63,990002
2025-04-12 23:00:00;2025-04-13 01:00:00;891,598700;56,000000
2025-04-13 00:00:00;2025-04-13 02:00:00;1017,619400;42,360001
2025-04-13 01:00:00;2025-04-13 03:00:00;1086,355942;29,500000
2025-04-13 02:00:00;2025-04-13 04:00:00;1112,443868;32,060001
2025-04-13 03:00:00;2025-04-13 05:00:00;1116,519438;34,480000
2025-04-13 04:00:00;2025-04-13 06:00:00;1156,133476;29,410000
2025-04-13 05:00:00;2025-04-13 07:00:00;1211,757230;27,750000
2025-04-13 06:00:00;2025-04-13 08:00:00;1247,116555;12,870000
2025-04-13 07:00:00;2025-04-13 09:00:00;1125,549303;8,430000
2025-04-13 08:00:00;2025-04-13 10:00:00;702,474118;0,000000
2025-04-13 09:00:00;2025-04-13 11:00:00;777,995833;-0,020000
2025-04-13 10:00:00;2025-04-13 12:00:00;705,814617;-2,000000
2025-04-13 11:00:00;2025-04-13 13:00:00;704,328755;-3,360000
2025-04-13 12:00:00;2025-04-13 14:00:00;643,367509;-5,350000
2025-04-13 13:00:00;2025-04-13 15:00:00;729,001546;-9,930000
2025-04-13 14:00:00;2025-04-13 16:00:00;920,521737;-0,010000
2025-04-13 15:00:00;2025-04-13 17:00:00;1173,786627;17,559999
2025-04-13 16:00:00;2025-04-13 18:00:00;1139,151389;90,019997
2025-04-13 17:00:00;2025-04-13 19:00:00;1086,886203;109,570000
2025-04-13 18:00:00;2025-04-13 20:00:00;1059,021905;112,739998
2025-04-13 19:00:00;2025-04-13 21:00:00;905,923026;106,959999
2025-04-13 20:00:00;2025-04-13 22:00:00;955,825539;97,650002
2025-04-13 21:00:00;2025-04-13 23:00:00;803,605507;90,000000
2025-04-13 22:00:00;2025-04-14 00:00:00;682,444378;81,610001
2025-04-13 23:00:00;2025-04-14 01:00:00;456,489726;77,989998
2025-04-14 00:00:00;2025-04-14 02:00:00;331,124322;77,510002
2025-04-14 01:00:00;2025-04-14 03:00:00;319,764905;82,290001
2025-04-14 02:00:00;2025-04-14 04:00:00;269,237100;84,519997
2025-04-14 03:00:00;2025-04-14 05:00:00;182,030100;88,680000
2025-04-14 04:00:00;2025-04-14 06:00:00;98,090323;118,169998
2025-04-14 05:00:00;2025-04-14 07:00:00;84,864467;152,029999
2025-04-14 06:00:00;2025-04-14 08:00:00;82,018700;143,699997
2025-04-14 07:00:00;2025-04-14 09:00:00;65,946700;104,699997
2025-04-14 08:00:00;2025-04-14 10:00:00;47,202600;91,019997
2025-04-14 09:00:00;2025-04-14 11:00:00;41,138500;77,070000
2025-04-14 10:00:00;2025-04-14 12:00:00;17,405600;62,349998
2025-04-14 11:00:00;2025-04-14 13:00:00;18,720500;61,639999
2025-04-14 12:00:00;2025-04-14 14:00:00;17,550100;64,360001
2025-04-14 13:00:00;2025-04-14 15:00:00;25,912100;75,290001
2025-04-14 14:00:00;2025-04-14 16:00:00;26,776700;84,599998
2025-04-14 15:00:00;2025-04-14 17:00:00;21,213000;91,900002
2025-04-14 16:00:00;2025-04-14 18:00:00;29,256489;112,400002
2025-04-14 17:00:00;2025-04-14 19:00:00;27,723848;180,000000
2025-04-14 18:00:00;2025-04-14 20:00:00;10,693090;140,610001
2025-04-14 19:00:00;2025-04-14 21:00:00;12,813943;102,830002
2025-04-14 20:00:00;2025-04-14 22:00:00;55,391322;82,589996
2025-04-14 21:00:00;2025-04-14 23:00:00;131,561758;76,000000
2025-04-14 22:00:00;2025-04-15 00:00:00;354,901481;72,930000
2025-04-14 23:00:00;2025-04-15 01:00:00;573,999598;73,199997
2025-04-15 00:00:00;2025-04-15 02:00:00;622,257445;67,379997
2025-04-15 01:00:00;2025-04-15 03:00:00;644,258255;64,290001
2025-04-15 02:00:00;2025-04-15 04:00:00;715,557050;52,549999
2025-04-15 03:00:00;2025-04-15 05:00:00;751,113587;53,009998
2025-04-15 04:00:00;2025-04-15 06:00:00;829,303606;71,650002
2025-04-15 05:00:00;2025-04-15 07:00:00;995,649126;83,470001
2025-04-15 06:00:00;2025-04-15 08:00:00;1038,948464;73,279999
2025-04-15 07:00:00;2025-04-15 09:00:00;1178,885436;45,160000
2025-04-15 08:00:00;2025-04-15 10:00:00;1231,407050;34,660000
2025-04-15 09:00:00;2025-04-15 11:00:00;888,256496;2,920000
2025-04-15 10:00:00;2025-04-15 12:00:00;290,922973;0,080000
2025-04-15 11:00:00;2025-04-15 13:00:00;188,933200;0,000000
2025-04-15 12:00:00;2025-04-15 14:00:00;520,258950;0,100000
2025-04-15 13:00:00;2025-04-15 15:00:00;817,977864;2,400000
2025-04-15 14:00:00;2025-04-15 16:00:00;1308,205560;2,990000
2025-04-15 15:00:00;2025-04-15 17:00:00;1250,646518;4,030000
2025-04-15 16:00:00;2025-04-15 18:00:00;1352,878648;20,010000
2025-04-15 17:00:00;2025-04-15 19:00:00;1330,944664;38,740002
2025-04-15 18:00:00;2025-04-15 20:00:00;1337,234938;44,790001
2025-04-15 19:00:00;2025-04-15 21:00:00;1338,754990;40,439999
2025-04-15 20:00:00;2025-04-15 22:00:00;1337,608951;43,180000
2025-04-15 21:00:00;2025-04-15 23:00:00;1340,589785;47,990002
2025-04-15 22:00:00;2025-04-16 00:00:00;1338,892962;40,490002
2025-04-15 23:00:00;2025-04-16 01:00:00;1152,264109;50,919998
2025-04-16 00:00:00;2025-04-16 02:00:00;743,811189;76,360001
2025-04-16 01:00:00;2025-04-16 03:00:00;595,267093;52,689999
2025-04-16 02:00:00;2025-04-16 04:00:00;708,485407;47,110001
2025-04-16 03:00:00;2025-04-16 05:00:00;845,184141;56,849998
2025-04-16 04:00:00;2025-04-16 06:00:00;661,235571;101,500000
2025-04-16 05:00:00;2025-04-16 07:00:00;643,395655;124,470001
2025-04-16 06:00:00;2025-04-16 08:00:00;417,803432;109,940002
2025-04-16 07:00:00;2025-04-16 09:00:00;364,901654;94,820000
2025-04-16 08:00:00;2025-04-16 10:00:00;271,915089;79,750000
2025-04-16 09:00:00;2025-04-16 11:00:00;183,593084;64,080002
2025-04-16 10:00:00;2025-04-16 12:00:00;167,235430;35,299999
2025-04-16 11:00:00;2025-04-16 13:00:00;160,546998;22,400000
2025-04-16 12:00:00;2025-04-16 14:00:00;132,151110;24,940001
2025-04-16 13:00:00;2025-04-16 15:00:00;123,035213;54,180000
2025-04-16 14:00:00;2025-04-16 16:00:00;138,672772;68,000000
2025-04-16 15:00:00;2025-04-16 17:00:00;88,005739;89,000000
2025-04-16 16:00:00;2025-04-16 18:00:00;98,026561;114,870003
2025-04-16 17:00:00;2025-04-16 19:00:00;74,224571;146,190002
2025-04-16 18:00:00;2025-04-16 20:00:00;53,097802;136,479996
2025-04-16 19:00:00;2025-04-16 21:00:00;101,281288;120,989998
2025-04-16 20:00:00;2025-04-16 22:00:00;122,220246;109,690002
2025-04-16 21:00:00;2025-04-16 23:00:00;234,466614;98,589996
2025-04-16 22:00:00;2025-04-17 00:00:00;204,543292;88,989998
2025-04-16 23:00:00;2025-04-17 01:00:00;207,569602;83,989998
2025-04-17 00:00:00;2025-04-17 02:00:00;162,077685;81,669998
2025-04-17 01:00:00;2025-04-17 03:00:00;101,392600;80,070000
2025-04-17 02:00:00;2025-04-17 04:00:00;81,897800;81,279999
2025-04-17 03:00:00;2025-04-17 05:00:00;69,652165;87,430000
2025-04-17 04:00:00;2025-04-17 06:00:00;106,533697;105,059998
2025-04-17 05:00:00;2025-04-17 07:00:00;133,117949;122,330002
2025-04-17 06:00:00;2025-04-17 08:00:00;110,149042;130,000000
2025-04-17 07:00:00;2025-04-17 09:00:00;44,446368;121,000000
2025-04-17 08:00:00;2025-04-17 10:00:00;84,330135;110,000000
2025-04-17 09:00:00;2025-04-17 11:00:00;125,518958;95,029999
2025-04-17 10:00:00;2025-04-17 12:00:00;226,707012;80,839996
2025-04-17 11:00:00;2025-04-17 13:00:00;274,202318;81,040001
2025-04-17 12:00:00;2025-04-17 14:00:00;318,954725;77,750000
2025-04-17 13:00:00;2025-04-17 15:00:00;241,368307;77,650002
2025-04-17 14:00:00;2025-04-17 16:00:00;144,770577;83,449997
2025-04-17 15:00:00;2025-04-17 17:00:00;180,596019;91,209999
2025-04-17 16:00:00;2025-04-17 18:00:00;274,998449;109,089996
2025-04-17 17:00:00;2025-04-17 19:00:00;419,611272;119,510002
2025-04-17 18:00:00;2025-04-17 20:00:00;457,688159;118,169998
2025-04-17 19:00:00;2025-04-17 21:00:00;368,010721;105,339996
2025-04-17 20:00:00;2025-04-17 22:00:00;192,962937;84,699997
2025-04-17 21:00:00;2025-04-17 23:00:00;307,424368;82,629997
2025-04-17 22:00:00;2025-04-18 00:00:00;464,375860;80,750000
2025-04-17 23:00:00;2025-04-18 01:00:00;490,199373;73,699997
2025-04-18 00:00:00;2025-04-18 02:00:00;475,436744;71,510002
2025-04-18 01:00:00;2025-04-18 03:00:00;455,434912;71,639999
2025-04-18 02:00:00;2025-04-18 04:00:00;604,939319;67,699997
2025-04-18 03:00:00;2025-04-18 05:00:00;599,089191;70,000000
2025-04-18 04:00:00;2025-04-18 06:00:00;524,221374;70,660004
2025-04-18 05:00:00;2025-04-18 07:00:00;522,468321;78,099998
2025-04-18 06:00:00;2025-04-18 08:00:00;411,220366;80,760002
2025-04-18 07:00:00;2025-04-18 09:00:00;399,437630;79,910004
2025-04-18 08:00:00;2025-04-18 10:00:00;457,403213;76,730003
2025-04-18 09:00:00;2025-04-18 11:00:00;547,324079;70,199997
2025-04-18 10:00:00;2025-04-18 12:00:00;607,221532;75,029999
2025-04-18 11:00:00;2025-04-18 13:00:00;692,851262;58,000000
2025-04-18 12:00:00;2025-04-18 14:00:00;622,580870;53,110001
2025-04-18 13:00:00;2025-04-18 15:00:00;681,163290;55,020000
2025-04-18 14:00:00;2025-04-18 16:00:00;647,674193;65,809998
2025-04-18 15:00:00;2025-04-18 17:00:00;638,463350;83,349998
2025-04-18 16:00:00;2025-04-18 18:00:00;639,333882;99,239998
2025-04-18 17:00:00;2025-04-18 19:00:00;670,470541;118,930000
2025-04-18 18:00:00;2025-04-18 20:00:00;686,713082;121,589996
2025-04-18 19:00:00;2025-04-18 21:00:00;711,332442;111,760002
2025-04-18 20:00:00;2025-04-18 22:00:00;815,723067;99,550003
2025-04-18 21:00:00;2025-04-18 23:00:00;756,221704;90,000000
2025-04-18 22:00:00;2025-04-19 00:00:00;743,251481;81,449997
2025-04-18 23:00:00;2025-04-19 01:00:00;813,251165;74,379997
2025-04-19 00:00:00;2025-04-19 02:00:00;857,586555;78,599998
2025-04-19 01:00:00;2025-04-19 03:00:00;918,933753;76,209999
2025-04-19 02:00:00;2025-04-19 04:00:00;809,140051;78,919998
2025-04-19 03:00:00;2025-04-19 05:00:00;571,250293;83,050003
2025-04-19 04:00:00;2025-04-19 06:00:00;456,225681;84,360001
2025-04-19 05:00:00;2025-04-19 07:00:00;445,768331;88,919998
2025-04-19 06:00:00;2025-04-19 08:00:00;384,052288;83,889999
2025-04-19 07:00:00;2025-04-19 09:00:00;265,328486;76,430000
2025-04-19 08:00:00;2025-04-19 10:00:00;218,353556;29,990000
2025-04-19 09:00:00;2025-04-19 11:00:00;253,670968;4,540000
2025-04-19 10:00:00;2025-04-19 12:00:00;308,493579;0,000000
2025-04-19 11:00:00;2025-04-19 13:00:00;256,173385;-0,830000
2025-04-19 12:00:00;2025-04-19 14:00:00;244,910640;-0,370000
2025-04-19 13:00:00;2025-04-19 15:00:00;301,151374;-0,860000
2025-04-19 14:00:00;2025-04-19 16:00:00;354,561832;0,200000
2025-04-19 15:00:00;2025-04-19 17:00:00;474,330061;64,010002
2025-04-19 16:00:00;2025-04-19 18:00:00;520,445387;102,769997
2025-04-19 17:00:00;2025-04-19 19:00:00;611,865605;108,010002
2025-04-19 18:00:00;2025-04-19 20:00:00;695,991774;126,680000
2025-04-19 19:00:00;2025-04-19 21:00:00;790,494282;119,900002
2025-04-19 20:00:00;2025-04-19 22:00:00;868,617654;103,900002
2025-04-19 21:00:00;2025-04-19 23:00:00;796,680136;94,410004
2025-04-19 22:00:00;2025-04-20 00:00:00;733,574233;98,000000
2025-04-19 23:00:00;2025-04-20 01:00:00;693,050932;94,900002
2025-04-20 00:00:00;2025-04-20 02:00:00;680,569434;98,980003
2025-04-20 01:00:00;2025-04-20 03:00:00;590,998399;97,410004
2025-04-20 02:00:00;2025-04-20 04:00:00;541,567057;98,830002
2025-04-20 03:00:00;2025-04-20 05:00:00;544,142984;108,639999
2025-04-20 04:00:00;2025-04-20 06:00:00;520,699632;109,379997
2025-04-20 05:00:00;2025-04-20 07:00:00;446,824376;94,320000
2025-04-20 06:00:00;2025-04-20 08:00:00;406,278623;68,599998
2025-04-20 07:00:00;2025-04-20 09:00:00;376,286945;18,629999
2025-04-20 08:00:00;2025-04-20 10:00:00;236,840846;0,000000
2025-04-20 09:00:00;2025-04-20 11:00:00;175,256368;-0,080000
2025-04-20 10:00:00;2025-04-20 12:00:00;128,056734;-0,720000
2025-04-20 11:00:00;2025-04-20 13:00:00;104,990511;-0,010000
2025-04-20 12:00:00;2025-04-20 14:00:00;170,661850;0,000000
2025-04-20 13:00:00;2025-04-20 15:00:00;163,782348;-0,770000
2025-04-20 14:00:00;2025-04-20 16:00:00;136,089648;0,000000
2025-04-20 15:00:00;2025-04-20 17:00:00;316,694659;72,419998
2025-04-20 16:00:00;2025-04-20 18:00:00;352,237405;106,809998
2025-04-20 17:00:00;2025-04-20 19:00:00;276,312497;119,940002
2025-04-20 18:00:00;2025-04-20 20:00:00;259,758935;144,949997
2025-04-20 19:00:00;2025-04-20 21:00:00;248,515719;137,559998
2025-04-20 20:00:00;2025-04-20 22:00:00;245,685830;121,820000
2025-04-20 21:00:00;2025-04-20 23:00:00;223,501239;110,680000
2025-04-20 22:00:00;2025-04-21 00:00:00;187,135377;108,580002
2025-04-20 23:00:00;2025-04-21 01:00:00;192,578446;97,589996
2025-04-21 00:00:00;2025-04-21 02:00:00;201,762867;96,470001
2025-04-21 01:00:00;2025-04-21 03:00:00;170,795747;96,839996
2025-04-21 02:00:00;2025-04-21 04:00:00;159,752850;97,980003
2025-04-21 03:00:00;2025-04-21 05:00:00;161,117079;98,540001
2025-04-21 04:00:00;2025-04-21 06:00:00;179,878496;97,070000
2025-04-21 05:00:00;2025-04-21 07:00:00;216,335832;91,309998
2025-04-21 06:00:00;2025-04-21 08:00:00;233,218369;88,500000
2025-04-21 07:00:00;2025-04-21 09:00:00;236,894724;87,989998
2025-04-21 08:00:00;2025-04-21 10:00:00;198,634083;65,239998
2025-04-21 09:00:00;2025-04-21 11:00:00;130,779280;33,880001
2025-04-21 10:00:00;2025-04-21 12:00:00;112,673152;17,190001
2025-04-21 11:00:00;2025-04-21 13:00:00;90,227734;8,910000
2025-04-21 12:00:00;2025-04-21 14:00:00;59,401864;8,440000
2025-04-21 13:00:00;2025-04-21 15:00:00;60,718306;10,290000
2025-04-21 14:00:00;2025-04-21 16:00:00;57,125952;50,049999
2025-04-21 15:00:00;2025-04-21 17:00:00;46,423150;88,769997
2025-04-21 16:00:00;2025-04-21 18:00:00;34,925126;101,949997
2025-04-21 17:00:00;2025-04-21 19:00:00;40,311009;121,949997
2025-04-21 18:00:00;2025-04-21 20:00:00;40,416065;139,139999
2025-04-21 19:00:00;2025-04-21 21:00:00;33,313441;132,100006
2025-04-21 20:00:00;2025-04-21 22:00:00;27,282370;122,769997
2025-04-21 21:00:00;2025-04-21 23:00:00;23,472919;106,540001
2025-04-21 22:00:00;2025-04-22 00:00:00;23,727780;96,209999
2025-04-21 23:00:00;2025-04-22 01:00:00;36,175613;88,800003
2025-04-22 00:00:00;2025-04-22 02:00:00;54,412275;87,400002
2025-04-22 01:00:00;2025-04-22 03:00:00;30,589933;85,010002
2025-04-22 02:00:00;2025-04-22 04:00:00;38,722685;84,580002
2025-04-22 03:00:00;2025-04-22 05:00:00;75,914655;97,389999
2025-04-22 04:00:00;2025-04-22 06:00:00;93,506367;120,760002
2025-04-22 05:00:00;2025-04-22 07:00:00;100,991005;151,539993
2025-04-22 06:00:00;2025-04-22 08:00:00;71,742217;147,000000
2025-04-22 07:00:00;2025-04-22 09:00:00;40,995883;111,879997
2025-04-22 08:00:00;2025-04-22 10:00:00;74,232768;95,199997
2025-04-22 09:00:00;2025-04-22 11:00:00;100,795083;89,970001
2025-04-22 10:00:00;2025-04-22 12:00:00;91,947894;79,919998
2025-04-22 11:00:00;2025-04-22 13:00:00;102,196329;67,660004
2025-04-22 12:00:00;2025-04-22 14:00:00;70,975596;71,470001
2025-04-22 13:00:00;2025-04-22 15:00:00;97,083576;78,449997
2025-04-22 14:00:00;2025-04-22 16:00:00;163,637978;83,070000
2025-04-22 15:00:00;2025-04-22 17:00:00;139,101435;100,040001
2025-04-22 16:00:00;2025-04-22 18:00:00;144,172907;122,379997
2025-04-22 17:00:00;2025-04-22 19:00:00;127,729239;190,410004
2025-04-22 18:00:00;2025-04-22 20:00:00;100,642832;263,200012
2025-04-22 19:00:00;2025-04-22 21:00:00;83,052252;157,279999
2025-04-22 20:00:00;2025-04-22 22:00:00;53,402571;121,000000
2025-04-22 21:00:00;2025-04-22 23:00:00;51,048159;107,489998
2025-04-22 22:00:00;2025-04-23 00:00:00;57,141609;106,720001
2025-04-22 23:00:00;2025-04-23 01:00:00;86,137278;99,400002
2025-04-23 00:00:00;2025-04-23 02:00:00;66,926260;96,839996
2025-04-23 01:00:00;2025-04-23 03:00:00;65,710350;96,699997
2025-04-23 02:00:00;2025-04-23 04:00:00;53,576419;99,680000
2025-04-23 03:00:00;2025-04-23 05:00:00;31,584700;108,230003
2025-04-23 04:00:00;2025-04-23 06:00:00;35,611700;137,089996
2025-04-23 05:00:00;2025-04-23 07:00:00;22,802800;152,000000
2025-04-23 06:00:00;2025-04-23 08:00:00;26,774200;128,839996
2025-04-23 07:00:00;2025-04-23 09:00:00;30,584500;100,000000
2025-04-23 08:00:00;2025-04-23 10:00:00;35,665500;92,000000
2025-04-23 09:00:00;2025-04-23 11:00:00;55,559100;94,389999
2025-04-23 10:00:00;2025-04-23 12:00:00;60,676500;81,040001
2025-04-23 11:00:00;2025-04-23 13:00:00;14,664700;80,290001
2025-04-23 12:00:00;2025-04-23 14:00:00;7,977800;88,000000
2025-04-23 13:00:00;2025-04-23 15:00:00;3,234100;92,349998
2025-04-23 14:00:00;2025-04-23 16:00:00;4,661600;99,050003
2025-04-23 15:00:00;2025-04-23 17:00:00;36,214832;108,279999
2025-04-23 16:00:00;2025-04-23 18:00:00;103,984576;128,899994
2025-04-23 17:00:00;2025-04-23 19:00:00;145,661702;155,970001
2025-04-23 18:00:00;2025-04-23 20:00:00;201,546629;148,669998
2025-04-23 19:00:00;2025-04-23 21:00:00;287,097938;126,110001
2025-04-23 20:00:00;2025-04-23 22:00:00;265,289940;108,199997
2025-04-23 21:00:00;2025-04-23 23:00:00;229,222070;97,150002
2025-04-23 22:00:00;2025-04-24 00:00:00;185,265068;94,169998
2025-04-23 23:00:00;2025-04-24 01:00:00;176,823866;88,300003
2025-04-24 00:00:00;2025-04-24 02:00:00;211,782552;86,699997
2025-04-24 01:00:00;2025-04-24 03:00:00;172,780201;85,650002
2025-04-24 02:00:00;2025-04-24 04:00:00;78,046763;84,349998
2025-04-24 03:00:00;2025-04-24 05:00:00;92,621464;90,930000
2025-04-24 04:00:00;2025-04-24 06:00:00;121,912297;110,339996
2025-04-24 05:00:00;2025-04-24 07:00:00;136,996231;118,510002
2025-04-24 06:00:00;2025-04-24 08:00:00;144,215132;117,650002
2025-04-24 07:00:00;2025-04-24 09:00:00;175,207668;108,910004
2025-04-24 08:00:00;2025-04-24 10:00:00;143,121647;96,669998
2025-04-24 09:00:00;2025-04-24 11:00:00;74,933281;93,550003
2025-04-24 10:00:00;2025-04-24 12:00:00;64,015065;81,559998
2025-04-24 11:00:00;2025-04-24 13:00:00;106,728482;78,949997
2025-04-24 12:00:00;2025-04-24 14:00:00;134,092082;78,040001
2025-04-24 13:00:00;2025-04-24 15:00:00;173,744308;78,720001
2025-04-24 14:00:00;2025-04-24 16:00:00;204,490119;83,370003
2025-04-24 15:00:00;2025-04-24 17:00:00;294,853698;95,360001
2025-04-24 16:00:00;2025-04-24 18:00:00;314,984926;101,019997
2025-04-24 17:00:00;2025-04-24 19:00:00;309,593770;114,639999
2025-04-24 18:00:00;2025-04-24 20:00:00;244,529187;121,610001
2025-04-24 19:00:00;2025-04-24 21:00:00;176,524923;114,480003
2025-04-24 20:00:00;2025-04-24 22:00:00;149,387281;106,529999
2025-04-24 21:00:00;2025-04-24 23:00:00;161,851587;93,099998
2025-04-24 22:00:00;2025-04-25 00:00:00;147,303552;91,029999
2025-04-24 23:00:00;2025-04-25 01:00:00;171,541563;82,919998
2025-04-25 00:00:00;2025-04-25 02:00:00;149,495493;82,230003
2025-04-25 01:00:00;2025-04-25 03:00:00;79,979615;83,400002
2025-04-25 02:00:00;2025-04-25 04:00:00;49,593052;84,949997
2025-04-25 03:00:00;2025-04-25 05:00:00;39,057076;94,639999
2025-04-25 04:00:00;2025-04-25 06:00:00;50,953440;104,410004
2025-04-25 05:00:00;2025-04-25 07:00:00;64,234419;113,389999
2025-04-25 06:00:00;2025-04-25 08:00:00;61,337184;111,000000
2025-04-25 07:00:00;2025-04-25 09:00:00;43,945531;99,410004
2025-04-25 08:00:00;2025-04-25 10:00:00;53,193234;88,169998
2025-04-25 09:00:00;2025-04-25 11:00:00;76,401841;75,449997
2025-04-25 10:00:00;2025-04-25 12:00:00;92,619200;66,610001
2025-04-25 11:00:00;2025-04-25 13:00:00;120,022200;48,029999
2025-04-25 12:00:00;2025-04-25 14:00:00;145,338400;40,990002
2025-04-25 13:00:00;2025-04-25 15:00:00;132,959860;59,470001
2025-04-25 14:00:00;2025-04-25 16:00:00;132,719200;73,040001
2025-04-25 15:00:00;2025-04-25 17:00:00;126,563700;84,190002
2025-04-25 16:00:00;2025-04-25 18:00:00;124,546200;99,430000
2025-04-25 17:00:00;2025-04-25 19:00:00;119,163300;115,989998
2025-04-25 18:00:00;2025-04-25 20:00:00;102,194900;123,779999
2025-04-25 19:00:00;2025-04-25 21:00:00;96,421040;109,629997
2025-04-25 20:00:00;2025-04-25 22:00:00;71,270920;100,370003
2025-04-25 21:00:00;2025-04-25 23:00:00;64,114000;92,089996
2025-04-25 22:00:00;2025-04-26 00:00:00;100,405200;100,000000
2025-04-25 23:00:00;2025-04-26 01:00:00;101,651700;92,190002
2025-04-26 00:00:00;2025-04-26 02:00:00;65,170490;91,019997
2025-04-26 01:00:00;2025-04-26 03:00:00;56,843900;89,660004
2025-04-26 02:00:00;2025-04-26 04:00:00;51,209860;89,010002
2025-04-26 03:00:00;2025-04-26 05:00:00;31,191093;90,860001
2025-04-26 04:00:00;2025-04-26 06:00:00;20,237086;93,010002
2025-04-26 05:00:00;2025-04-26 07:00:00;15,829000;86,330002
2025-04-26 06:00:00;2025-04-26 08:00:00;12,994200;72,190002
2025-04-26 07:00:00;2025-04-26 09:00:00;21,247300;34,450001
2025-04-26 08:00:00;2025-04-26 10:00:00;25,417300;2,550000
2025-04-26 09:00:00;2025-04-26 11:00:00;23,771900;-0,010000
2025-04-26 10:00:00;2025-04-26 12:00:00;22,568100;-2,820000
2025-04-26 11:00:00;2025-04-26 13:00:00;22,430400;-2,410000
2025-04-26 12:00:00;2025-04-26 14:00:00;23,316400;-3,400000
2025-04-26 13:00:00;2025-04-26 15:00:00;23,540100;-2,160000
2025-04-26 14:00:00;2025-04-26 16:00:00;22,333300;-0,020000
2025-04-26 15:00:00;2025-04-26 17:00:00;50,481700;30,990000
2025-04-26 16:00:00;2025-04-26 18:00:00;40,254700;79,000000
2025-04-26 17:00:00;2025-04-26 19:00:00;28,252100;99,809998
2025-04-26 18:00:00;2025-04-26 20:00:00;39,651743;107,400002
2025-04-26 19:00:00;2025-04-26 21:00:00;97,901177;96,849998
2025-04-26 20:00:00;2025-04-26 22:00:00;144,050947;85,260002
2025-04-26 21:00:00;2025-04-26 23:00:00;235,942502;72,309998
2025-04-26 22:00:00;2025-04-27 00:00:00;259,046813;67,709999
2025-04-26 23:00:00;2025-04-27 01:00:00;352,696920;62,910000
2025-04-27 00:00:00;2025-04-27 02:00:00;468,745376;57,959999
2025-04-27 01:00:00;2025-04-27 03:00:00;565,692230;59,119999
2025-04-27 02:00:00;2025-04-27 04:00:00;595,617706;61,939999
2025-04-27 03:00:00;2025-04-27 05:00:00;560,445343;69,050003
2025-04-27 04:00:00;2025-04-27 06:00:00;494,269315;69,139999
2025-04-27 05:00:00;2025-04-27 07:00:00;513,789015;63,720001
2025-04-27 06:00:00;2025-04-27 08:00:00;528,116037;34,950001
2025-04-27 07:00:00;2025-04-27 09:00:00;192,512572;0,040000
2025-04-27 08:00:00;2025-04-27 10:00:00;25,034800;-3,000000
2025-04-27 09:00:00;2025-04-27 11:00:00;24,162200;-5,300000
2025-04-27 10:00:00;2025-04-27 12:00:00;23,124500;-11,920000
2025-04-27 11:00:00;2025-04-27 13:00:00;19,014800;-17,770000
2025-04-27 12:00:00;2025-04-27 14:00:00;17,417500;-20,100000
2025-04-27 13:00:00;2025-04-27 15:00:00;16,663700;-22,959999
2025-04-27 14:00:00;2025-04-27 16:00:00;16,976800;-5,170000
2025-04-27 15:00:00;2025-04-27 17:00:00;110,423960;18,350000
2025-04-27 16:00:00;2025-04-27 18:00:00;442,231070;90,290001
2025-04-27 17:00:00;2025-04-27 19:00:00;483,060387;110,830002
2025-04-27 18:00:00;2025-04-27 20:00:00;507,706815;124,230003
2025-04-27 19:00:00;2025-04-27 21:00:00;515,817810;109,239998
2025-04-27 20:00:00;2025-04-27 22:00:00;423,681564;99,000000
2025-04-27 21:00:00;2025-04-27 23:00:00;357,233446;93,559998
2025-04-27 22:00:00;2025-04-28 00:00:00;355,431758;92,239998
2025-04-27 23:00:00;2025-04-28 01:00:00;329,024950;86,489998
2025-04-28 00:00:00;2025-04-28 02:00:00;287,998514;83,099998
2025-04-28 01:00:00;2025-04-28 03:00:00;281,193562;85,410004
2025-04-28 02:00:00;2025-04-28 04:00:00;285,386617;91,190002
2025-04-28 03:00:00;2025-04-28 05:00:00;309,568803;99,489998
2025-04-28 04:00:00;2025-04-28 06:00:00;372,685928;140,000000
2025-04-28 05:00:00;2025-04-28 07:00:00;420,888714;131,089996
2025-04-28 06:00:00;2025-04-28 08:00:00;450,566005;96,849998
2025-04-28 07:00:00;2025-04-28 09:00:00;490,681974;67,370003
2025-04-28 08:00:00;2025-04-28 10:00:00;548,329323;10,030000
2025-04-28 09:00:00;2025-04-28 11:00:00;385,014051;-0,010000
2025-04-28 10:00:00;2025-04-28 12:00:00;93,822697;-4,020000
2025-04-28 11:00:00;2025-04-28 13:00:00;16,878700;-5,900000
2025-04-28 12:00:00;2025-04-28 14:00:00;19,633400;-6,180000
2025-04-28 13:00:00;2025-04-28 15:00:00;115,231596;-1,540000
2025-04-28 14:00:00;2025-04-28 16:00:00;437,516109;2,010000
2025-04-28 15:00:00;2025-04-28 17:00:00;718,034771;68,669998
2025-04-28 16:00:00;2025-04-28 18:00:00;769,732399;101,919998
2025-04-28 17:00:00;2025-04-28 19:00:00;740,974132;149,899994
2025-04-28 18:00:00;2025-04-28 20:00:00;742,000387;194,809998
2025-04-28 19:00:00;2025-04-28 21:00:00;721,075711;128,830002
2025-04-28 20:00:00;2025-04-28 22:00:00;744,654868;106,239998
2025-04-28 21:00:00;2025-04-28 23:00:00;746,440191;96,160004
2025-04-28 22:00:00;2025-04-29 00:00:00;704,063752;89,470001
2025-04-28 23:00:00;2025-04-29 01:00:00;699,493900;85,080002
2025-04-29 00:00:00;2025-04-29 02:00:00;693,656777;80,309998
2025-04-29 01:00:00;2025-04-29 03:00:00;683,667315;77,639999
2025-04-29 02:00:00;2025-04-29 04:00:00;622,651349;76,769997
2025-04-29 03:00:00;2025-04-29 05:00:00;523,111796;85,180000
2025-04-29 04:00:00;2025-04-29 06:00:00;488,896182;106,900002
2025-04-29 05:00:00;2025-04-29 07:00:00;511,901615;113,129997
2025-04-29 06:00:00;2025-04-29 08:00:00;464,921980;99,980003
2025-04-29 07:00:00;2025-04-29 09:00:00;427,372589;78,000000
2025-04-29 08:00:00;2025-04-29 10:00:00;294,890228;9,310000
2025-04-29 09:00:00;2025-04-29 11:00:00;66,050680;0,000000
2025-04-29 10:00:00;2025-04-29 12:00:00;27,606740;-0,760000
2025-04-29 11:00:00;2025-04-29 13:00:00;27,662600;-1,900000
2025-04-29 12:00:00;2025-04-29 14:00:00;29,320700;-1,670000
2025-04-29 13:00:00;2025-04-29 15:00:00;71,817200;-0,010000
2025-04-29 14:00:00;2025-04-29 16:00:00;121,329365;14,820000
2025-04-29 15:00:00;2025-04-29 17:00:00;152,454550;77,599998
2025-04-29 16:00:00;2025-04-29 18:00:00;184,425093;102,000000
2025-04-29 17:00:00;2025-04-29 19:00:00;239,856979;139,830002
2025-04-29 18:00:00;2025-04-29 20:00:00;333,200916;174,750000
2025-04-29 19:00:00;2025-04-29 21:00:00;325,714361;129,110001
2025-04-29 20:00:00;2025-04-29 22:00:00;355,659992;108,830002
2025-04-29 21:00:00;2025-04-29 23:00:00;386,041494;97,820000
2025-04-29 22:00:00;2025-04-30 00:00:00;379,712914;95,000000
2025-04-29 23:00:00;2025-04-30 01:00:00;363,533755;90,000000
2025-04-30 00:00:00;2025-04-30 02:00:00;401,396537;87,589996
2025-04-30 01:00:00;2025-04-30 03:00:00;476,781525;88,250000
2025-04-30 02:00:00;2025-04-30 04:00:00;508,223075;91,400002
2025-04-30 03:00:00;2025-04-30 05:00:00;506,324181;95,830002
2025-04-30 04:00:00;2025-04-30 06:00:00;512,057840;115,269997
2025-04-30 05:00:00;2025-04-30 07:00:00;513,101601;120,300003
2025-04-30 06:00:00;2025-04-30 08:00:00;554,737989;99,900002
2025-04-30 07:00:00;2025-04-30 09:00:00;525,096116;76,699997
2025-04-30 08:00:00;2025-04-30 10:00:00;437,333113;7,080000
2025-04-30 09:00:00;2025-04-30 11:00:00;168,758094;0,000000
2025-04-30 10:00:00;2025-04-30 12:00:00;22,886800;-1,000000
2025-04-30 11:00:00;2025-04-30 13:00:00;37,772247;-2,700000
2025-04-30 12:00:00;2025-04-30 14:00:00;37,729635;-3,000000
2025-04-30 13:00:00;2025-04-30 15:00:00;96,960567;-0,020000
2025-04-30 14:00:00;2025-04-30 16:00:00;240,792177;19,910000
2025-04-30 15:00:00;2025-04-30 17:00:00;192,367085;78,389999
2025-04-30 16:00:00;2025-04-30 18:00:00;167,806600;101,800003
2025-04-30 17:00:00;2025-04-30 19:00:00;117,794148;130,369995
2025-04-30 18:00:00;2025-04-30 20:00:00;107,095883;176,429993
2025-04-30 19:00:00;2025-04-30 21:00:00;67,234791;128,000000
2025-04-30 20:00:00;2025-04-30 22:00:00;39,976907;108,330002
2025-04-30 21:00:00;2025-04-30 23:00:00;51,337602;98,680000
2025-04-30 22:00:00;2025-05-01 00:00:00;79,160093;97,510002
2025-04-30 23:00:00;2025-05-01 01:00:00;88,938675;91,779999
2025-05-01 00:00:00;2025-05-01 02:00:00;109,178002;90,459999
2025-05-01 01:00:00;2025-05-01 03:00:00;110,440260;90,629997
2025-05-01 02:00:00;2025-05-01 04:00:00;116,514913;90,500000
2025-05-01 03:00:00;2025-05-01 05:00:00;131,233443;84,160004
2025-05-01 04:00:00;2025-05-01 06:00:00;152,547763;83,940002
2025-05-01 05:00:00;2025-05-01 07:00:00;163,124111;78,040001
2025-05-01 06:00:00;2025-05-01 08:00:00;223,728725;62,099998
2025-05-01 07:00:00;2025-05-01 09:00:00;227,009439;0,000000
2025-05-01 08:00:00;2025-05-01 10:00:00;267,219546;-0,800000
2025-05-01 09:00:00;2025-05-01 11:00:00;240,804558;-4,190000
2025-05-01 10:00:00;2025-05-01 12:00:00;166,856837;-4,480000
2025-05-01 11:00:00;2025-05-01 13:00:00;136,781600;-5,090000
2025-05-01 12:00:00;2025-05-01 14:00:00;194,914610;-10,240000
2025-05-01 13:00:00;2025-05-01 15:00:00;217,424388;-22,780001
2025-05-01 14:00:00;2025-05-01 16:00:00;254,505744;-5,170000
2025-05-01 15:00:00;2025-05-01 17:00:00;575,318056;40,770000
2025-05-01 16:00:00;2025-05-01 18:00:00;639,793530;96,139999
2025-05-01 17:00:00;2025-05-01 19:00:00;634,585229;129,869995
2025-05-01 18:00:00;2025-05-01 20:00:00;675,892941;164,380005
2025-05-01 19:00:00;2025-05-01 21:00:00;783,403252;122,449997
2025-05-01 20:00:00;2025-05-01 22:00:00;746,947280;100,730003
2025-05-01 21:00:00;2025-05-01 23:00:00;755,305450;87,099998
2025-05-01 22:00:00;2025-05-02 00:00:00;835,399605;89,919998
2025-05-01 23:00:00;2025-05-02 01:00:00;981,910532;77,120003
2025-05-02 00:00:00;2025-05-02 02:00:00;761,188343;66,900002
2025-05-02 01:00:00;2025-05-02 03:00:00;501,519655;63,910000
2025-05-02 02:00:00;2025-05-02 04:00:00;379,949423;66,000000
2025-05-02 03:00:00;2025-05-02 05:00:00;440,835408;74,010002
2025-05-02 04:00:00;2025-05-02 06:00:00;560,692510;86,830002
2025-05-02 05:00:00;2025-05-02 07:00:00;510,573353;88,550003
2025-05-02 06:00:00;2025-05-02 08:00:00;446,601000;84,900002
2025-05-02 07:00:00;2025-05-02 09:00:00;545,482652;55,000000
2025-05-02 08:00:00;2025-05-02 10:00:00;252,104586;0,850000
2025-05-02 09:00:00;2025-05-02 11:00:00;242,501655;-0,010000
2025-05-02 10:00:00;2025-05-02 12:00:00;221,950650;-0,800000
2025-05-02 11:00:00;2025-05-02 13:00:00;62,108100;-3,000000
2025-05-02 12:00:00;2025-05-02 14:00:00;71,200600;-4,000000
2025-05-02 13:00:00;2025-05-02 15:00:00;138,392066;-0,080000
2025-05-02 14:00:00;2025-05-02 16:00:00;467,736567;0,300000
2025-05-02 15:00:00;2025-05-02 17:00:00;980,239325;55,639999
2025-05-02 16:00:00;2025-05-02 18:00:00;951,258842;77,949997
2025-05-02 17:00:00;2025-05-02 19:00:00;936,748299;105,150002
2025-05-02 18:00:00;2025-05-02 20:00:00;994,212035;116,279999
2025-05-02 19:00:00;2025-05-02 21:00:00;1013,428455;117,730003
2025-05-02 20:00:00;2025-05-02 22:00:00;1025,620186;103,260002
2025-05-02 21:00:00;2025-05-02 23:00:00;1063,573557;92,800003
2025-05-02 22:00:00;2025-05-03 00:00:00;1103,356216;93,739998
2025-05-02 23:00:00;2025-05-03 01:00:00;1127,308227;89,000000
2025-05-03 00:00:00;2025-05-03 02:00:00;1152,090023;88,720001
2025-05-03 01:00:00;2025-05-03 03:00:00;1215,299384;92,000000
2025-05-03 02:00:00;2025-05-03 04:00:00;1189,010333;91,230003
2025-05-03 03:00:00;2025-05-03 05:00:00;1049,128251;91,839996
2025-05-03 04:00:00;2025-05-03 06:00:00;966,360055;92,860001
2025-05-03 05:00:00;2025-05-03 07:00:00;882,477272;87,730003
2025-05-03 06:00:00;2025-05-03 08:00:00;747,326882;79,900002
2025-05-03 07:00:00;2025-05-03 09:00:00;736,062838;13,530000
2025-05-03 08:00:00;2025-05-03 10:00:00;805,083043;0,010000
2025-05-03 09:00:00;2025-05-03 11:00:00;628,255020;-0,010000
2025-05-03 10:00:00;2025-05-03 12:00:00;537,645340;-1,160000
2025-05-03 11:00:00;2025-05-03 13:00:00;356,025938;-3,040000
2025-05-03 12:00:00;2025-05-03 14:00:00;210,845176;-2,690000
2025-05-03 13:00:00;2025-05-03 15:00:00;218,405052;-0,030000
2025-05-03 14:00:00;2025-05-03 16:00:00;405,244484;0,060000
2025-05-03 15:00:00;2025-05-03 17:00:00;484,596119;28,870001
2025-05-03 16:00:00;2025-05-03 18:00:00;541,938693;60,099998
2025-05-03 17:00:00;2025-05-03 19:00:00;475,414416;76,680000
2025-05-03 18:00:00;2025-05-03 20:00:00;531,912156;83,830002
2025-05-03 19:00:00;2025-05-03 21:00:00;742,499961;75,199997
2025-05-03 20:00:00;2025-05-03 22:00:00;997,708548;66,889999
2025-05-03 21:00:00;2025-05-03 23:00:00;1024,012975;63,439999
2025-05-03 22:00:00;2025-05-04 00:00:00;1107,387496;59,950001
2025-05-03 23:00:00;2025-05-04 01:00:00;1128,120613;44,900002
2025-05-04 00:00:00;2025-05-04 02:00:00;1062,758671;31,469999
2025-05-04 01:00:00;2025-05-04 03:00:00;1005,736754;20,389999
2025-05-04 02:00:00;2025-05-04 04:00:00;927,737950;20,020000
2025-05-04 03:00:00;2025-05-04 05:00:00;874,731921;15,580000
2025-05-04 04:00:00;2025-05-04 06:00:00;1043,445989;13,620000
2025-05-04 05:00:00;2025-05-04 07:00:00;998,668273;7,830000
2025-05-04 06:00:00;2025-05-04 08:00:00;672,792279;2,930000
2025-05-04 07:00:00;2025-05-04 09:00:00;239,196027;0,000000
2025-05-04 08:00:00;2025-05-04 10:00:00;262,420200;-0,010000
2025-05-04 09:00:00;2025-05-04 11:00:00;249,546700;-0,010000
2025-05-04 10:00:00;2025-05-04 12:00:00;231,694300;-0,020000
2025-05-04 11:00:00;2025-05-04 13:00:00;22,855300;-2,000000
2025-05-04 12:00:00;2025-05-04 14:00:00;12,429100;-5,010000
2025-05-04 13:00:00;2025-05-04 15:00:00;8,788600;-1,590000
2025-05-04 14:00:00;2025-05-04 16:00:00;161,282200;-0,010000
2025-05-04 15:00:00;2025-05-04 17:00:00;1020,307198;10,070000
2025-05-04 16:00:00;2025-05-04 18:00:00;1102,510118;80,080002
2025-05-04 17:00:00;2025-05-04 19:00:00;1050,565847;95,949997
2025-05-04 18:00:00;2025-05-04 20:00:00;965,757762;109,000000
2025-05-04 19:00:00;2025-05-04 21:00:00;883,063947;112,379997
2025-05-04 20:00:00;2025-05-04 22:00:00;904,528965;101,790001
2025-05-04 21:00:00;2025-05-04 23:00:00;798,529775;87,349998
2025-05-04 22:00:00;2025-05-05 00:00:00;584,156586;75,180000
2025-05-04 23:00:00;2025-05-05 01:00:00;411,859062;70,510002
2025-05-05 00:00:00;2025-05-05 02:00:00;319,150883;72,250000
2025-05-05 01:00:00;2025-05-05 03:00:00;255,308141;75,150002
2025-05-05 02:00:00;2025-05-05 04:00:00;213,469092;74,980003
2025-05-05 03:00:00;2025-05-05 05:00:00;208,637461;89,489998
2025-05-05 04:00:00;2025-05-05 06:00:00;126,401644;110,919998
2025-05-05 05:00:00;2025-05-05 07:00:00;87,766322;122,570000
2025-05-05 06:00:00;2025-05-05 08:00:00;74,965303;106,690002
2025-05-05 07:00:00;2025-05-05 09:00:00;68,005264;90,820000
2025-05-05 08:00:00;2025-05-05 10:00:00;82,437858;80,000000
2025-05-05 09:00:00;2025-05-05 11:00:00;99,663983;61,650002
2025-05-05 10:00:00;2025-05-05 12:00:00;116,780386;53,830002
2025-05-05 11:00:00;2025-05-05 13:00:00;139,512431;49,660000
2025-05-05 12:00:00;2025-05-05 14:00:00;209,850168;59,299999
2025-05-05 13:00:00;2025-05-05 15:00:00;298,020118;68,669998
2025-05-05 14:00:00;2025-05-05 16:00:00;410,051056;59,959999
2025-05-05 15:00:00;2025-05-05 17:00:00;634,034112;83,519997
2025-05-05 16:00:00;2025-05-05 18:00:00;955,754201;84,400002
2025-05-05 17:00:00;2025-05-05 19:00:00;1140,762001;106,989998
2025-05-05 18:00:00;2025-05-05 20:00:00;1099,069715;101,400002
2025-05-05 19:00:00;2025-05-05 21:00:00;1097,953999;103,800003
2025-05-05 20:00:00;2025-05-05 22:00:00;1198,356695;99,120003
2025-05-05 21:00:00;2025-05-05 23:00:00;1201,722303;80,989998
2025-05-05 22:00:00;2025-05-06 00:00:00;1300,179404;82,459999
2025-05-05 23:00:00;2025-05-06 01:00:00;1314,670159;81,410004
2025-05-06 00:00:00;2025-05-06 02:00:00;1322,148216;80,500000
2025-05-06 01:00:00;2025-05-06 03:00:00;1302,179970;79,779999
2025-05-06 02:00:00;2025-05-06 04:00:00;1257,513663;82,190002
2025-05-06 03:00:00;2025-05-06 05:00:00;1149,413383;91,660004
2025-05-06 04:00:00;2025-05-06 06:00:00;1076,881515;106,620003
2025-05-06 05:00:00;2025-05-06 07:00:00;1114,529267;121,860001
2025-05-06 06:00:00;2025-05-06 08:00:00;1008,584527;108,370003
2025-05-06 07:00:00;2025-05-06 09:00:00;928,424914;83,080002
2025-05-06 08:00:00;2025-05-06 10:00:00;738,621183;72,269997
2025-05-06 09:00:00;2025-05-06 11:00:00;567,591416;59,889999
2025-05-06 10:00:00;2025-05-06 12:00:00;432,196296;42,810001
2025-05-06 11:00:00;2025-05-06 13:00:00;373,742413;38,169998
2025-05-06 12:00:00;2025-05-06 14:00:00;391,042304;45,439999
2025-05-06 13:00:00;2025-05-06 15:00:00;320,885762;65,000000
2025-05-06 14:00:00;2025-05-06 16:00:00;382,431493;73,730003
2025-05-06 15:00:00;2025-05-06 17:00:00;390,162005;89,989998
2025-05-06 16:00:00;2025-05-06 18:00:00;426,324870;106,889999
2025-05-06 17:00:00;2025-05-06 19:00:00;396,610590;134,089996
2025-05-06 18:00:00;2025-05-06 20:00:00;340,747354;161,179993
2025-05-06 19:00:00;2025-05-06 21:00:00;296,934306;136,600006
2025-05-06 20:00:00;2025-05-06 22:00:00;202,550673;118,279999
2025-05-06 21:00:00;2025-05-06 23:00:00;243,836907;101,269997
2025-05-06 22:00:00;2025-05-07 00:00:00;225,099845;92,669998
2025-05-06 23:00:00;2025-05-07 01:00:00;134,622391;87,050003
2025-05-07 00:00:00;2025-05-07 02:00:00;151,624013;85,629997
2025-05-07 01:00:00;2025-05-07 03:00:00;141,482001;88,599998
2025-05-07 02:00:00;2025-05-07 04:00:00;126,669190;95,160004
2025-05-07 03:00:00;2025-05-07 05:00:00;90,035075;108,570000
2025-05-07 04:00:00;2025-05-07 06:00:00;60,907787;131,679993
2025-05-07 05:00:00;2025-05-07 07:00:00;59,239278;143,949997
2025-05-07 06:00:00;2025-05-07 08:00:00;47,532811;125,000000
2025-05-07 07:00:00;2025-05-07 09:00:00;22,279949;96,430000
2025-05-07 08:00:00;2025-05-07 10:00:00;40,127529;82,410004
2025-05-07 09:00:00;2025-05-07 11:00:00;26,071740;73,300003
2025-05-07 10:00:00;2025-05-07 12:00:00;28,520212;64,430000
2025-05-07 11:00:00;2025-05-07 13:00:00;43,208706;63,919998
2025-05-07 12:00:00;2025-05-07 14:00:00;62,952737;68,040001
2025-05-07 13:00:00;2025-05-07 15:00:00;94,402145;75,000000
2025-05-07 14:00:00;2025-05-07 16:00:00;116,356162;81,800003
2025-05-07 15:00:00;2025-05-07 17:00:00;132,534652;95,849998
2025-05-07 16:00:00;2025-05-07 18:00:00;152,870945;108,489998
2025-05-07 17:00:00;2025-05-07 19:00:00;146,853138;128,929993
2025-05-07 18:00:00;2025-05-07 20:00:00;137,986376;147,149994
2025-05-07 19:00:00;2025-05-07 21:00:00;147,597050;125,180000
2025-05-07 20:00:00;2025-05-07 22:00:00;108,521587;108,489998
2025-05-07 21:00:00;2025-05-07 23:00:00;58,912199;96,589996
2025-05-07 22:00:00;2025-05-08 00:00:00;32,815548;95,860001
2025-05-07 23:00:00;2025-05-08 01:00:00;21,228481;91,660004
2025-05-08 00:00:00;2025-05-08 02:00:00;19,370900;91,510002
2025-05-08 01:00:00;2025-05-08 03:00:00;9,555400;93,180000
2025-05-08 02:00:00;2025-05-08 04:00:00;1,113000;96,089996
2025-05-08 03:00:00;2025-05-08 05:00:00;6,565000;109,250000
2025-05-08 04:00:00;2025-05-08 06:00:00;12,889300;124,269997
2025-05-08 05:00:00;2025-05-08 07:00:00;25,953100;138,729996
2025-05-08 06:00:00;2025-05-08 08:00:00;24,807400;124,110001
2025-05-08 07:00:00;2025-05-08 09:00:00;38,261400;101,129997
2025-05-08 08:00:00;2025-05-08 10:00:00;33,368200;87,809998
2025-05-08 09:00:00;2025-05-08 11:00:00;31,532600;75,339996
2025-05-08 10:00:00;2025-05-08 12:00:00;26,280200;64,250000
2025-05-08 11:00:00;2025-05-08 13:00:00;25,890800;63,750000
2025-05-08 12:00:00;2025-05-08 14:00:00;32,642955;70,050003
2025-05-08 13:00:00;2025-05-08 15:00:00;44,628887;78,769997
2025-05-08 14:00:00;2025-05-08 16:00:00;74,369432;85,300003
2025-05-08 15:00:00;2025-05-08 17:00:00;126,843141;91,629997
2025-05-08 16:00:00;2025-05-08 18:00:00;110,691808;109,089996
2025-05-08 17:00:00;2025-05-08 19:00:00;113,056644;134,960007
2025-05-08 18:00:00;2025-05-08 20:00:00;93,316182;185,080002
2025-05-08 19:00:00;2025-05-08 21:00:00;97,191689;143,179993
2025-05-08 20:00:00;2025-05-08 22:00:00;106,798007;114,769997
2025-05-08 21:00:00;2025-05-08 23:00:00;134,337234;106,480003
2025-05-08 22:00:00;2025-05-09 00:00:00;118,209574;102,269997
2025-05-08 23:00:00;2025-05-09 01:00:00;102,441858;96,550003
2025-05-09 00:00:00;2025-05-09 02:00:00;118,624389;93,760002
2025-05-09 01:00:00;2025-05-09 03:00:00;165,298078;95,089996
2025-05-09 02:00:00;2025-05-09 04:00:00;222,859551;99,000000
2025-05-09 03:00:00;2025-05-09 05:00:00;300,438448;109,070000
2025-05-09 04:00:00;2025-05-09 06:00:00;330,660019;141,000000
2025-05-09 05:00:00;2025-05-09 07:00:00;409,062432;136,029999
2025-05-09 06:00:00;2025-05-09 08:00:00;457,236043;100,610001
2025-05-09 07:00:00;2025-05-09 09:00:00;500,130572;82,000000
2025-05-09 08:00:00;2025-05-09 10:00:00;514,893333;51,599998
2025-05-09 09:00:00;2025-05-09 11:00:00;355,907093;0,100000
2025-05-09 10:00:00;2025-05-09 12:00:00;299,375412;-0,010000
2025-05-09 11:00:00;2025-05-09 13:00:00;293,801481;-0,020000
2025-05-09 12:00:00;2025-05-09 14:00:00;291,666062;-0,010000
2025-05-09 13:00:00;2025-05-09 15:00:00;311,208049;0,090000
2025-05-09 14:00:00;2025-05-09 16:00:00;573,752708;52,660000
2025-05-09 15:00:00;2025-05-09 17:00:00;532,115046;79,059998
2025-05-09 16:00:00;2025-05-09 18:00:00;541,662333;98,809998
2025-05-09 17:00:00;2025-05-09 19:00:00;535,133969;118,199997
2025-05-09 18:00:00;2025-05-09 20:00:00;493,925033;149,130005
2025-05-09 19:00:00;2025-05-09 21:00:00;424,702159;130,350006
2025-05-09 20:00:00;2025-05-09 22:00:00;376,879851;107,320000
2025-05-09 21:00:00;2025-05-09 23:00:00;378,978817;98,320000
2025-05-09 22:00:00;2025-05-10 00:00:00;356,960326;105,220001
2025-05-09 23:00:00;2025-05-10 01:00:00;356,503817;102,910004
2025-05-10 00:00:00;2025-05-10 02:00:00;358,927185;98,779999
2025-05-10 01:00:00;2025-05-10 03:00:00;277,532343;96,279999
2025-05-10 02:00:00;2025-05-10 04:00:00;211,509961;100,900002
2025-05-10 03:00:00;2025-05-10 05:00:00;168,986910;100,470001
2025-05-10 04:00:00;2025-05-10 06:00:00;129,604825;97,730003
2025-05-10 05:00:00;2025-05-10 07:00:00;128,705999;93,910004
2025-05-10 06:00:00;2025-05-10 08:00:00;118,323400;73,720001
2025-05-10 07:00:00;2025-05-10 09:00:00;95,028643;9,550000
2025-05-10 08:00:00;2025-05-10 10:00:00;65,073137;8,310000
2025-05-10 09:00:00;2025-05-10 11:00:00;71,949744;4,840000
2025-05-10 10:00:00;2025-05-10 12:00:00;47,059861;2,100000
2025-05-10 11:00:00;2025-05-10 13:00:00;51,790294;1,870000
2025-05-10 12:00:00;2025-05-10 14:00:00;34,246922;-0,010000
2025-05-10 13:00:00;2025-05-10 15:00:00;30,755500;-1,740000
2025-05-10 14:00:00;2025-05-10 16:00:00;29,936200;-2,700000
2025-05-10 15:00:00;2025-05-10 17:00:00;172,067885;23,990000
2025-05-10 16:00:00;2025-05-10 18:00:00;187,824443;95,269997
2025-05-10 17:00:00;2025-05-10 19:00:00;238,918881;124,040001
2025-05-10 18:00:00;2025-05-10 20:00:00;171,530300;163,199997
2025-05-10 19:00:00;2025-05-10 21:00:00;154,944100;129,490005
2025-05-10 20:00:00;2025-05-10 22:00:00;143,173270;107,720001
2025-05-10 21:00:00;2025-05-10 23:00:00;137,107620;94,489998
2025-05-10 22:00:00;2025-05-11 00:00:00;177,179100;97,800003
2025-05-10 23:00:00;2025-05-11 01:00:00;213,632400;95,099998
2025-05-11 00:00:00;2025-05-11 02:00:00;201,038400;94,510002
2025-05-11 01:00:00;2025-05-11 03:00:00;200,793497;95,419998
2025-05-11 02:00:00;2025-05-11 04:00:00;157,005894;95,389999
2025-05-11 03:00:00;2025-05-11 05:00:00;151,043824;95,449997
2025-05-11 04:00:00;2025-05-11 06:00:00;152,680064;87,610001
2025-05-11 05:00:00;2025-05-11 07:00:00;120,490810;65,760002
2025-05-11 06:00:00;2025-05-11 08:00:00;135,468101;4,970000
2025-05-11 07:00:00;2025-05-11 09:00:00;140,842389;7,810000
2025-05-11 08:00:00;2025-05-11 10:00:00;165,289769;3,920000
2025-05-11 09:00:00;2025-05-11 11:00:00;22,404174;2,060000
2025-05-11 10:00:00;2025-05-11 12:00:00;24,875700;1,710000
2025-05-11 11:00:00;2025-05-11 13:00:00;29,975100;-0,010000
2025-05-11 12:00:00;2025-05-11 14:00:00;29,442300;-0,270000
2025-05-11 13:00:00;2025-05-11 15:00:00;29,377100;-1,010000
2025-05-11 14:00:00;2025-05-11 16:00:00;30,112200;-0,130000
2025-05-11 15:00:00;2025-05-11 17:00:00;25,789200;0,580000
2025-05-11 16:00:00;2025-05-11 18:00:00;35,013580;85,959999
2025-05-11 17:00:00;2025-05-11 19:00:00;63,220263;117,110001
2025-05-11 18:00:00;2025-05-11 20:00:00;57,846011;124,860001
2025-05-11 19:00:00;2025-05-11 21:00:00;74,628675;109,550003
2025-05-11 20:00:00;2025-05-11 22:00:00;327,348378;98,449997
2025-05-11 21:00:00;2025-05-11 23:00:00;492,253166;84,680000
2025-05-11 22:00:00;2025-05-12 00:00:00;500,503548;86,000000
2025-05-11 23:00:00;2025-05-12 01:00:00;444,801541;81,279999
2025-05-12 00:00:00;2025-05-12 02:00:00;501,560195;80,949997
2025-05-12 01:00:00;2025-05-12 03:00:00;541,493952;81,480003
2025-05-12 02:00:00;2025-05-12 04:00:00;553,358025;84,650002
2025-05-12 03:00:00;2025-05-12 05:00:00;634,926724;97,709999
2025-05-12 04:00:00;2025-05-12 06:00:00;602,902411;137,050003
2025-05-12 05:00:00;2025-05-12 07:00:00;454,849063;141,149994
2025-05-12 06:00:00;2025-05-12 08:00:00;433,674538;108,489998
2025-05-12 07:00:00;2025-05-12 09:00:00;353,533920;69,739998
2025-05-12 08:00:00;2025-05-12 10:00:00;327,985945;15,370000
2025-05-12 09:00:00;2025-05-12 11:00:00;173,273618;11,350000
2025-05-12 10:00:00;2025-05-12 12:00:00;56,579500;2,090000
2025-05-12 11:00:00;2025-05-12 13:00:00;98,306649;4,170000
2025-05-12 12:00:00;2025-05-12 14:00:00;62,848467;2,080000
2025-05-12 13:00:00;2025-05-12 15:00:00;169,577735;6,960000
2025-05-12 14:00:00;2025-05-12 16:00:00;134,117284;7,780000
2025-05-12 15:00:00;2025-05-12 17:00:00;127,009975;72,580002
2025-05-12 16:00:00;2025-05-12 18:00:00;116,747082;107,120003
2025-05-12 17:00:00;2025-05-12 19:00:00;81,001497;141,410004
2025-05-12 18:00:00;2025-05-12 20:00:00;102,884772;172,699997
2025-05-12 19:00:00;2025-05-12 21:00:00;109,496768;117,250000
2025-05-12 20:00:00;2025-05-12 22:00:00;108,529389;100,110001
2025-05-12 21:00:00;2025-05-12 23:00:00;144,964238;92,970001
2025-05-12 22:00:00;2025-05-13 00:00:00;150,787928;89,870003
2025-05-12 23:00:00;2025-05-13 01:00:00;130,397714;88,550003
2025-05-13 00:00:00;2025-05-13 02:00:00;67,414541;89,199997
2025-05-13 01:00:00;2025-05-13 03:00:00;73,790125;93,940002
2025-05-13 02:00:00;2025-05-13 04:00:00;87,844746;96,709999
2025-05-13 03:00:00;2025-05-13 05:00:00;133,359400;104,000000
2025-05-13 04:00:00;2025-05-13 06:00:00;240,581300;136,770004
2025-05-13 05:00:00;2025-05-13 07:00:00;324,623600;128,330002
2025-05-13 06:00:00;2025-05-13 08:00:00;346,298800;100,419998
2025-05-13 07:00:00;2025-05-13 09:00:00;344,621400;79,360001
2025-05-13 08:00:00;2025-05-13 10:00:00;402,733275;16,090000
2025-05-13 09:00:00;2025-05-13 11:00:00;38,773839;-0,750000
2025-05-13 10:00:00;2025-05-13 12:00:00;24,542100;-2,560000
2025-05-13 11:00:00;2025-05-13 13:00:00;23,240600;-1,740000
2025-05-13 12:00:00;2025-05-13 14:00:00;23,669000;-3,200000
2025-05-13 13:00:00;2025-05-13 15:00:00;28,656200;-3,640000
2025-05-13 14:00:00;2025-05-13 16:00:00;132,381800;0,540000
2025-05-13 15:00:00;2025-05-13 17:00:00;607,405392;73,949997
2025-05-13 16:00:00;2025-05-13 18:00:00;679,805659;99,709999
2025-05-13 17:00:00;2025-05-13 19:00:00;680,150522;135,910004
2025-05-13 18:00:00;2025-05-13 20:00:00;700,961776;212,919998
2025-05-13 19:00:00;2025-05-13 21:00:00;787,569781;148,369995
2025-05-13 20:00:00;2025-05-13 22:00:00;806,016157;111,970001
2025-05-13 21:00:00;2025-05-13 23:00:00;772,285857;99,209999
2025-05-13 22:00:00;2025-05-14 00:00:00;755,768068;97,070000
2025-05-13 23:00:00;2025-05-14 01:00:00;792,789835;89,860001
2025-05-14 00:00:00;2025-05-14 02:00:00;925,299597;87,779999
2025-05-14 01:00:00;2025-05-14 03:00:00;885,962990;89,089996
2025-05-14 02:00:00;2025-05-14 04:00:00;791,116219;98,510002
2025-05-14 03:00:00;2025-05-14 05:00:00;736,586921;103,919998
2025-05-14 04:00:00;2025-05-14 06:00:00;727,355420;128,580002
2025-05-14 05:00:00;2025-05-14 07:00:00;727,562822;122,500000
2025-05-14 06:00:00;2025-05-14 08:00:00;862,760549;99,559998
2025-05-14 07:00:00;2025-05-14 09:00:00;696,497325;70,910004
2025-05-14 08:00:00;2025-05-14 10:00:00;272,480111;0,200000
2025-05-14 09:00:00;2025-05-14 11:00:00;133,284269;-1,680000
2025-05-14 10:00:00;2025-05-14 12:00:00;28,373938;-5,090000
2025-05-14 11:00:00;2025-05-14 13:00:00;19,801500;-5,010000
2025-05-14 12:00:00;2025-05-14 14:00:00;19,357119;-5,310000
2025-05-14 13:00:00;2025-05-14 15:00:00;23,588200;-3,360000
2025-05-14 14:00:00;2025-05-14 16:00:00;118,321212;-1,340000
2025-05-14 15:00:00;2025-05-14 17:00:00;809,067477;30,940001
2025-05-14 16:00:00;2025-05-14 18:00:00;727,510604;91,599998
2025-05-14 17:00:00;2025-05-14 19:00:00;646,082425;114,000000
2025-05-14 18:00:00;2025-05-14 20:00:00;597,033745;158,449997
2025-05-14 19:00:00;2025-05-14 21:00:00;523,571972;132,589996
2025-05-14 20:00:00;2025-05-14 22:00:00;535,018053;109,080002
2025-05-14 21:00:00;2025-05-14 23:00:00;480,875682;95,300003
2025-05-14 22:00:00;2025-05-15 00:00:00;491,888700;97,019997
2025-05-14 23:00:00;2025-05-15 01:00:00;499,043264;88,000000
2025-05-15 00:00:00;2025-05-15 02:00:00;563,495550;82,239998
2025-05-15 01:00:00;2025-05-15 03:00:00;696,793595;81,669998
2025-05-15 02:00:00;2025-05-15 04:00:00;870,554407;85,010002
2025-05-15 03:00:00;2025-05-15 05:00:00;997,979973;94,830002
2025-05-15 04:00:00;2025-05-15 06:00:00;945,486066;119,900002
2025-05-15 05:00:00;2025-05-15 07:00:00;920,202723;114,620003
2025-05-15 06:00:00;2025-05-15 08:00:00;853,379124;89,000000
2025-05-15 07:00:00;2025-05-15 09:00:00;782,149116;69,889999
2025-05-15 08:00:00;2025-05-15 10:00:00;702,886737;4,580000
2025-05-15 09:00:00;2025-05-15 11:00:00;56,853248;-0,080000
2025-05-15 10:00:00;2025-05-15 12:00:00;25,062700;-4,910000
2025-05-15 11:00:00;2025-05-15 13:00:00;24,704400;-6,710000
2025-05-15 12:00:00;2025-05-15 14:00:00;24,650300;-5,300000
2025-05-15 13:00:00;2025-05-15 15:00:00;29,031500;-5,090000
2025-05-15 14:00:00;2025-05-15 16:00:00;71,728200;-0,600000
2025-05-15 15:00:00;2025-05-15 17:00:00;960,242065;3,830000
2025-05-15 16:00:00;2025-05-15 18:00:00;876,326827;68,910004
2025-05-15 17:00:00;2025-05-15 19:00:00;817,783032;99,269997
2025-05-15 18:00:00;2025-05-15 20:00:00;722,194783;130,740005
2025-05-15 19:00:00;2025-05-15 21:00:00;697,594110;125,129997
2025-05-15 20:00:00;2025-05-15 22:00:00;740,300859;110,489998
2025-05-15 21:00:00;2025-05-15 23:00:00;625,660042;101,000000
2025-05-15 22:00:00;2025-05-16 00:00:00;510,475375;94,500000
2025-05-15 23:00:00;2025-05-16 01:00:00;457,387720;88,470001
2025-05-16 00:00:00;2025-05-16 02:00:00;428,211306;84,910004
2025-05-16 01:00:00;2025-05-16 03:00:00;481,249081;85,000000
2025-05-16 02:00:00;2025-05-16 04:00:00;476,230217;88,760002
2025-05-16 03:00:00;2025-05-16 05:00:00;596,236321;98,260002
2025-05-16 04:00:00;2025-05-16 06:00:00;766,586810;113,180000
2025-05-16 05:00:00;2025-05-16 07:00:00;745,393554;117,599998
2025-05-16 06:00:00;2025-05-16 08:00:00;675,551548;106,660004
2025-05-16 07:00:00;2025-05-16 09:00:00;633,861716;78,989998
2025-05-16 08:00:00;2025-05-16 10:00:00;667,354737;11,110000
2025-05-16 09:00:00;2025-05-16 11:00:00;87,192697;-0,010000
2025-05-16 10:00:00;2025-05-16 12:00:00;20,867705;-2,540000
2025-05-16 11:00:00;2025-05-16 13:00:00;19,724900;-1,720000
2025-05-16 12:00:00;2025-05-16 14:00:00;22,968300;-1,550000
2025-05-16 13:00:00;2025-05-16 15:00:00;53,813392;-0,010000
2025-05-16 14:00:00;2025-05-16 16:00:00;806,759941;2,980000
2025-05-16 15:00:00;2025-05-16 17:00:00;1106,926858;54,270000
2025-05-16 16:00:00;2025-05-16 18:00:00;1021,895636;88,510002
2025-05-16 17:00:00;2025-05-16 19:00:00;1040,977747;111,769997
2025-05-16 18:00:00;2025-05-16 20:00:00;910,688435;154,910004
2025-05-16 19:00:00;2025-05-16 21:00:00;842,025720;143,229996
2025-05-16 20:00:00;2025-05-16 22:00:00;814,524732;116,080002
2025-05-16 21:00:00;2025-05-16 23:00:00;800,986764;102,080002
2025-05-16 22:00:00;2025-05-17 00:00:00;559,490188;92,500000
2025-05-16 23:00:00;2025-05-17 01:00:00;589,337798;93,480003
2025-05-17 00:00:00;2025-05-17 02:00:00;728,666217;88,930000
2025-05-17 01:00:00;2025-05-17 03:00:00;678,329592;88,900002
2025-05-17 02:00:00;2025-05-17 04:00:00;593,850807;89,889999
2025-05-17 03:00:00;2025-05-17 05:00:00;632,339513;90,010002
2025-05-17 04:00:00;2025-05-17 06:00:00;408,316700;91,559998
2025-05-17 05:00:00;2025-05-17 07:00:00;398,504526;89,849998
2025-05-17 06:00:00;2025-05-17 08:00:00;485,258904;59,110001
2025-05-17 07:00:00;2025-05-17 09:00:00;158,135712;0,860000
2025-05-17 08:00:00;2025-05-17 10:00:00;283,095771;-0,060000
2025-05-17 09:00:00;2025-05-17 11:00:00;24,900500;-3,910000
2025-05-17 10:00:00;2025-05-17 12:00:00;24,591127;-3,550000
2025-05-17 11:00:00;2025-05-17 13:00:00;24,363700;-3,130000
2025-05-17 12:00:00;2025-05-17 14:00:00;24,186300;-5,260000
2025-05-17 13:00:00;2025-05-17 15:00:00;25,607400;-5,090000
2025-05-17 14:00:00;2025-05-17 16:00:00;94,170900;-0,800000
2025-05-17 15:00:00;2025-05-17 17:00:00;823,756400;5,010000
2025-05-17 16:00:00;2025-05-17 18:00:00;981,513484;73,989998
2025-05-17 17:00:00;2025-05-17 19:00:00;863,474520;99,639999
2025-05-17 18:00:00;2025-05-17 20:00:00;785,722231;121,379997
2025-05-17 19:00:00;2025-05-17 21:00:00;788,970419;130,210007
2025-05-17 20:00:00;2025-05-17 22:00:00;608,849106;129,899994
2025-05-17 21:00:00;2025-05-17 23:00:00;355,126110;111,599998
2025-05-17 22:00:00;2025-05-18 00:00:00;228,746040;106,730003
2025-05-17 23:00:00;2025-05-18 01:00:00;293,484792;101,489998
2025-05-18 00:00:00;2025-05-18 02:00:00;419,604526;98,570000
2025-05-18 01:00:00;2025-05-18 03:00:00;416,582532;97,400002
2025-05-18 02:00:00;2025-05-18 04:00:00;425,788302;98,410004
2025-05-18 03:00:00;2025-05-18 05:00:00;464,235569;97,980003
2025-05-18 04:00:00;2025-05-18 06:00:00;387,571456;91,300003
2025-05-18 05:00:00;2025-05-18 07:00:00;469,437660;87,160004
2025-05-18 06:00:00;2025-05-18 08:00:00;537,767139;67,860001
2025-05-18 07:00:00;2025-05-18 09:00:00;463,717713;10,100000
2025-05-18 08:00:00;2025-05-18 10:00:00;304,272547;0,000000
2025-05-18 09:00:00;2025-05-18 11:00:00;406,787986;-0,200000
2025-05-18 10:00:00;2025-05-18 12:00:00;478,426351;-2,000000
2025-05-18 11:00:00;2025-05-18 13:00:00;501,503804;-7,090000
2025-05-18 12:00:00;2025-05-18 14:00:00;283,184685;-12,040000
2025-05-18 13:00:00;2025-05-18 15:00:00;488,632337;-6,770000
2025-05-18 14:00:00;2025-05-18 16:00:00;351,960613;-0,200000
2025-05-18 15:00:00;2025-05-18 17:00:00;709,004712;9,670000
2025-05-18 16:00:00;2025-05-18 18:00:00;668,142992;85,650002
2025-05-18 17:00:00;2025-05-18 19:00:00;671,330340;108,400002
2025-05-18 18:00:00;2025-05-18 20:00:00;552,387704;125,169998
2025-05-18 19:00:00;2025-05-18 21:00:00;541,454028;130,470001
2025-05-18 20:00:00;2025-05-18 22:00:00;494,047402;118,410004
2025-05-18 21:00:00;2025-05-18 23:00:00;374,897287;103,620003
2025-05-18 22:00:00;2025-05-19 00:00:00;141,837791;110,480003
2025-05-18 23:00:00;2025-05-19 01:00:00;302,705345;99,029999
2025-05-19 00:00:00;2025-05-19 02:00:00;456,573417;93,370003
2025-05-19 01:00:00;2025-05-19 03:00:00;635,547886;90,099998
2025-05-19 02:00:00;2025-05-19 04:00:00;545,023372;90,750000
2025-05-19 03:00:00;2025-05-19 05:00:00;409,597413;102,400002
2025-05-19 04:00:00;2025-05-19 06:00:00;408,089042;128,000000
2025-05-19 05:00:00;2025-05-19 07:00:00;423,866089;137,220001
2025-05-19 06:00:00;2025-05-19 08:00:00;459,772213;113,410004
2025-05-19 07:00:00;2025-05-19 09:00:00;436,771365;93,660004
2025-05-19 08:00:00;2025-05-19 10:00:00;383,087457;69,589996
2025-05-19 09:00:00;2025-05-19 11:00:00;358,530988;28,559999
2025-05-19 10:00:00;2025-05-19 12:00:00;339,647142;12,770000
2025-05-19 11:00:00;2025-05-19 13:00:00;358,794776;5,000000
2025-05-19 12:00:00;2025-05-19 14:00:00;368,168608;8,000000
2025-05-19 13:00:00;2025-05-19 15:00:00;466,504111;28,150000
2025-05-19 14:00:00;2025-05-19 16:00:00;505,287797;72,930000
2025-05-19 15:00:00;2025-05-19 17:00:00;482,796103;89,669998
2025-05-19 16:00:00;2025-05-19 18:00:00;479,018993;106,160004
2025-05-19 17:00:00;2025-05-19 19:00:00;457,924752;138,449997
2025-05-19 18:00:00;2025-05-19 20:00:00;500,004353;196,179993
2025-05-19 19:00:00;2025-05-19 21:00:00;484,686972;154,860001
2025-05-19 20:00:00;2025-05-19 22:00:00;431,346830;124,790001
2025-05-19 21:00:00;2025-05-19 23:00:00;456,865236;111,849998
2025-05-19 22:00:00;2025-05-20 00:00:00;501,997121;109,029999
2025-05-19 23:00:00;2025-05-20 01:00:00;430,608964;102,120003
2025-05-20 00:00:00;2025-05-20 02:00:00;458,491218;97,410004
2025-05-20 01:00:00;2025-05-20 03:00:00;449,175775;97,099998
2025-05-20 02:00:00;2025-05-20 04:00:00;458,837802;96,620003
2025-05-20 03:00:00;2025-05-20 05:00:00;440,663359;107,900002
2025-05-20 04:00:00;2025-05-20 06:00:00;410,722449;139,270004
2025-05-20 05:00:00;2025-05-20 07:00:00;354,695453;126,000000
2025-05-20 06:00:00;2025-05-20 08:00:00;386,630510;100,000000
2025-05-20 07:00:00;2025-05-20 09:00:00;378,897069;85,199997
2025-05-20 08:00:00;2025-05-20 10:00:00;423,656370;57,060001
2025-05-20 09:00:00;2025-05-20 11:00:00;484,423316;15,950000
2025-05-20 10:00:00;2025-05-20 12:00:00;67,671716;0,170000
2025-05-20 11:00:00;2025-05-20 13:00:00;135,052148;0,010000
2025-05-20 12:00:00;2025-05-20 14:00:00;57,927053;0,090000
2025-05-20 13:00:00;2025-05-20 15:00:00;569,446982;7,090000
2025-05-20 14:00:00;2025-05-20 16:00:00;534,215193;48,360001
2025-05-20 15:00:00;2025-05-20 17:00:00;498,778309;74,959999
2025-05-20 16:00:00;2025-05-20 18:00:00;470,558760;101,190002
2025-05-20 17:00:00;2025-05-20 19:00:00;489,753026;128,479996
2025-05-20 18:00:00;2025-05-20 20:00:00;679,049872;171,830002
2025-05-20 19:00:00;2025-05-20 21:00:00;820,845830;137,050003
2025-05-20 20:00:00;2025-05-20 22:00:00;816,712203;111,760002
2025-05-20 21:00:00;2025-05-20 23:00:00;851,458216;84,750000
2025-05-20 22:00:00;2025-05-21 00:00:00;868,971006;84,760002
2025-05-20 23:00:00;2025-05-21 01:00:00;870,697182;75,180000
2025-05-21 00:00:00;2025-05-21 02:00:00;861,026237;64,339996
2025-05-21 01:00:00;2025-05-21 03:00:00;857,545646;40,549999
2025-05-21 02:00:00;2025-05-21 04:00:00;884,229806;37,160000
2025-05-21 03:00:00;2025-05-21 05:00:00;882,311277;54,209999
2025-05-21 04:00:00;2025-05-21 06:00:00;887,336239;58,700001
2025-05-21 05:00:00;2025-05-21 07:00:00;893,728487;54,259998
2025-05-21 06:00:00;2025-05-21 08:00:00;911,428029;34,790001
2025-05-21 07:00:00;2025-05-21 09:00:00;927,932693;36,110001
2025-05-21 08:00:00;2025-05-21 10:00:00;841,050705;42,220001
2025-05-21 09:00:00;2025-05-21 11:00:00;456,381067;0,150000
2025-05-21 10:00:00;2025-05-21 12:00:00;474,505503;1,500000
2025-05-21 11:00:00;2025-05-21 13:00:00;375,204257;-0,010000
2025-05-21 12:00:00;2025-05-21 14:00:00;323,047833;0,140000
2025-05-21 13:00:00;2025-05-21 15:00:00;383,606450;0,000000
2025-05-21 14:00:00;2025-05-21 16:00:00;551,803054;2,060000
2025-05-21 15:00:00;2025-05-21 17:00:00;1044,648051;49,080002
2025-05-21 16:00:00;2025-05-21 18:00:00;721,221054;50,320000
2025-05-21 17:00:00;2025-05-21 19:00:00;627,764434;40,009998
2025-05-21 18:00:00;2025-05-21 20:00:00;518,255056;42,150002
2025-05-21 19:00:00;2025-05-21 21:00:00;613,129371;40,009998
2025-05-21 20:00:00;2025-05-21 22:00:00;751,359078;34,000000
2025-05-21 21:00:00;2025-05-21 23:00:00;663,692342;30,690001
2025-05-21 22:00:00;2025-05-22 00:00:00;1028,247253;5,000000
2025-05-21 23:00:00;2025-05-22 01:00:00;750,092350;5,040000
2025-05-22 00:00:00;2025-05-22 02:00:00;658,776417;7,380000
2025-05-22 01:00:00;2025-05-22 03:00:00;652,949111;7,500000
2025-05-22 02:00:00;2025-05-22 04:00:00;484,944693;5,020000
2025-05-22 03:00:00;2025-05-22 05:00:00;449,345936;10,010000
2025-05-22 04:00:00;2025-05-22 06:00:00;440,400338;14,240000
2025-05-22 05:00:00;2025-05-22 07:00:00;781,905853;19,990000
2025-05-22 06:00:00;2025-05-22 08:00:00;734,653071;31,000000
2025-05-22 07:00:00;2025-05-22 09:00:00;787,939092;12,640000
2025-05-22 08:00:00;2025-05-22 10:00:00;785,032032;1,660000
2025-05-22 09:00:00;2025-05-22 11:00:00;750,880369;0,010000
2025-05-22 10:00:00;2025-05-22 12:00:00;630,379195;-0,010000
2025-05-22 11:00:00;2025-05-22 13:00:00;520,939434;-0,010000
2025-05-22 12:00:00;2025-05-22 14:00:00;578,623005;-0,010000
2025-05-22 13:00:00;2025-05-22 15:00:00;495,471759;-0,020000
2025-05-22 14:00:00;2025-05-22 16:00:00;541,020757;-0,300000
2025-05-22 15:00:00;2025-05-22 17:00:00;590,648620;-0,010000
2025-05-22 16:00:00;2025-05-22 18:00:00;675,246129;50,000000
2025-05-22 17:00:00;2025-05-22 19:00:00;344,751860;82,989998
2025-05-22 18:00:00;2025-05-22 20:00:00;373,802156;105,000000
2025-05-22 19:00:00;2025-05-22 21:00:00;573,226672;127,250000
2025-05-22 20:00:00;2025-05-22 22:00:00;680,144610;117,480003
2025-05-22 21:00:00;2025-05-22 23:00:00;414,431789;103,230003
2025-05-22 22:00:00;2025-05-23 00:00:00;421,640756;93,129997
2025-05-22 23:00:00;2025-05-23 01:00:00;402,635399;93,160004
2025-05-23 00:00:00;2025-05-23 02:00:00;496,864267;87,120003
2025-05-23 01:00:00;2025-05-23 03:00:00;552,100225;86,529999
2025-05-23 02:00:00;2025-05-23 04:00:00;608,291749;86,510002
2025-05-23 03:00:00;2025-05-23 05:00:00;549,009524;95,889999
2025-05-23 04:00:00;2025-05-23 06:00:00;586,955715;128,490005
2025-05-23 05:00:00;2025-05-23 07:00:00;621,810254;132,800003
2025-05-23 06:00:00;2025-05-23 08:00:00;601,884684;114,669998
2025-05-23 07:00:00;2025-05-23 09:00:00;618,697237;85,900002
2025-05-23 08:00:00;2025-05-23 10:00:00;676,831852;70,000000
2025-05-23 09:00:00;2025-05-23 11:00:00;676,143064;54,049999
2025-05-23 10:00:00;2025-05-23 12:00:00;608,464745;13,440000
2025-05-23 11:00:00;2025-05-23 13:00:00;290,976654;2,810000
2025-05-23 12:00:00;2025-05-23 14:00:00;363,639455;3,130000
2025-05-23 13:00:00;2025-05-23 15:00:00;502,028949;4,130000
2025-05-23 14:00:00;2025-05-23 16:00:00;603,388164;25,330000
2025-05-23 15:00:00;2025-05-23 17:00:00;471,947945;71,910004
2025-05-23 16:00:00;2025-05-23 18:00:00;554,434334;72,370003
2025-05-23 17:00:00;2025-05-23 19:00:00;584,564973;86,559998
2025-05-23 18:00:00;2025-05-23 20:00:00;757,993224;100,000000
2025-05-23 19:00:00;2025-05-23 21:00:00;645,727099;115,180000
2025-05-23 20:00:00;2025-05-23 22:00:00;672,613809;101,949997
2025-05-23 21:00:00;2025-05-23 23:00:00;560,656644;102,870003
2025-05-23 22:00:00;2025-05-24 00:00:00;696,769681;97,599998
2025-05-23 23:00:00;2025-05-24 01:00:00;671,709267;94,760002
2025-05-24 00:00:00;2025-05-24 02:00:00;670,563377;88,739998
2025-05-24 01:00:00;2025-05-24 03:00:00;671,671230;84,220001
2025-05-24 02:00:00;2025-05-24 04:00:00;613,070227;82,930000
2025-05-24 03:00:00;2025-05-24 05:00:00;587,734912;80,709999
2025-05-24 04:00:00;2025-05-24 06:00:00;494,875360;82,070000
2025-05-24 05:00:00;2025-05-24 07:00:00;355,970951;76,900002
2025-05-24 06:00:00;2025-05-24 08:00:00;215,469216;62,090000
2025-05-24 07:00:00;2025-05-24 09:00:00;246,139416;12,260000
2025-05-24 08:00:00;2025-05-24 10:00:00;82,566690;-0,010000
2025-05-24 09:00:00;2025-05-24 11:00:00;6,735300;-0,090000
2025-05-24 10:00:00;2025-05-24 12:00:00;14,416200;-0,120000
2025-05-24 11:00:00;2025-05-24 13:00:00;23,489500;-0,160000
2025-05-24 12:00:00;2025-05-24 14:00:00;48,657296;-0,050000
2025-05-24 13:00:00;2025-05-24 15:00:00;82,926852;-0,030000
2025-05-24 14:00:00;2025-05-24 16:00:00;156,563747;0,010000
2025-05-24 15:00:00;2025-05-24 17:00:00;771,605824;48,669998
2025-05-24 16:00:00;2025-05-24 18:00:00;699,859410;85,339996
2025-05-24 17:00:00;2025-05-24 19:00:00;665,193583;109,080002
2025-05-24 18:00:00;2025-05-24 20:00:00;927,004781;111,000000
2025-05-24 19:00:00;2025-05-24 21:00:00;1105,480675;107,910004
2025-05-24 20:00:00;2025-05-24 22:00:00;1190,023390;89,120003
2025-05-24 21:00:00;2025-05-24 23:00:00;1132,701289;73,970001
2025-05-24 22:00:00;2025-05-25 00:00:00;1063,095692;20,209999
2025-05-24 23:00:00;2025-05-25 01:00:00;800,406361;22,900000
2025-05-25 00:00:00;2025-05-25 02:00:00;938,432901;14,390000
2025-05-25 01:00:00;2025-05-25 03:00:00;941,073779;8,380000
2025-05-25 02:00:00;2025-05-25 04:00:00;839,661667;3,900000
2025-05-25 03:00:00;2025-05-25 05:00:00;363,311870;2,110000
2025-05-25 04:00:00;2025-05-25 06:00:00;263,883524;1,170000
2025-05-25 05:00:00;2025-05-25 07:00:00;299,180700;1,210000
2025-05-25 06:00:00;2025-05-25 08:00:00;292,495400;0,030000
2025-05-25 07:00:00;2025-05-25 09:00:00;186,842700;0,000000
2025-05-25 08:00:00;2025-05-25 10:00:00;5,791900;-0,070000
2025-05-25 09:00:00;2025-05-25 11:00:00;8,466200;-0,540000
2025-05-25 10:00:00;2025-05-25 12:00:00;6,227790;-0,250000
2025-05-25 11:00:00;2025-05-25 13:00:00;6,995406;-1,210000
2025-05-25 12:00:00;2025-05-25 14:00:00;5,072354;-2,700000
2025-05-25 13:00:00;2025-05-25 15:00:00;5,637141;-2,900000
2025-05-25 14:00:00;2025-05-25 16:00:00;15,837954;-0,840000
2025-05-25 15:00:00;2025-05-25 17:00:00;523,342260;0,000000
2025-05-25 16:00:00;2025-05-25 18:00:00;1213,996955;5,470000
2025-05-25 17:00:00;2025-05-25 19:00:00;1220,412753;20,010000
2025-05-25 18:00:00;2025-05-25 20:00:00;1074,269038;52,759998
2025-05-25 19:00:00;2025-05-25 21:00:00;1080,559437;64,360001
2025-05-25 20:00:00;2025-05-25 22:00:00;1208,490542;64,620003
2025-05-25 21:00:00;2025-05-25 23:00:00;1221,086355;50,250000
2025-05-25 22:00:00;2025-05-26 00:00:00;1164,025340;45,779999
2025-05-25 23:00:00;2025-05-26 01:00:00;1090,063361;44,029999
2025-05-26 00:00:00;2025-05-26 02:00:00;1043,161218;58,040001
2025-05-26 01:00:00;2025-05-26 03:00:00;1032,145658;42,820000
2025-05-26 02:00:00;2025-05-26 04:00:00;1135,668252;37,349998
2025-05-26 03:00:00;2025-05-26 05:00:00;1094,676215;76,000000
2025-05-26 04:00:00;2025-05-26 06:00:00;1017,503465;98,870003
2025-05-26 05:00:00;2025-05-26 07:00:00;904,747358;59,939999
2025-05-26 06:00:00;2025-05-26 08:00:00;862,717431;34,880001
2025-05-26 07:00:00;2025-05-26 09:00:00;877,524017;13,300000
2025-05-26 08:00:00;2025-05-26 10:00:00;791,868096;5,000000
2025-05-26 09:00:00;2025-05-26 11:00:00;236,835787;0,050000
2025-05-26 10:00:00;2025-05-26 12:00:00;15,134200;-0,400000
2025-05-26 11:00:00;2025-05-26 13:00:00;110,465834;-1,450000
2025-05-26 12:00:00;2025-05-26 14:00:00;147,128756;-1,180000
2025-05-26 13:00:00;2025-05-26 15:00:00;149,787772;-0,820000
2025-05-26 14:00:00;2025-05-26 16:00:00;132,703744;0,000000
2025-05-26 15:00:00;2025-05-26 17:00:00;781,831647;10,670000
2025-05-26 16:00:00;2025-05-26 18:00:00;951,060900;39,750000
2025-05-26 17:00:00;2025-05-26 19:00:00;943,398604;106,050003
2025-05-26 18:00:00;2025-05-26 20:00:00;867,108110;131,910004
2025-05-26 19:00:00;2025-05-26 21:00:00;790,868799;146,759995
2025-05-26 20:00:00;2025-05-26 22:00:00;875,141957;112,000000
2025-05-26 21:00:00;2025-05-26 23:00:00;933,475086;88,959999
2025-05-26 22:00:00;2025-05-27 00:00:00;935,122966;40,500000
2025-05-26 23:00:00;2025-05-27 01:00:00;951,005605;20,500000
2025-05-27 00:00:00;2025-05-27 02:00:00;1076,389872;19,400000
2025-05-27 01:00:00;2025-05-27 03:00:00;1150,761472;14,990000
2025-05-27 02:00:00;2025-05-27 04:00:00;1244,462100;10,590000
2025-05-27 03:00:00;2025-05-27 05:00:00;1264,007612;4,240000
2025-05-27 04:00:00;2025-05-27 06:00:00;1330,815746;16,090000
2025-05-27 05:00:00;2025-05-27 07:00:00;1321,687187;20,010000
2025-05-27 06:00:00;2025-05-27 08:00:00;1332,231082;27,600000
2025-05-27 07:00:00;2025-05-27 09:00:00;1364,699893;20,000000
2025-05-27 08:00:00;2025-05-27 10:00:00;1346,162704;4,260000
2025-05-27 09:00:00;2025-05-27 11:00:00;1347,248473;3,190000
2025-05-27 10:00:00;2025-05-27 12:00:00;778,110989;0,030000
2025-05-27 11:00:00;2025-05-27 13:00:00;782,404121;0,020000
2025-05-27 12:00:00;2025-05-27 14:00:00;628,807727;0,090000
2025-05-27 13:00:00;2025-05-27 15:00:00;1077,776090;3,140000
2025-05-27 14:00:00;2025-05-27 16:00:00;912,692284;6,720000
2025-05-27 15:00:00;2025-05-27 17:00:00;866,350658;43,000000
2025-05-27 16:00:00;2025-05-27 18:00:00;698,411128;85,300003
2025-05-27 17:00:00;2025-05-27 19:00:00;571,856747;122,639999
2025-05-27 18:00:00;2025-05-27 20:00:00;424,182231;137,600006
2025-05-27 19:00:00;2025-05-27 21:00:00;342,404150;111,160004
2025-05-27 20:00:00;2025-05-27 22:00:00;248,170550;100,339996
2025-05-27 21:00:00;2025-05-27 23:00:00;156,072908;82,410004
2025-05-27 22:00:00;2025-05-28 00:00:00;134,829152;76,430000
2025-05-27 23:00:00;2025-05-28 01:00:00;86,923808;69,010002
2025-05-28 00:00:00;2025-05-28 02:00:00;76,490016;67,389999
2025-05-28 01:00:00;2025-05-28 03:00:00;50,376072;61,009998
2025-05-28 02:00:00;2025-05-28 04:00:00;30,772500;65,190002
2025-05-28 03:00:00;2025-05-28 05:00:00;19,252100;72,519997
2025-05-28 04:00:00;2025-05-28 06:00:00;15,722800;92,849998
2025-05-28 05:00:00;2025-05-28 07:00:00;12,505900;100,089996
2025-05-28 06:00:00;2025-05-28 08:00:00;31,991700;95,000000
2025-05-28 07:00:00;2025-05-28 09:00:00;40,493378;90,000000
2025-05-28 08:00:00;2025-05-28 10:00:00;67,048632;76,480003
2025-05-28 09:00:00;2025-05-28 11:00:00;77,446276;71,459999
2025-05-28 10:00:00;2025-05-28 12:00:00;99,562323;65,669998
2025-05-28 11:00:00;2025-05-28 13:00:00;152,480151;58,029999
2025-05-28 12:00:00;2025-05-28 14:00:00;153,713087;53,209999
2025-05-28 13:00:00;2025-05-28 15:00:00;161,648105;42,099998
2025-05-28 14:00:00;2025-05-28 16:00:00;199,972465;67,279999
2025-05-28 15:00:00;2025-05-28 17:00:00;227,880682;83,699997
2025-05-28 16:00:00;2025-05-28 18:00:00;233,454310;94,989998
2025-05-28 17:00:00;2025-05-28 19:00:00;211,626666;110,000000
2025-05-28 18:00:00;2025-05-28 20:00:00;231,120972;134,830002
2025-05-28 19:00:00;2025-05-28 21:00:00;284,166391;133,160004
2025-05-28 20:00:00;2025-05-28 22:00:00;358,070905;124,290001
2025-05-28 21:00:00;2025-05-28 23:00:00;461,836696;103,110001
2025-05-28 22:00:00;2025-05-29 00:00:00;567,553395;99,129997
2025-05-28 23:00:00;2025-05-29 01:00:00;683,843586;94,800003
2025-05-29 00:00:00;2025-05-29 02:00:00;669,119538;92,059998
2025-05-29 01:00:00;2025-05-29 03:00:00;622,553038;91,550003
2025-05-29 02:00:00;2025-05-29 04:00:00;572,682543;91,540001
2025-05-29 03:00:00;2025-05-29 05:00:00;495,432781;91,360001
2025-05-29 04:00:00;2025-05-29 06:00:00;427,712017;89,459999
2025-05-29 05:00:00;2025-05-29 07:00:00;380,650587;86,489998
2025-05-29 06:00:00;2025-05-29 08:00:00;340,853412;82,949997
2025-05-29 07:00:00;2025-05-29 09:00:00;302,577623;62,830002
2025-05-29 08:00:00;2025-05-29 10:00:00;268,633654;19,930000
2025-05-29 09:00:00;2025-05-29 11:00:00;88,156622;2,040000
2025-05-29 10:00:00;2025-05-29 12:00:00;68,592632;0,290000
2025-05-29 11:00:00;2025-05-29 13:00:00;100,504000;0,000000
2025-05-29 12:00:00;2025-05-29 14:00:00;112,858000;-0,200000
2025-05-29 13:00:00;2025-05-29 15:00:00;89,460895;-0,130000
2025-05-29 14:00:00;2025-05-29 16:00:00;104,382754;-1,090000
2025-05-29 15:00:00;2025-05-29 17:00:00;1074,428758;23,129999
2025-05-29 16:00:00;2025-05-29 18:00:00;1244,641945;59,619999
2025-05-29 17:00:00;2025-05-29 19:00:00;1245,809644;64,599998
2025-05-29 18:00:00;2025-05-29 20:00:00;1218,767208;70,110001
2025-05-29 19:00:00;2025-05-29 21:00:00;1148,432201;60,000000
2025-05-29 20:00:00;2025-05-29 22:00:00;1196,281650;49,230000
2025-05-29 21:00:00;2025-05-29 23:00:00;1195,638866;52,959999
2025-05-29 22:00:00;2025-05-30 00:00:00;1341,686305;24,299999
2025-05-29 23:00:00;2025-05-30 01:00:00;1344,811028;22,340000
2025-05-30 00:00:00;2025-05-30 02:00:00;1351,624434;20,200001
2025-05-30 01:00:00;2025-05-30 03:00:00;1332,455020;18,700001
2025-05-30 02:00:00;2025-05-30 04:00:00;1209,587789;14,790000
2025-05-30 03:00:00;2025-05-30 05:00:00;1147,094646;19,670000
2025-05-30 04:00:00;2025-05-30 06:00:00;1159,492638;36,000000
2025-05-30 05:00:00;2025-05-30 07:00:00;1064,194794;44,299999
2025-05-30 06:00:00;2025-05-30 08:00:00;1063,348958;53,009998
2025-05-30 07:00:00;2025-05-30 09:00:00;928,162006;29,129999
2025-05-30 08:00:00;2025-05-30 10:00:00;354,145377;2,310000
2025-05-30 09:00:00;2025-05-30 11:00:00;199,434459;0,830000
2025-05-30 10:00:00;2025-05-30 12:00:00;143,087553;0,400000
2025-05-30 11:00:00;2025-05-30 13:00:00;11,396448;-0,280000
2025-05-30 12:00:00;2025-05-30 14:00:00;13,024102;-1,830000
2025-05-30 13:00:00;2025-05-30 15:00:00;19,655470;-1,080000
2025-05-30 14:00:00;2025-05-30 16:00:00;122,141983;-0,010000
2025-05-30 15:00:00;2025-05-30 17:00:00;707,270158;5,880000
2025-05-30 16:00:00;2025-05-30 18:00:00;820,333472;55,669998
2025-05-30 17:00:00;2025-05-30 19:00:00;857,206351;94,870003
2025-05-30 18:00:00;2025-05-30 20:00:00;865,594142;130,919998
2025-05-30 19:00:00;2025-05-30 21:00:00;709,328126;139,690002
2025-05-30 20:00:00;2025-05-30 22:00:00;808,895617;130,190002
2025-05-30 21:00:00;2025-05-30 23:00:00;828,567447;108,150002
2025-05-30 22:00:00;2025-05-31 00:00:00;760,088562;107,000000
2025-05-30 23:00:00;2025-05-31 01:00:00;593,990609;97,699997
2025-05-31 00:00:00;2025-05-31 02:00:00;522,474066;94,809998
2025-05-31 01:00:00;2025-05-31 03:00:00;500,539762;93,629997
2025-05-31 02:00:00;2025-05-31 04:00:00;436,970670;94,129997
2025-05-31 03:00:00;2025-05-31 05:00:00;358,398865;92,580002
2025-05-31 04:00:00;2025-05-31 06:00:00;328,715086;94,790001
2025-05-31 05:00:00;2025-05-31 07:00:00;259,037100;84,610001
2025-05-31 06:00:00;2025-05-31 08:00:00;224,612800;55,000000
2025-05-31 07:00:00;2025-05-31 09:00:00;40,256200;1,000000
2025-05-31 08:00:00;2025-05-31 10:00:00;19,040200;-0,020000
2025-05-31 09:00:00;2025-05-31 11:00:00;22,132200;-1,000000
2025-05-31 10:00:00;2025-05-31 12:00:00;21,820700;-3,070000
2025-05-31 11:00:00;2025-05-31 13:00:00;22,574900;-13,170000
2025-05-31 12:00:00;2025-05-31 14:00:00;21,149200;-7,750000
2025-05-31 13:00:00;2025-05-31 15:00:00;20,529400;-3,000000
2025-05-31 14:00:00;2025-05-31 16:00:00;20,408100;-0,050000
2025-05-31 15:00:00;2025-05-31 17:00:00;31,007940;41,400002
2025-05-31 16:00:00;2025-05-31 18:00:00;29,265056;88,849998
2025-05-31 17:00:00;2025-05-31 19:00:00;33,284674;131,410004
2025-05-31 18:00:00;2025-05-31 20:00:00;40,310499;192,350006
2025-05-31 19:00:00;2025-05-31 21:00:00;71,460114;192,369995
2025-05-31 20:00:00;2025-05-31 22:00:00;115,781035;133,490005
2025-05-31 21:00:00;2025-05-31 23:00:00;207,789558;102,059998
2025-05-31 22:00:00;2025-06-01 00:00:00;247,153164;92,529999
2025-05-31 23:00:00;2025-06-01 01:00:00;303,933702;85,220001
2025-06-01 00:00:00;2025-06-01 02:00:00;369,416344;77,129997
2025-06-01 01:00:00;2025-06-01 03:00:00;391,644336;74,089996
2025-06-01 02:00:00;2025-06-01 04:00:00;390,906279;72,660004
2025-06-01 03:00:00;2025-06-01 05:00:00;449,271330;66,110001
2025-06-01 04:00:00;2025-06-01 06:00:00;441,312569;35,840000
2025-06-01 05:00:00;2025-06-01 07:00:00;493,717797;13,000000
2025-06-01 06:00:00;2025-06-01 08:00:00;449,130909;2,400000
2025-06-01 07:00:00;2025-06-01 09:00:00;44,393800;-0,010000
2025-06-01 08:00:00;2025-06-01 10:00:00;19,588500;-0,600000
2025-06-01 09:00:00;2025-06-01 11:00:00;14,343500;-2,110000
2025-06-01 10:00:00;2025-06-01 12:00:00;8,061033;-5,480000
2025-06-01 11:00:00;2025-06-01 13:00:00;13,928000;-10,870000
2025-06-01 12:00:00;2025-06-01 14:00:00;18,580300;-16,090000
2025-06-01 13:00:00;2025-06-01 15:00:00;12,355200;-15,610000
2025-06-01 14:00:00;2025-06-01 16:00:00;12,525761;-6,000000
2025-06-01 15:00:00;2025-06-01 17:00:00;280,938877;-0,990000
2025-06-01 16:00:00;2025-06-01 18:00:00;450,496906;17,000000
2025-06-01 17:00:00;2025-06-01 19:00:00;624,846110;60,099998
2025-06-01 18:00:00;2025-06-01 20:00:00;568,762999;83,099998
2025-06-01 19:00:00;2025-06-01 21:00:00;585,250572;86,699997
2025-06-01 20:00:00;2025-06-01 22:00:00;627,903726;92,000000
2025-06-01 21:00:00;2025-06-01 23:00:00;531,606453;66,889999
2025-06-01 22:00:00;2025-06-02 00:00:00;674,479521;63,400002
2025-06-01 23:00:00;2025-06-02 01:00:00;924,675297;54,820000
2025-06-02 00:00:00;2025-06-02 02:00:00;950,237136;51,630001
2025-06-02 01:00:00;2025-06-02 03:00:00;943,879539;55,290001
2025-06-02 02:00:00;2025-06-02 04:00:00;864,484993;58,830002
2025-06-02 03:00:00;2025-06-02 05:00:00;819,639094;78,300003
2025-06-02 04:00:00;2025-06-02 06:00:00;690,362520;96,500000
2025-06-02 05:00:00;2025-06-02 07:00:00;619,871861;117,900002
2025-06-02 06:00:00;2025-06-02 08:00:00;564,190042;102,360001
2025-06-02 07:00:00;2025-06-02 09:00:00;496,923173;85,599998
2025-06-02 08:00:00;2025-06-02 10:00:00;391,976999;57,470001
2025-06-02 09:00:00;2025-06-02 11:00:00;331,166121;33,209999
2025-06-02 10:00:00;2025-06-02 12:00:00;318,111641;20,000000
2025-06-02 11:00:00;2025-06-02 13:00:00;373,319730;12,780000
2025-06-02 12:00:00;2025-06-02 14:00:00;449,493996;11,000000
2025-06-02 13:00:00;2025-06-02 15:00:00;527,354329;19,750000
2025-06-02 14:00:00;2025-06-02 16:00:00;408,997075;48,310001
2025-06-02 15:00:00;2025-06-02 17:00:00;385,256443;59,599998
2025-06-02 16:00:00;2025-06-02 18:00:00;480,217411;83,300003
2025-06-02 17:00:00;2025-06-02 19:00:00;486,017703;109,320000
2025-06-02 18:00:00;2025-06-02 20:00:00;466,240993;164,690002
2025-06-02 19:00:00;2025-06-02 21:00:00;437,749362;231,250000
2025-06-02 20:00:00;2025-06-02 22:00:00;397,633703;141,660004
2025-06-02 21:00:00;2025-06-02 23:00:00;345,159348;106,360001
2025-06-02 22:00:00;2025-06-03 00:00:00;334,972725;100,730003
2025-06-02 23:00:00;2025-06-03 01:00:00;344,878344;101,639999
2025-06-03 00:00:00;2025-06-03 02:00:00;381,518926;94,029999
2025-06-03 01:00:00;2025-06-03 03:00:00;392,697180;91,040001
2025-06-03 02:00:00;2025-06-03 04:00:00;414,460274;86,980003
2025-06-03 03:00:00;2025-06-03 05:00:00;454,423598;91,830002
2025-06-03 04:00:00;2025-06-03 06:00:00;545,526528;112,330002
2025-06-03 05:00:00;2025-06-03 07:00:00;668,280230;101,209999
2025-06-03 06:00:00;2025-06-03 08:00:00;774,449941;77,400002
2025-06-03 07:00:00;2025-06-03 09:00:00;866,632672;32,200001
2025-06-03 08:00:00;2025-06-03 10:00:00;373,526789;2,000000
2025-06-03 09:00:00;2025-06-03 11:00:00;175,540667;-0,050000
2025-06-03 10:00:00;2025-06-03 12:00:00;22,951500;-1,010000
2025-06-03 11:00:00;2025-06-03 13:00:00;14,423200;-3,000000
2025-06-03 12:00:00;2025-06-03 14:00:00;14,987200;-4,320000
2025-06-03 13:00:00;2025-06-03 15:00:00;19,008700;-1,330000
2025-06-03 14:00:00;2025-06-03 16:00:00;267,233589;0,000000
2025-06-03 15:00:00;2025-06-03 17:00:00;1217,828618;3,610000
2025-06-03 16:00:00;2025-06-03 18:00:00;1310,801153;44,200001
2025-06-03 17:00:00;2025-06-03 19:00:00;1279,508987;72,489998
2025-06-03 18:00:00;2025-06-03 20:00:00;1232,448838;109,010002
2025-06-03 19:00:00;2025-06-03 21:00:00;1207,837256;95,199997
2025-06-03 20:00:00;2025-06-03 22:00:00;1253,942681;95,809998
2025-06-03 21:00:00;2025-06-03 23:00:00;1265,727032;86,300003
2025-06-03 22:00:00;2025-06-04 00:00:00;1300,488936;71,269997
2025-06-03 23:00:00;2025-06-04 01:00:00;1270,790384;62,770000
2025-06-04 00:00:00;2025-06-04 02:00:00;1182,595341;60,930000
2025-06-04 01:00:00;2025-06-04 03:00:00;1041,309287;59,400002
2025-06-04 02:00:00;2025-06-04 04:00:00;954,130446;60,520000
2025-06-04 03:00:00;2025-06-04 05:00:00;919,860562;59,599998
2025-06-04 04:00:00;2025-06-04 06:00:00;813,039027;92,750000
2025-06-04 05:00:00;2025-06-04 07:00:00;882,732280;99,089996
2025-06-04 06:00:00;2025-06-04 08:00:00;869,734386;112,400002
2025-06-04 07:00:00;2025-06-04 09:00:00;828,254056;79,080002
2025-06-04 08:00:00;2025-06-04 10:00:00;741,907505;70,680000
2025-06-04 09:00:00;2025-06-04 11:00:00;637,565645;44,840000
2025-06-04 10:00:00;2025-06-04 12:00:00;612,361949;20,120001
2025-06-04 11:00:00;2025-06-04 13:00:00;681,911011;9,690000
2025-06-04 12:00:00;2025-06-04 14:00:00;669,570740;18,260000
2025-06-04 13:00:00;2025-06-04 15:00:00;710,629080;34,610001
2025-06-04 14:00:00;2025-06-04 16:00:00;730,758996;46,910000
2025-06-04 15:00:00;2025-06-04 17:00:00;806,697704;73,099998
2025-06-04 16:00:00;2025-06-04 18:00:00;978,534631;95,000000
2025-06-04 17:00:00;2025-06-04 19:00:00;902,409669;108,000000
2025-06-04 18:00:00;2025-06-04 20:00:00;661,701319;137,570007
2025-06-04 19:00:00;2025-06-04 21:00:00;605,499659;138,820007
2025-06-04 20:00:00;2025-06-04 22:00:00;675,625945;112,430000
2025-06-04 21:00:00;2025-06-04 23:00:00;605,301400;94,080002
2025-06-04 22:00:00;2025-06-05 00:00:00;630,142380;95,820000
2025-06-04 23:00:00;2025-06-05 01:00:00;522,147756;85,970001
2025-06-05 00:00:00;2025-06-05 02:00:00;407,255205;80,480003
2025-06-05 01:00:00;2025-06-05 03:00:00;449,441822;79,790001
2025-06-05 02:00:00;2025-06-05 04:00:00;603,371429;80,570000
2025-06-05 03:00:00;2025-06-05 05:00:00;731,369925;81,000000
2025-06-05 04:00:00;2025-06-05 06:00:00;709,623353;86,660004
2025-06-05 05:00:00;2025-06-05 07:00:00;799,278265;110,570000
2025-06-05 06:00:00;2025-06-05 08:00:00;755,555934;112,779999
2025-06-05 07:00:00;2025-06-05 09:00:00;577,754818;83,029999
2025-06-05 08:00:00;2025-06-05 10:00:00;771,967313;65,010002
2025-06-05 09:00:00;2025-06-05 11:00:00;874,893068;46,180000
2025-06-05 10:00:00;2025-06-05 12:00:00;935,166125;20,000000
2025-06-05 11:00:00;2025-06-05 13:00:00;1009,001162;11,030000
2025-06-05 12:00:00;2025-06-05 14:00:00;966,614456;7,070000
2025-06-05 13:00:00;2025-06-05 15:00:00;977,522811;19,870001
2025-06-05 14:00:00;2025-06-05 16:00:00;1023,765973;57,500000
2025-06-05 15:00:00;2025-06-05 17:00:00;1092,853547;72,980003
2025-06-05 16:00:00;2025-06-05 18:00:00;824,263953;94,440002
2025-06-05 17:00:00;2025-06-05 19:00:00;616,848921;107,129997
2025-06-05 18:00:00;2025-06-05 20:00:00;608,576855;122,730003
2025-06-05 19:00:00;2025-06-05 21:00:00;584,965344;106,949997
2025-06-05 20:00:00;2025-06-05 22:00:00;692,466240;85,029999
2025-06-05 21:00:00;2025-06-05 23:00:00;757,169770;75,830002
2025-06-05 22:00:00;2025-06-06 00:00:00;914,263824;83,660004
2025-06-05 23:00:00;2025-06-06 01:00:00;866,600944;71,660004
2025-06-06 00:00:00;2025-06-06 02:00:00;589,180703;60,860001
2025-06-06 01:00:00;2025-06-06 03:00:00;482,959337;55,270000
2025-06-06 02:00:00;2025-06-06 04:00:00;342,017996;52,779999
2025-06-06 03:00:00;2025-06-06 05:00:00;346,281635;63,700001
2025-06-06 04:00:00;2025-06-06 06:00:00;453,699088;67,019997
2025-06-06 05:00:00;2025-06-06 07:00:00;260,889612;74,430000
2025-06-06 06:00:00;2025-06-06 08:00:00;351,338349;59,610001
2025-06-06 07:00:00;2025-06-06 09:00:00;448,426825;13,270000
2025-06-06 08:00:00;2025-06-06 10:00:00;557,091051;3,990000
2025-06-06 09:00:00;2025-06-06 11:00:00;262,971755;2,040000
2025-06-06 10:00:00;2025-06-06 12:00:00;197,101390;1,500000
2025-06-06 11:00:00;2025-06-06 13:00:00;217,536800;0,310000
2025-06-06 12:00:00;2025-06-06 14:00:00;10,758800;-0,230000
2025-06-06 13:00:00;2025-06-06 15:00:00;28,977200;-1,330000
2025-06-06 14:00:00;2025-06-06 16:00:00;247,747331;-0,010000
2025-06-06 15:00:00;2025-06-06 17:00:00;726,643344;0,000000
2025-06-06 16:00:00;2025-06-06 18:00:00;880,702448;46,849998
2025-06-06 17:00:00;2025-06-06 19:00:00;853,137636;82,760002
2025-06-06 18:00:00;2025-06-06 20:00:00;987,427535;111,050003
2025-06-06 19:00:00;2025-06-06 21:00:00;922,185034;129,289993
2025-06-06 20:00:00;2025-06-06 22:00:00;991,529595;125,720001
2025-06-06 21:00:00;2025-06-06 23:00:00;967,254330;103,239998
2025-06-06 22:00:00;2025-06-07 00:00:00;987,409684;87,610001
2025-06-06 23:00:00;2025-06-07 01:00:00;945,455652;83,500000
2025-06-07 00:00:00;2025-06-07 02:00:00;881,800892;78,019997
2025-06-07 01:00:00;2025-06-07 03:00:00;829,923597;81,889999
2025-06-07 02:00:00;2025-06-07 04:00:00;647,436149;82,269997
2025-06-07 03:00:00;2025-06-07 05:00:00;525,222838;81,989998
2025-06-07 04:00:00;2025-06-07 06:00:00;356,946266;85,470001
2025-06-07 05:00:00;2025-06-07 07:00:00;232,280895;86,739998
2025-06-07 06:00:00;2025-06-07 08:00:00;200,503992;79,860001
2025-06-07 07:00:00;2025-06-07 09:00:00;124,892281;65,300003
2025-06-07 08:00:00;2025-06-07 10:00:00;106,191888;30,530001
2025-06-07 09:00:00;2025-06-07 11:00:00;126,233350;9,440000
2025-06-07 10:00:00;2025-06-07 12:00:00;59,190296;1,190000
2025-06-07 11:00:00;2025-06-07 13:00:00;56,494500;-0,010000
2025-06-07 12:00:00;2025-06-07 14:00:00;45,968700;-0,020000
2025-06-07 13:00:00;2025-06-07 15:00:00;80,039280;-0,020000
2025-06-07 14:00:00;2025-06-07 16:00:00;38,358561;-0,460000
2025-06-07 15:00:00;2025-06-07 17:00:00;42,868685;26,910000
2025-06-07 16:00:00;2025-06-07 18:00:00;29,150727;70,099998
2025-06-07 17:00:00;2025-06-07 19:00:00;15,083800;85,010002
2025-06-07 18:00:00;2025-06-07 20:00:00;6,360010;109,900002
2025-06-07 19:00:00;2025-06-07 21:00:00;26,404456;110,260002
2025-06-07 20:00:00;2025-06-07 22:00:00;102,160334;98,010002
2025-06-07 21:00:00;2025-06-07 23:00:00;65,709519;80,089996
2025-06-07 22:00:00;2025-06-08 00:00:00;32,492147;93,839996
2025-06-07 23:00:00;2025-06-08 01:00:00;24,787730;83,000000
2025-06-08 00:00:00;2025-06-08 02:00:00;47,342784;76,860001
2025-06-08 01:00:00;2025-06-08 03:00:00;32,753770;69,739998
2025-06-08 02:00:00;2025-06-08 04:00:00;31,921479;67,019997
2025-06-08 03:00:00;2025-06-08 05:00:00;22,381521;55,660000
2025-06-08 04:00:00;2025-06-08 06:00:00;33,978854;39,020000
2025-06-08 05:00:00;2025-06-08 07:00:00;50,427176;3,710000
2025-06-08 06:00:00;2025-06-08 08:00:00;28,104397;0,000000
2025-06-08 07:00:00;2025-06-08 09:00:00;15,106000;-0,500000
2025-06-08 08:00:00;2025-06-08 10:00:00;16,356200;-0,030000
2025-06-08 09:00:00;2025-06-08 11:00:00;14,722626;-0,520000
2025-06-08 10:00:00;2025-06-08 12:00:00;83,168888;0,310000
2025-06-08 11:00:00;2025-06-08 13:00:00;81,801068;1,000000
2025-06-08 12:00:00;2025-06-08 14:00:00;36,745546;0,970000
2025-06-08 13:00:00;2025-06-08 15:00:00;70,014173;1,190000
2025-06-08 14:00:00;2025-06-08 16:00:00;162,307559;1,670000
2025-06-08 15:00:00;2025-06-08 17:00:00;448,207317;1,070000
2025-06-08 16:00:00;2025-06-08 18:00:00;505,837912;0,350000
2025-06-08 17:00:00;2025-06-08 19:00:00;1046,236473;39,650002
2025-06-08 18:00:00;2025-06-08 20:00:00;1178,984492;60,880001
2025-06-08 19:00:00;2025-06-08 21:00:00;1200,905997;69,550003
2025-06-08 20:00:00;2025-06-08 22:00:00;1158,942385;65,070000
2025-06-08 21:00:00;2025-06-08 23:00:00;1234,206353;51,130001
2025-06-08 22:00:00;2025-06-09 00:00:00;1249,422913;4,800000
2025-06-08 23:00:00;2025-06-09 01:00:00;1226,554306;4,150000
2025-06-09 00:00:00;2025-06-09 02:00:00;1280,547757;4,190000
2025-06-09 01:00:00;2025-06-09 03:00:00;1232,316379;4,270000
2025-06-09 02:00:00;2025-06-09 04:00:00;1174,075996;13,420000
2025-06-09 03:00:00;2025-06-09 05:00:00;1128,794766;32,200001
2025-06-09 04:00:00;2025-06-09 06:00:00;1081,773117;44,970001
2025-06-09 05:00:00;2025-06-09 07:00:00;1003,203123;40,040001
2025-06-09 06:00:00;2025-06-09 08:00:00;758,890017;2,970000
2025-06-09 07:00:00;2025-06-09 09:00:00;350,358478;0,000000
2025-06-09 08:00:00;2025-06-09 10:00:00;40,137800;-0,140000
2025-06-09 09:00:00;2025-06-09 11:00:00;11,858300;-0,800000
2025-06-09 10:00:00;2025-06-09 12:00:00;18,387300;-0,310000
2025-06-09 11:00:00;2025-06-09 13:00:00;23,919900;-3,870000
2025-06-09 12:00:00;2025-06-09 14:00:00;24,860700;-5,090000
2025-06-09 13:00:00;2025-06-09 15:00:00;25,254200;-4,010000
2025-06-09 14:00:00;2025-06-09 16:00:00;62,549357;-1,000000
2025-06-09 15:00:00;2025-06-09 17:00:00;400,130200;0,090000
2025-06-09 16:00:00;2025-06-09 18:00:00;703,112722;69,540001
2025-06-09 17:00:00;2025-06-09 19:00:00;616,481041;112,989998
2025-06-09 18:00:00;2025-06-09 20:00:00;553,056515;141,399994
2025-06-09 19:00:00;2025-06-09 21:00:00;422,478578;148,419998
2025-06-09 20:00:00;2025-06-09 22:00:00;458,071129;126,519997
2025-06-09 21:00:00;2025-06-09 23:00:00;448,058533;101,190002
2025-06-09 22:00:00;2025-06-10 00:00:00;360,173818;86,650002
2025-06-09 23:00:00;2025-06-10 01:00:00;365,358081;78,070000
2025-06-10 00:00:00;2025-06-10 02:00:00;447,968390;69,660004
2025-06-10 01:00:00;2025-06-10 03:00:00;535,828670;59,950001
2025-06-10 02:00:00;2025-06-10 04:00:00;497,876742;54,160000
2025-06-10 03:00:00;2025-06-10 05:00:00;549,282607;62,180000
2025-06-10 04:00:00;2025-06-10 06:00:00;340,159307;74,620003
2025-06-10 05:00:00;2025-06-10 07:00:00;319,672756;82,790001
2025-06-10 06:00:00;2025-06-10 08:00:00;361,694184;83,169998
2025-06-10 07:00:00;2025-06-10 09:00:00;603,038066;69,000000
2025-06-10 08:00:00;2025-06-10 10:00:00;532,189324;22,709999
2025-06-10 09:00:00;2025-06-10 11:00:00;466,338142;24,250000
2025-06-10 10:00:00;2025-06-10 12:00:00;321,198572;17,760000
2025-06-10 11:00:00;2025-06-10 13:00:00;236,316060;15,840000
2025-06-10 12:00:00;2025-06-10 14:00:00;207,797559;24,620001
2025-06-10 13:00:00;2025-06-10 15:00:00;158,708772;31,299999
2025-06-10 14:00:00;2025-06-10 16:00:00;308,184676;46,889999
2025-06-10 15:00:00;2025-06-10 17:00:00;657,566306;58,049999
2025-06-10 16:00:00;2025-06-10 18:00:00;703,838318;70,440002
2025-06-10 17:00:00;2025-06-10 19:00:00;732,854293;82,080002
2025-06-10 18:00:00;2025-06-10 20:00:00;768,238553;83,970001
2025-06-10 19:00:00;2025-06-10 21:00:00;977,083109;91,279999
2025-06-10 20:00:00;2025-06-10 22:00:00;1037,486195;97,940002
2025-06-10 21:00:00;2025-06-10 23:00:00;1029,909002;85,309998
2025-06-10 22:00:00;2025-06-11 00:00:00;1052,723009;70,430000
2025-06-10 23:00:00;2025-06-11 01:00:00;1088,842729;69,400002
2025-06-11 00:00:00;2025-06-11 02:00:00;1122,344892;68,690002
2025-06-11 01:00:00;2025-06-11 03:00:00;1085,858571;69,250000
2025-06-11 02:00:00;2025-06-11 04:00:00;1030,674517;71,519997
2025-06-11 03:00:00;2025-06-11 05:00:00;1006,044437;81,239998
2025-06-11 04:00:00;2025-06-11 06:00:00;1088,596707;101,260002
2025-06-11 05:00:00;2025-06-11 07:00:00;1090,066115;107,800003
2025-06-11 06:00:00;2025-06-11 08:00:00;1042,612008;85,089996
2025-06-11 07:00:00;2025-06-11 09:00:00;1000,182186;66,699997
2025-06-11 08:00:00;2025-06-11 10:00:00;917,287343;22,980000
2025-06-11 09:00:00;2025-06-11 11:00:00;504,263099;1,300000
2025-06-11 10:00:00;2025-06-11 12:00:00;321,358619;-0,130000
2025-06-11 11:00:00;2025-06-11 13:00:00;287,831694;-0,080000
2025-06-11 12:00:00;2025-06-11 14:00:00;99,124319;-1,930000
2025-06-11 13:00:00;2025-06-11 15:00:00;97,359874;-1,420000
2025-06-11 14:00:00;2025-06-11 16:00:00;533,113536;-0,010000
2025-06-11 15:00:00;2025-06-11 17:00:00;670,149655;66,470001
2025-06-11 16:00:00;2025-06-11 18:00:00;552,625139;89,339996
2025-06-11 17:00:00;2025-06-11 19:00:00;448,709473;130,320007
2025-06-11 18:00:00;2025-06-11 20:00:00;381,386833;208,380005
2025-06-11 19:00:00;2025-06-11 21:00:00;342,298397;180,000000
2025-06-11 20:00:00;2025-06-11 22:00:00;313,638196;119,339996
2025-06-11 21:00:00;2025-06-11 23:00:00;292,539675;94,070000
2025-06-11 22:00:00;2025-06-12 00:00:00;278,974908;92,910004
2025-06-11 23:00:00;2025-06-12 01:00:00;210,434809;87,699997
2025-06-12 00:00:00;2025-06-12 02:00:00;156,270414;82,220001
2025-06-12 01:00:00;2025-06-12 03:00:00;105,299300;84,849998
2025-06-12 02:00:00;2025-06-12 04:00:00;58,505700;89,059998
2025-06-12 03:00:00;2025-06-12 05:00:00;33,756700;92,000000
2025-06-12 04:00:00;2025-06-12 06:00:00;19,307480;114,849998
2025-06-12 05:00:00;2025-06-12 07:00:00;17,969280;104,300003
2025-06-12 06:00:00;2025-06-12 08:00:00;22,327400;78,860001
2025-06-12 07:00:00;2025-06-12 09:00:00;25,001700;36,090000
2025-06-12 08:00:00;2025-06-12 10:00:00;26,103600;0,000000
2025-06-12 09:00:00;2025-06-12 11:00:00;26,056100;0,400000
2025-06-12 10:00:00;2025-06-12 12:00:00;26,255800;0,000000
2025-06-12 11:00:00;2025-06-12 13:00:00;25,864300;0,760000
2025-06-12 12:00:00;2025-06-12 14:00:00;26,990300;1,150000
2025-06-12 13:00:00;2025-06-12 15:00:00;28,205700;2,010000
2025-06-12 14:00:00;2025-06-12 16:00:00;26,712700;-2,650000
2025-06-12 15:00:00;2025-06-12 17:00:00;66,217146;14,900000
2025-06-12 16:00:00;2025-06-12 18:00:00;145,947355;79,959999
2025-06-12 17:00:00;2025-06-12 19:00:00;411,038856;112,389999
2025-06-12 18:00:00;2025-06-12 20:00:00;593,166870;132,000000
2025-06-12 19:00:00;2025-06-12 21:00:00;668,692912;111,000000
2025-06-12 20:00:00;2025-06-12 22:00:00;694,804868;105,000000
2025-06-12 21:00:00;2025-06-12 23:00:00;764,546317;86,900002
2025-06-12 22:00:00;2025-06-13 00:00:00;793,194757;60,049999
2025-06-12 23:00:00;2025-06-13 01:00:00;791,410831;55,250000
2025-06-13 00:00:00;2025-06-13 02:00:00;768,538982;58,610001
2025-06-13 01:00:00;2025-06-13 03:00:00;685,317646;61,790001
2025-06-13 02:00:00;2025-06-13 04:00:00;742,959177;62,930000
2025-06-13 03:00:00;2025-06-13 05:00:00;789,173645;70,709999
2025-06-13 04:00:00;2025-06-13 06:00:00;827,077577;83,680000
2025-06-13 05:00:00;2025-06-13 07:00:00;833,991820;86,419998
2025-06-13 06:00:00;2025-06-13 08:00:00;828,433192;76,330002
2025-06-13 07:00:00;2025-06-13 09:00:00;795,222099;40,029999
2025-06-13 08:00:00;2025-06-13 10:00:00;714,859227;4,100000
2025-06-13 09:00:00;2025-06-13 11:00:00;251,872000;0,690000
2025-06-13 10:00:00;2025-06-13 12:00:00;129,259200;-0,080000
2025-06-13 11:00:00;2025-06-13 13:00:00;52,598200;-0,280000
2025-06-13 12:00:00;2025-06-13 14:00:00;53,106700;-0,470000
2025-06-13 13:00:00;2025-06-13 15:00:00;117,993700;-0,060000
2025-06-13 14:00:00;2025-06-13 16:00:00;319,771392;-0,010000
2025-06-13 15:00:00;2025-06-13 17:00:00;803,658525;35,900002
2025-06-13 16:00:00;2025-06-13 18:00:00;819,460433;77,570000
2025-06-13 17:00:00;2025-06-13 19:00:00;779,768909;100,000000
2025-06-13 18:00:00;2025-06-13 20:00:00;756,619255;109,199997
2025-06-13 19:00:00;2025-06-13 21:00:00;745,084578;93,290001
2025-06-13 20:00:00;2025-06-13 22:00:00;709,345934;78,769997
2025-06-13 21:00:00;2025-06-13 23:00:00;701,437490;70,410004
2025-06-13 22:00:00;2025-06-14 00:00:00;694,557188;73,989998
2025-06-13 23:00:00;2025-06-14 01:00:00;696,818891;71,199997
2025-06-14 00:00:00;2025-06-14 02:00:00;765,748118;66,150002
2025-06-14 01:00:00;2025-06-14 03:00:00;786,103815;66,879997
2025-06-14 02:00:00;2025-06-14 04:00:00;798,592155;68,059998
2025-06-14 03:00:00;2025-06-14 05:00:00;840,921272;64,519997
2025-06-14 04:00:00;2025-06-14 06:00:00;850,761412;54,680000
2025-06-14 05:00:00;2025-06-14 07:00:00;915,306929;20,299999
2025-06-14 06:00:00;2025-06-14 08:00:00;871,918099;7,740000
2025-06-14 07:00:00;2025-06-14 09:00:00;170,308383;0,000000
2025-06-14 08:00:00;2025-06-14 10:00:00;119,596300;-0,810000
2025-06-14 09:00:00;2025-06-14 11:00:00;24,431600;-5,100000
2025-06-14 10:00:00;2025-06-14 12:00:00;24,596364;-14,560000
2025-06-14 11:00:00;2025-06-14 13:00:00;21,528900;-19,500000
2025-06-14 12:00:00;2025-06-14 14:00:00;17,025659;-21,400000
2025-06-14 13:00:00;2025-06-14 15:00:00;11,428200;-6,700000
2025-06-14 14:00:00;2025-06-14 16:00:00;93,375883;-0,370000
2025-06-14 15:00:00;2025-06-14 17:00:00;1016,087920;8,860000
2025-06-14 16:00:00;2025-06-14 18:00:00;870,550966;72,389999
2025-06-14 17:00:00;2025-06-14 19:00:00;767,726685;105,000000
2025-06-14 18:00:00;2025-06-14 20:00:00;600,889103;119,000000
2025-06-14 19:00:00;2025-06-14 21:00:00;547,217378;117,309998
2025-06-14 20:00:00;2025-06-14 22:00:00;549,779115;120,099998
2025-06-14 21:00:00;2025-06-14 23:00:00;531,718268;109,000000
2025-06-14 22:00:00;2025-06-15 00:00:00;576,860659;91,930000
2025-06-14 23:00:00;2025-06-15 01:00:00;383,883600;88,870003
2025-06-15 00:00:00;2025-06-15 02:00:00;226,002740;87,230003
2025-06-15 01:00:00;2025-06-15 03:00:00;241,200081;90,940002
2025-06-15 02:00:00;2025-06-15 04:00:00;197,476870;91,989998
2025-06-15 03:00:00;2025-06-15 05:00:00;210,734852;92,150002
2025-06-15 04:00:00;2025-06-15 06:00:00;242,606970;84,989998
2025-06-15 05:00:00;2025-06-15 07:00:00;227,982913;66,209999
2025-06-15 06:00:00;2025-06-15 08:00:00;98,187404;53,860001
2025-06-15 07:00:00;2025-06-15 09:00:00;55,669191;5,550000
2025-06-15 08:00:00;2025-06-15 10:00:00;111,963378;0,000000
2025-06-15 09:00:00;2025-06-15 11:00:00;81,945419;-0,020000
2025-06-15 10:00:00;2025-06-15 12:00:00;106,384652;-1,220000
2025-06-15 11:00:00;2025-06-15 13:00:00;10,033800;-5,610000
2025-06-15 12:00:00;2025-06-15 14:00:00;9,956100;-3,280000
2025-06-15 13:00:00;2025-06-15 15:00:00;8,765800;-1,080000
2025-06-15 14:00:00;2025-06-15 16:00:00;135,432318;-0,010000
2025-06-15 15:00:00;2025-06-15 17:00:00;159,655590;54,790001
2025-06-15 16:00:00;2025-06-15 18:00:00;199,419161;96,430000
2025-06-15 17:00:00;2025-06-15 19:00:00;313,665180;109,000000
2025-06-15 18:00:00;2025-06-15 20:00:00;420,324374;114,589996
2025-06-15 19:00:00;2025-06-15 21:00:00;476,791606;135,429993
2025-06-15 20:00:00;2025-06-15 22:00:00;456,824821;127,629997
2025-06-15 21:00:00;2025-06-15 23:00:00;408,282073;106,540001
2025-06-15 22:00:00;2025-06-16 00:00:00;673,780312;105,720001
2025-06-15 23:00:00;2025-06-16 01:00:00;749,185531;91,639999
2025-06-16 00:00:00;2025-06-16 02:00:00;665,632009;86,940002
2025-06-16 01:00:00;2025-06-16 03:00:00;605,272469;84,000000
2025-06-16 02:00:00;2025-06-16 04:00:00;748,708555;83,209999
2025-06-16 03:00:00;2025-06-16 05:00:00;785,876790;88,389999
2025-06-16 04:00:00;2025-06-16 06:00:00;756,741919;103,019997
2025-06-16 05:00:00;2025-06-16 07:00:00;704,890834;123,489998
2025-06-16 06:00:00;2025-06-16 08:00:00;808,681520;108,919998
2025-06-16 07:00:00;2025-06-16 09:00:00;873,227269;84,489998
2025-06-16 08:00:00;2025-06-16 10:00:00;801,610384;60,279999
2025-06-16 09:00:00;2025-06-16 11:00:00;953,956221;14,020000
2025-06-16 10:00:00;2025-06-16 12:00:00;574,447014;1,620000
2025-06-16 11:00:00;2025-06-16 13:00:00;542,233581;0,070000
2025-06-16 12:00:00;2025-06-16 14:00:00;574,685122;0,000000
2025-06-16 13:00:00;2025-06-16 15:00:00;663,648445;0,000000
2025-06-16 14:00:00;2025-06-16 16:00:00;955,096750;13,610000
2025-06-16 15:00:00;2025-06-16 17:00:00;835,425385;69,080002
2025-06-16 16:00:00;2025-06-16 18:00:00;824,535999;85,000000
2025-06-16 17:00:00;2025-06-16 19:00:00;868,985009;116,000000
2025-06-16 18:00:00;2025-06-16 20:00:00;885,628421;118,860001
2025-06-16 19:00:00;2025-06-16 21:00:00;765,155938;126,879997
2025-06-16 20:00:00;2025-06-16 22:00:00;718,370236;104,110001
2025-06-16 21:00:00;2025-06-16 23:00:00;721,908811;91,349998
2025-06-16 22:00:00;2025-06-17 00:00:00;670,402826;103,980003
2025-06-16 23:00:00;2025-06-17 01:00:00;718,993316;91,839996
2025-06-17 00:00:00;2025-06-17 02:00:00;711,310250;82,419998
2025-06-17 01:00:00;2025-06-17 03:00:00;796,324834;78,389999
2025-06-17 02:00:00;2025-06-17 04:00:00;766,267326;80,519997
2025-06-17 03:00:00;2025-06-17 05:00:00;849,655093;83,019997
2025-06-17 04:00:00;2025-06-17 06:00:00;876,672440;117,000000
2025-06-17 05:00:00;2025-06-17 07:00:00;768,412694;107,010002
2025-06-17 06:00:00;2025-06-17 08:00:00;802,195378;98,589996
2025-06-17 07:00:00;2025-06-17 09:00:00;807,123799;70,739998
2025-06-17 08:00:00;2025-06-17 10:00:00;845,261414;4,340000
2025-06-17 09:00:00;2025-06-17 11:00:00;66,302414;-0,360000
2025-06-17 10:00:00;2025-06-17 12:00:00;51,227175;-0,540000
2025-06-17 11:00:00;2025-06-17 13:00:00;65,106775;-2,360000
2025-06-17 12:00:00;2025-06-17 14:00:00;65,596261;-2,510000
2025-06-17 13:00:00;2025-06-17 15:00:00;78,494613;-2,560000
2025-06-17 14:00:00;2025-06-17 16:00:00;745,604447;8,650000
2025-06-17 15:00:00;2025-06-17 17:00:00;862,973625;79,230003
2025-06-17 16:00:00;2025-06-17 18:00:00;849,127889;103,360001
2025-06-17 17:00:00;2025-06-17 19:00:00;711,001692;124,010002
2025-06-17 18:00:00;2025-06-17 20:00:00;673,205624;154,330002
2025-06-17 19:00:00;2025-06-17 21:00:00;720,333820;147,039993
2025-06-17 20:00:00;2025-06-17 22:00:00;740,260498;138,190002
2025-06-17 21:00:00;2025-06-17 23:00:00;732,779659;116,360001
2025-06-17 22:00:00;2025-06-18 00:00:00;757,555931;113,000000
2025-06-17 23:00:00;2025-06-18 01:00:00;776,596254;106,800003
2025-06-18 00:00:00;2025-06-18 02:00:00;758,505467;101,500000
2025-06-18 01:00:00;2025-06-18 03:00:00;741,282295;95,839996
2025-06-18 02:00:00;2025-06-18 04:00:00;785,351659;97,010002
2025-06-18 03:00:00;2025-06-18 05:00:00;779,392391;94,120003
2025-06-18 04:00:00;2025-06-18 06:00:00;649,326498;112,349998
2025-06-18 05:00:00;2025-06-18 07:00:00;572,104707;114,900002
2025-06-18 06:00:00;2025-06-18 08:00:00;490,177494;111,389999
2025-06-18 07:00:00;2025-06-18 09:00:00;471,546115;78,970001
2025-06-18 08:00:00;2025-06-18 10:00:00;568,679792;21,770000
2025-06-18 09:00:00;2025-06-18 11:00:00;465,532169;1,170000
2025-06-18 10:00:00;2025-06-18 12:00:00;208,710210;-0,120000
2025-06-18 11:00:00;2025-06-18 13:00:00;59,079300;-0,270000
2025-06-18 12:00:00;2025-06-18 14:00:00;72,331000;-0,210000
2025-06-18 13:00:00;2025-06-18 15:00:00;441,483369;-0,300000
2025-06-18 14:00:00;2025-06-18 16:00:00;946,142193;0,990000
2025-06-18 15:00:00;2025-06-18 17:00:00;990,681842;52,160000
2025-06-18 16:00:00;2025-06-18 18:00:00;1000,258613;68,900002
2025-06-18 17:00:00;2025-06-18 19:00:00;857,238808;88,959999
2025-06-18 18:00:00;2025-06-18 20:00:00;884,588287;120,400002
2025-06-18 19:00:00;2025-06-18 21:00:00;866,375875;115,680000
2025-06-18 20:00:00;2025-06-18 22:00:00;855,965563;109,550003
2025-06-18 21:00:00;2025-06-18 23:00:00;1014,295766;87,559998
2025-06-18 22:00:00;2025-06-19 00:00:00;1071,764535;111,790001
2025-06-18 23:00:00;2025-06-19 01:00:00;1142,706363;95,169998
2025-06-19 00:00:00;2025-06-19 02:00:00;1231,912138;100,169998
2025-06-19 01:00:00;2025-06-19 03:00:00;1187,669213;87,290001
2025-06-19 02:00:00;2025-06-19 04:00:00;1261,685840;70,230003
2025-06-19 03:00:00;2025-06-19 05:00:00;1330,195417;74,349998
2025-06-19 04:00:00;2025-06-19 06:00:00;1357,890593;78,989998
2025-06-19 05:00:00;2025-06-19 07:00:00;1344,909937;72,510002
2025-06-19 06:00:00;2025-06-19 08:00:00;1246,901713;50,000000
2025-06-19 07:00:00;2025-06-19 09:00:00;305,345429;0,860000
2025-06-19 08:00:00;2025-06-19 10:00:00;363,827813;-1,330000
2025-06-19 09:00:00;2025-06-19 11:00:00;311,865492;-8,270000
2025-06-19 10:00:00;2025-06-19 12:00:00;230,555983;-5,360000
2025-06-19 11:00:00;2025-06-19 13:00:00;188,565599;-4,970000
2025-06-19 12:00:00;2025-06-19 14:00:00;164,582095;-5,090000
2025-06-19 13:00:00;2025-06-19 15:00:00;158,727969;-6,000000
2025-06-19 14:00:00;2025-06-19 16:00:00;161,092156;-4,950000
2025-06-19 15:00:00;2025-06-19 17:00:00;296,427217;2,300000
2025-06-19 16:00:00;2025-06-19 18:00:00;806,704834;80,330002
2025-06-19 17:00:00;2025-06-19 19:00:00;919,799097;118,470001
2025-06-19 18:00:00;2025-06-19 20:00:00;1004,276216;138,850006
2025-06-19 19:00:00;2025-06-19 21:00:00;1090,133015;141,800003
2025-06-19 20:00:00;2025-06-19 22:00:00;1078,288909;129,660004
2025-06-19 21:00:00;2025-06-19 23:00:00;1056,607612;108,889999
2025-06-19 22:00:00;2025-06-20 00:00:00;1013,764922;109,010002
2025-06-19 23:00:00;2025-06-20 01:00:00;962,464042;104,570000
2025-06-20 00:00:00;2025-06-20 02:00:00;917,629682;100,559998
2025-06-20 01:00:00;2025-06-20 03:00:00;791,273086;104,000000
2025-06-20 02:00:00;2025-06-20 04:00:00;638,837159;99,480003
2025-06-20 03:00:00;2025-06-20 05:00:00;574,116305;109,040001
2025-06-20 04:00:00;2025-06-20 06:00:00;515,443641;120,900002
2025-06-20 05:00:00;2025-06-20 07:00:00;401,549088;118,660004
2025-06-20 06:00:00;2025-06-20 08:00:00;342,269604;110,980003
2025-06-20 07:00:00;2025-06-20 09:00:00;325,662568;81,690002
2025-06-20 08:00:00;2025-06-20 10:00:00;267,570152;15,830000
2025-06-20 09:00:00;2025-06-20 11:00:00;184,760769;4,030000
2025-06-20 10:00:00;2025-06-20 12:00:00;87,130078;0,520000
2025-06-20 11:00:00;2025-06-20 13:00:00;42,621400;-0,200000
2025-06-20 12:00:00;2025-06-20 14:00:00;39,736600;-0,080000
2025-06-20 13:00:00;2025-06-20 15:00:00;53,313800;0,910000
2025-06-20 14:00:00;2025-06-20 16:00:00;146,656967;28,990000
2025-06-20 15:00:00;2025-06-20 17:00:00;181,983718;87,349998
2025-06-20 16:00:00;2025-06-20 18:00:00;160,315442;111,010002
2025-06-20 17:00:00;2025-06-20 19:00:00;116,084412;135,619995
2025-06-20 18:00:00;2025-06-20 20:00:00;153,140051;197,270004
2025-06-20 19:00:00;2025-06-20 21:00:00;207,034538;178,630005
2025-06-20 20:00:00;2025-06-20 22:00:00;230,441631;137,050003
2025-06-20 21:00:00;2025-06-20 23:00:00;310,851440;121,379997
2025-06-20 22:00:00;2025-06-21 00:00:00;358,892302;118,519997
2025-06-20 23:00:00;2025-06-21 01:00:00;438,162522;110,480003
2025-06-21 00:00:00;2025-06-21 02:00:00;523,141092;108,150002
2025-06-21 01:00:00;2025-06-21 03:00:00;548,474670;106,760002
2025-06-21 02:00:00;2025-06-21 04:00:00;592,049533;109,099998
2025-06-21 03:00:00;2025-06-21 05:00:00;593,030546;104,449997
2025-06-21 04:00:00;2025-06-21 06:00:00;599,064144;100,709999
2025-06-21 05:00:00;2025-06-21 07:00:00;630,569255;90,739998
2025-06-21 06:00:00;2025-06-21 08:00:00;611,688760;75,930000
2025-06-21 07:00:00;2025-06-21 09:00:00;539,078659;23,400000
2025-06-21 08:00:00;2025-06-21 10:00:00;188,231021;0,190000
2025-06-21 09:00:00;2025-06-21 11:00:00;21,374427;-2,010000
2025-06-21 10:00:00;2025-06-21 12:00:00;23,779168;-12,400000
2025-06-21 11:00:00;2025-06-21 13:00:00;24,001188;-26,059999
2025-06-21 12:00:00;2025-06-21 14:00:00;24,541169;-26,309999
2025-06-21 13:00:00;2025-06-21 15:00:00;26,108534;-4,420000
2025-06-21 14:00:00;2025-06-21 16:00:00;149,108326;0,090000
2025-06-21 15:00:00;2025-06-21 17:00:00;495,140471;59,990002
2025-06-21 16:00:00;2025-06-21 18:00:00;474,618602;100,949997
2025-06-21 17:00:00;2025-06-21 19:00:00;424,859947;127,900002
2025-06-21 18:00:00;2025-06-21 20:00:00;364,916314;156,740005
2025-06-21 19:00:00;2025-06-21 21:00:00;363,205488;165,300003
2025-06-21 20:00:00;2025-06-21 22:00:00;261,753992;140,779999
2025-06-21 21:00:00;2025-06-21 23:00:00;124,020203;119,199997
2025-06-21 22:00:00;2025-06-22 00:00:00;72,736083;108,150002
2025-06-21 23:00:00;2025-06-22 01:00:00;60,952039;101,070000
2025-06-22 00:00:00;2025-06-22 02:00:00;83,422329;97,459999
2025-06-22 01:00:00;2025-06-22 03:00:00;175,330052;92,120003
2025-06-22 02:00:00;2025-06-22 04:00:00;259,331760;87,910004
2025-06-22 03:00:00;2025-06-22 05:00:00;280,483662;80,080002
2025-06-22 04:00:00;2025-06-22 06:00:00;452,672757;67,559998
2025-06-22 05:00:00;2025-06-22 07:00:00;513,235705;26,440001
2025-06-22 06:00:00;2025-06-22 08:00:00;120,740286;0,000000
2025-06-22 07:00:00;2025-06-22 09:00:00;24,663246;-0,090000
2025-06-22 08:00:00;2025-06-22 10:00:00;21,105231;-8,560000
2025-06-22 09:00:00;2025-06-22 11:00:00;9,428131;-15,040000
2025-06-22 10:00:00;2025-06-22 12:00:00;14,992694;-6,000000
2025-06-22 11:00:00;2025-06-22 13:00:00;5,438439;-6,050000
2025-06-22 12:00:00;2025-06-22 14:00:00;7,555925;-9,730000
2025-06-22 13:00:00;2025-06-22 15:00:00;6,862967;-6,780000
2025-06-22 14:00:00;2025-06-22 16:00:00;20,787321;-7,560000
2025-06-22 15:00:00;2025-06-22 17:00:00;274,178770;-0,010000
2025-06-22 16:00:00;2025-06-22 18:00:00;1201,196703;54,290001
2025-06-22 17:00:00;2025-06-22 19:00:00;967,584645;91,239998
2025-06-22 18:00:00;2025-06-22 20:00:00;936,011245;108,570000
2025-06-22 19:00:00;2025-06-22 21:00:00;781,152235;125,339996
2025-06-22 20:00:00;2025-06-22 22:00:00;622,231128;124,250000
2025-06-22 21:00:00;2025-06-22 23:00:00;667,111581;101,629997
2025-06-22 22:00:00;2025-06-23 00:00:00;667,489027;53,500000
2025-06-22 23:00:00;2025-06-23 01:00:00;670,333086;47,099998
2025-06-23 00:00:00;2025-06-23 02:00:00;762,285696;37,349998
2025-06-23 01:00:00;2025-06-23 03:00:00;738,955519;37,959999
2025-06-23 02:00:00;2025-06-23 04:00:00;766,874663;43,580002
2025-06-23 03:00:00;2025-06-23 05:00:00;799,625689;43,959999
2025-06-23 04:00:00;2025-06-23 06:00:00;828,454107;62,689999
2025-06-23 05:00:00;2025-06-23 07:00:00;826,629048;49,590000
2025-06-23 06:00:00;2025-06-23 08:00:00;914,662863;60,400002
2025-06-23 07:00:00;2025-06-23 09:00:00;1029,469231;18,639999
2025-06-23 08:00:00;2025-06-23 10:00:00;272,114198;-0,010000
2025-06-23 09:00:00;2025-06-23 11:00:00;134,142105;-3,670000
2025-06-23 10:00:00;2025-06-23 12:00:00;13,011383;-1,150000
2025-06-23 11:00:00;2025-06-23 13:00:00;21,727744;-4,290000
2025-06-23 12:00:00;2025-06-23 14:00:00;18,046514;-3,410000
2025-06-23 13:00:00;2025-06-23 15:00:00;18,488909;-4,290000
2025-06-23 14:00:00;2025-06-23 16:00:00;17,881469;-2,010000
2025-06-23 15:00:00;2025-06-23 17:00:00;22,111708;-4,990000
2025-06-23 16:00:00;2025-06-23 18:00:00;761,727366;-1,010000
2025-06-23 17:00:00;2025-06-23 19:00:00;1348,082483;20,000000
2025-06-23 18:00:00;2025-06-23 20:00:00;1326,259059;19,910000
2025-06-23 19:00:00;2025-06-23 21:00:00;1337,832612;42,490002
2025-06-23 20:00:00;2025-06-23 22:00:00;1397,281624;48,860001
2025-06-23 21:00:00;2025-06-23 23:00:00;1375,719489;46,389999
2025-06-23 22:00:00;2025-06-24 00:00:00;1022,147928;3,110000
2025-06-23 23:00:00;2025-06-24 01:00:00;1323,291557;4,260000
2025-06-24 00:00:00;2025-06-24 02:00:00;1284,348239;4,220000
2025-06-24 01:00:00;2025-06-24 03:00:00;1297,663853;4,240000
2025-06-24 02:00:00;2025-06-24 04:00:00;1372,667947;6,690000
2025-06-24 03:00:00;2025-06-24 05:00:00;1362,529507;4,470000
2025-06-24 04:00:00;2025-06-24 06:00:00;1364,690668;5,910000
2025-06-24 05:00:00;2025-06-24 07:00:00;1201,071573;40,130001
2025-06-24 06:00:00;2025-06-24 08:00:00;1086,492699;40,480000
2025-06-24 07:00:00;2025-06-24 09:00:00;610,203191;-0,010000
2025-06-24 08:00:00;2025-06-24 10:00:00;405,586958;-0,010000
2025-06-24 09:00:00;2025-06-24 11:00:00;227,023483;-0,390000
2025-06-24 10:00:00;2025-06-24 12:00:00;21,242042;-1,970000
2025-06-24 11:00:00;2025-06-24 13:00:00;14,092834;-2,680000
2025-06-24 12:00:00;2025-06-24 14:00:00;18,276383;-2,020000
2025-06-24 13:00:00;2025-06-24 15:00:00;20,227517;-1,950000
2025-06-24 14:00:00;2025-06-24 16:00:00;26,393792;-0,440000
2025-06-24 15:00:00;2025-06-24 17:00:00;942,912471;2,090000
2025-06-24 16:00:00;2025-06-24 18:00:00;1132,083893;61,770000
2025-06-24 17:00:00;2025-06-24 19:00:00;1061,450675;75,290001
2025-06-24 18:00:00;2025-06-24 20:00:00;952,322708;90,050003
2025-06-24 19:00:00;2025-06-24 21:00:00;899,020094;92,669998
2025-06-24 20:00:00;2025-06-24 22:00:00;759,458780;85,029999
2025-06-24 21:00:00;2025-06-24 23:00:00;803,191606;71,489998
2025-06-24 22:00:00;2025-06-25 00:00:00;988,459590;54,590000
2025-06-24 23:00:00;2025-06-25 01:00:00;1073,878417;51,160000
2025-06-25 00:00:00;2025-06-25 02:00:00;1056,029740;51,020000
2025-06-25 01:00:00;2025-06-25 03:00:00;1055,497920;57,110001
2025-06-25 02:00:00;2025-06-25 04:00:00;1103,656871;54,150002
2025-06-25 03:00:00;2025-06-25 05:00:00;932,237528;62,959999
2025-06-25 04:00:00;2025-06-25 06:00:00;597,399002;70,010002
2025-06-25 05:00:00;2025-06-25 07:00:00;688,027612;59,490002
2025-06-25 06:00:00;2025-06-25 08:00:00;683,730902;43,209999
2025-06-25 07:00:00;2025-06-25 09:00:00;747,359405;27,639999
2025-06-25 08:00:00;2025-06-25 10:00:00;623,898510;10,000000
2025-06-25 09:00:00;2025-06-25 11:00:00;325,483122;2,050000
2025-06-25 10:00:00;2025-06-25 12:00:00;58,178161;1,340000
2025-06-25 11:00:00;2025-06-25 13:00:00;64,414800;0,000000
2025-06-25 12:00:00;2025-06-25 14:00:00;212,145100;0,270000
2025-06-25 13:00:00;2025-06-25 15:00:00;216,687739;0,000000
2025-06-25 14:00:00;2025-06-25 16:00:00;367,355305;17,840000
2025-06-25 15:00:00;2025-06-25 17:00:00;313,825752;39,279999
2025-06-25 16:00:00;2025-06-25 18:00:00;448,957883;105,800003
2025-06-25 17:00:00;2025-06-25 19:00:00;411,317601;134,190002
2025-06-25 18:00:00;2025-06-25 20:00:00;325,326575;200,000000
2025-06-25 19:00:00;2025-06-25 21:00:00;229,076419;247,020004
2025-06-25 20:00:00;2025-06-25 22:00:00;184,105000;173,619995
2025-06-25 21:00:00;2025-06-25 23:00:00;160,903200;126,839996
2025-06-25 22:00:00;2025-06-26 00:00:00;121,244100;119,949997
2025-06-25 23:00:00;2025-06-26 01:00:00;94,265700;107,629997
2025-06-26 00:00:00;2025-06-26 02:00:00;106,331322;102,830002
2025-06-26 01:00:00;2025-06-26 03:00:00;82,418144;98,620003
2025-06-26 02:00:00;2025-06-26 04:00:00;99,182743;98,790001
2025-06-26 03:00:00;2025-06-26 05:00:00;118,752493;102,910004
2025-06-26 04:00:00;2025-06-26 06:00:00;135,879422;119,900002
2025-06-26 05:00:00;2025-06-26 07:00:00;123,020174;120,910004
2025-06-26 06:00:00;2025-06-26 08:00:00;128,755549;106,790001
2025-06-26 07:00:00;2025-06-26 09:00:00;141,469886;96,449997
2025-06-26 08:00:00;2025-06-26 10:00:00;165,519966;88,949997
2025-06-26 09:00:00;2025-06-26 11:00:00;178,939955;77,879997
2025-06-26 10:00:00;2025-06-26 12:00:00;186,390533;70,250000
2025-06-26 11:00:00;2025-06-26 13:00:00;210,771512;59,250000
2025-06-26 12:00:00;2025-06-26 14:00:00;247,689036;51,119999
2025-06-26 13:00:00;2025-06-26 15:00:00;186,422479;48,990002
2025-06-26 14:00:00;2025-06-26 16:00:00;188,436862;63,040001
2025-06-26 15:00:00;2025-06-26 17:00:00;147,277356;70,300003
2025-06-26 16:00:00;2025-06-26 18:00:00;116,222558;89,230003
2025-06-26 17:00:00;2025-06-26 19:00:00;118,141368;93,949997
2025-06-26 18:00:00;2025-06-26 20:00:00;95,756170;99,139999
2025-06-26 19:00:00;2025-06-26 21:00:00;248,368131;100,000000
2025-06-26 20:00:00;2025-06-26 22:00:00;417,064022;108,639999
2025-06-26 21:00:00;2025-06-26 23:00:00;423,563099;97,230003
2025-06-26 22:00:00;2025-06-27 00:00:00;558,729851;79,089996
2025-06-26 23:00:00;2025-06-27 01:00:00;540,240373;65,199997
2025-06-27 00:00:00;2025-06-27 02:00:00;598,591517;58,950001
2025-06-27 01:00:00;2025-06-27 03:00:00;752,274289;54,970001
2025-06-27 02:00:00;2025-06-27 04:00:00;988,206721;50,540001
2025-06-27 03:00:00;2025-06-27 05:00:00;1042,471555;49,450001
2025-06-27 04:00:00;2025-06-27 06:00:00;1117,968283;57,270000
2025-06-27 05:00:00;2025-06-27 07:00:00;1099,494223;63,189999
2025-06-27 06:00:00;2025-06-27 08:00:00;997,724052;63,810001
2025-06-27 07:00:00;2025-06-27 09:00:00;827,179925;4,070000
2025-06-27 08:00:00;2025-06-27 10:00:00;575,290408;4,020000
2025-06-27 09:00:00;2025-06-27 11:00:00;614,035637;9,990000
2025-06-27 10:00:00;2025-06-27 12:00:00;702,890550;4,280000
2025-06-27 11:00:00;2025-06-27 13:00:00;589,336872;3,180000
2025-06-27 12:00:00;2025-06-27 14:00:00;631,769993;3,150000
2025-06-27 13:00:00;2025-06-27 15:00:00;475,396504;2,380000
2025-06-27 14:00:00;2025-06-27 16:00:00;538,074198;4,010000
2025-06-27 15:00:00;2025-06-27 17:00:00;1017,110758;5,750000
2025-06-27 16:00:00;2025-06-27 18:00:00;980,596654;29,690001
2025-06-27 17:00:00;2025-06-27 19:00:00;949,562795;69,430000
2025-06-27 18:00:00;2025-06-27 20:00:00;988,778094;114,010002
2025-06-27 19:00:00;2025-06-27 21:00:00;993,767973;122,400002
2025-06-27 20:00:00;2025-06-27 22:00:00;969,674967;119,080002
2025-06-27 21:00:00;2025-06-27 23:00:00;919,035544;100,199997
2025-06-27 22:00:00;2025-06-28 00:00:00;943,697132;84,650002
2025-06-27 23:00:00;2025-06-28 01:00:00;902,400609;65,269997
2025-06-28 00:00:00;2025-06-28 02:00:00;953,888443;55,910000
2025-06-28 01:00:00;2025-06-28 03:00:00;1022,585940;38,700001
2025-06-28 02:00:00;2025-06-28 04:00:00;1017,928181;33,000000
2025-06-28 03:00:00;2025-06-28 05:00:00;1081,208032;25,610001
2025-06-28 04:00:00;2025-06-28 06:00:00;1192,227867;28,090000
2025-06-28 05:00:00;2025-06-28 07:00:00;1227,789204;34,000000
2025-06-28 06:00:00;2025-06-28 08:00:00;1241,127444;27,799999
2025-06-28 07:00:00;2025-06-28 09:00:00;732,763822;2,340000
2025-06-28 08:00:00;2025-06-28 10:00:00;107,298795;0,010000
2025-06-28 09:00:00;2025-06-28 11:00:00;8,946358;-0,010000
2025-06-28 10:00:00;2025-06-28 12:00:00;6,683513;-0,570000
2025-06-28 11:00:00;2025-06-28 13:00:00;19,550709;-1,990000
2025-06-28 12:00:00;2025-06-28 14:00:00;18,301729;-2,230000
2025-06-28 13:00:00;2025-06-28 15:00:00;6,172523;-1,010000
2025-06-28 14:00:00;2025-06-28 16:00:00;102,767393;-1,000000
2025-06-28 15:00:00;2025-06-28 17:00:00;738,520942;2,970000
2025-06-28 16:00:00;2025-06-28 18:00:00;1303,274797;25,980000
2025-06-28 17:00:00;2025-06-28 19:00:00;1338,423928;53,549999
2025-06-28 18:00:00;2025-06-28 20:00:00;1330,243551;78,029999
2025-06-28 19:00:00;2025-06-28 21:00:00;1261,558187;101,160004
2025-06-28 20:00:00;2025-06-28 22:00:00;1250,817310;86,099998
2025-06-28 21:00:00;2025-06-28 23:00:00;1283,670959;79,139999
2025-06-28 22:00:00;2025-06-29 00:00:00;1324,936867;16,770000
2025-06-28 23:00:00;2025-06-29 01:00:00;1311,534252;43,389999
2025-06-29 00:00:00;2025-06-29 02:00:00;1282,209841;59,540001
2025-06-29 01:00:00;2025-06-29 03:00:00;1267,130447;58,869999
2025-06-29 02:00:00;2025-06-29 04:00:00;1214,142901;57,580002
2025-06-29 03:00:00;2025-06-29 05:00:00;1136,808886;60,919998
2025-06-29 04:00:00;2025-06-29 06:00:00;1132,146229;70,000000
2025-06-29 05:00:00;2025-06-29 07:00:00;1083,775116;65,889999
2025-06-29 06:00:00;2025-06-29 08:00:00;1091,127177;45,230000
2025-06-29 07:00:00;2025-06-29 09:00:00;549,542499;1,990000
2025-06-29 08:00:00;2025-06-29 10:00:00;260,832060;0,000000
2025-06-29 09:00:00;2025-06-29 11:00:00;10,893413;-0,260000
2025-06-29 10:00:00;2025-06-29 12:00:00;19,096081;-5,400000
2025-06-29 11:00:00;2025-06-29 13:00:00;13,911912;-20,100000
2025-06-29 12:00:00;2025-06-29 14:00:00;18,735572;-24,010000
2025-06-29 13:00:00;2025-06-29 15:00:00;20,720609;-15,450000
2025-06-29 14:00:00;2025-06-29 16:00:00;16,401755;-2,690000
2025-06-29 15:00:00;2025-06-29 17:00:00;137,314409;0,010000
2025-06-29 16:00:00;2025-06-29 18:00:00;630,587201;15,900000
2025-06-29 17:00:00;2025-06-29 19:00:00;716,354601;59,700001
2025-06-29 18:00:00;2025-06-29 20:00:00;856,629222;105,660004
2025-06-29 19:00:00;2025-06-29 21:00:00;910,858462;117,430000
2025-06-29 20:00:00;2025-06-29 22:00:00;950,470453;112,059998
2025-06-29 21:00:00;2025-06-29 23:00:00;942,311093;101,000000
2025-06-29 22:00:00;2025-06-30 00:00:00;921,596053;87,599998
2025-06-29 23:00:00;2025-06-30 01:00:00;874,690218;79,599998
2025-06-30 00:00:00;2025-06-30 02:00:00;826,496111;83,000000
2025-06-30 01:00:00;2025-06-30 03:00:00;717,532735;84,129997
2025-06-30 02:00:00;2025-06-30 04:00:00;693,194956;83,519997
2025-06-30 03:00:00;2025-06-30 05:00:00;655,209236;83,040001
2025-06-30 04:00:00;2025-06-30 06:00:00;560,156829;86,500000
2025-06-30 05:00:00;2025-06-30 07:00:00;461,960154;111,519997
2025-06-30 06:00:00;2025-06-30 08:00:00;373,443219;108,519997
2025-06-30 07:00:00;2025-06-30 09:00:00;292,563085;91,769997
2025-06-30 08:00:00;2025-06-30 10:00:00;196,481600;74,650002
2025-06-30 09:00:00;2025-06-30 11:00:00;130,213400;43,730000
2025-06-30 10:00:00;2025-06-30 12:00:00;122,589700;19,049999
2025-06-30 11:00:00;2025-06-30 13:00:00;78,283300;9,960000
2025-06-30 12:00:00;2025-06-30 14:00:00;41,990000;19,650000
2025-06-30 13:00:00;2025-06-30 15:00:00;29,520700;60,000000
2025-06-30 14:00:00;2025-06-30 16:00:00;29,605700;80,500000
2025-06-30 15:00:00;2025-06-30 17:00:00;26,531800;91,980003
2025-06-30 16:00:00;2025-06-30 18:00:00;19,591200;110,010002
2025-06-30 17:00:00;2025-06-30 19:00:00;17,604200;178,940002
2025-06-30 18:00:00;2025-06-30 20:00:00;17,439300;288,970001
2025-06-30 19:00:00;2025-06-30 21:00:00;1,761300;233,350006
2025-06-30 20:00:00;2025-06-30 22:00:00;5,560157;157,000000
2025-06-30 21:00:00;2025-06-30 23:00:00;20,360186;122,650002
2025-06-30 22:00:00;2025-07-01 00:00:00;42,951977;111,279999
2025-06-30 23:00:00;2025-07-01 01:00:00;81,242893;95,290001
2025-07-01 00:00:00;2025-07-01 02:00:00;184,673768;89,099998
2025-07-01 01:00:00;2025-07-01 03:00:00;342,225223;88,059998
2025-07-01 02:00:00;2025-07-01 04:00:00;464,680497;90,010002
2025-07-01 03:00:00;2025-07-01 05:00:00;646,654490;96,500000
2025-07-01 04:00:00;2025-07-01 06:00:00;705,059422;112,900002
2025-07-01 05:00:00;2025-07-01 07:00:00;635,808123;120,099998
2025-07-01 06:00:00;2025-07-01 08:00:00;615,046327;114,720001
2025-07-01 07:00:00;2025-07-01 09:00:00;550,696735;91,190002
2025-07-01 08:00:00;2025-07-01 10:00:00;518,719611;84,309998
2025-07-01 09:00:00;2025-07-01 11:00:00;459,631250;69,559998
2025-07-01 10:00:00;2025-07-01 12:00:00;407,619394;44,540001
2025-07-01 11:00:00;2025-07-01 13:00:00;464,711745;42,470001
2025-07-01 12:00:00;2025-07-01 14:00:00;349,186368;57,650002
2025-07-01 13:00:00;2025-07-01 15:00:00;362,824702;78,139999
2025-07-01 14:00:00;2025-07-01 16:00:00;381,582763;90,800003
2025-07-01 15:00:00;2025-07-01 17:00:00;361,240875;102,019997
2025-07-01 16:00:00;2025-07-01 18:00:00;364,520526;152,080002
2025-07-01 17:00:00;2025-07-01 19:00:00;252,750284;307,269989
2025-07-01 18:00:00;2025-07-01 20:00:00;177,138574;476,190002
2025-07-01 19:00:00;2025-07-01 21:00:00;126,716089;406,809998
2025-07-01 20:00:00;2025-07-01 22:00:00;166,487776;250,009995
2025-07-01 21:00:00;2025-07-01 23:00:00;184,902434;147,649994
2025-07-01 22:00:00;2025-07-02 00:00:00;276,013878;119,290001
2025-07-01 23:00:00;2025-07-02 01:00:00;302,110342;102,699997
2025-07-02 00:00:00;2025-07-02 02:00:00;339,363407;92,540001
2025-07-02 01:00:00;2025-07-02 03:00:00;239,782660;92,080002
2025-07-02 02:00:00;2025-07-02 04:00:00;143,952521;91,709999
2025-07-02 03:00:00;2025-07-02 05:00:00;228,076377;100,550003
2025-07-02 04:00:00;2025-07-02 06:00:00;456,390039;116,430000
2025-07-02 05:00:00;2025-07-02 07:00:00;294,651917;110,419998
2025-07-02 06:00:00;2025-07-02 08:00:00;145,693157;104,519997
2025-07-02 07:00:00;2025-07-02 09:00:00;304,498480;92,489998
2025-07-02 08:00:00;2025-07-02 10:00:00;472,450494;81,059998
2025-07-02 09:00:00;2025-07-02 11:00:00;497,564204;69,930000
2025-07-02 10:00:00;2025-07-02 12:00:00;314,446777;36,119999
2025-07-02 11:00:00;2025-07-02 13:00:00;221,523114;32,590000
2025-07-02 12:00:00;2025-07-02 14:00:00;271,251026;46,610001
2025-07-02 13:00:00;2025-07-02 15:00:00;236,158081;71,489998
2025-07-02 14:00:00;2025-07-02 16:00:00;161,315325;79,599998
2025-07-02 15:00:00;2025-07-02 17:00:00;188,005187;89,269997
2025-07-02 16:00:00;2025-07-02 18:00:00;475,371353;113,989998
2025-07-02 17:00:00;2025-07-02 19:00:00;266,700638;186,009995
2025-07-02 18:00:00;2025-07-02 20:00:00;80,289244;240,070007
2025-07-02 19:00:00;2025-07-02 21:00:00;88,422757;180,210007
2025-07-02 20:00:00;2025-07-02 22:00:00;222,555615;134,929993
2025-07-02 21:00:00;2025-07-02 23:00:00;382,020137;108,500000
2025-07-02 22:00:00;2025-07-03 00:00:00;715,024916;83,489998
2025-07-02 23:00:00;2025-07-03 01:00:00;1122,390204;80,910004
2025-07-03 00:00:00;2025-07-03 02:00:00;1213,786840;62,950001
2025-07-03 01:00:00;2025-07-03 03:00:00;1270,606677;44,080002
2025-07-03 02:00:00;2025-07-03 04:00:00;1328,839297;33,189999
2025-07-03 03:00:00;2025-07-03 05:00:00;1338,709018;13,580000
2025-07-03 04:00:00;2025-07-03 06:00:00;1344,185623;4,080000
2025-07-03 05:00:00;2025-07-03 07:00:00;948,158311;2,580000
2025-07-03 06:00:00;2025-07-03 08:00:00;752,176358;2,300000
2025-07-03 07:00:00;2025-07-03 09:00:00;402,312960;0,000000
2025-07-03 08:00:00;2025-07-03 10:00:00;370,732500;-0,010000
2025-07-03 09:00:00;2025-07-03 11:00:00;328,951900;0,000000
2025-07-03 10:00:00;2025-07-03 12:00:00;333,456500;0,020000
2025-07-03 11:00:00;2025-07-03 13:00:00;335,458100;0,060000
2025-07-03 12:00:00;2025-07-03 14:00:00;342,183100;0,000000
2025-07-03 13:00:00;2025-07-03 15:00:00;318,371900;0,050000
2025-07-03 14:00:00;2025-07-03 16:00:00;530,540127;2,030000
2025-07-03 15:00:00;2025-07-03 17:00:00;1046,116915;3,160000
2025-07-03 16:00:00;2025-07-03 18:00:00;1028,209041;4,210000
2025-07-03 17:00:00;2025-07-03 19:00:00;942,706731;74,000000
2025-07-03 18:00:00;2025-07-03 20:00:00;856,516952;131,050003
2025-07-03 19:00:00;2025-07-03 21:00:00;786,188900;151,100006
2025-07-03 20:00:00;2025-07-03 22:00:00;720,413596;133,300003
2025-07-03 21:00:00;2025-07-03 23:00:00;691,312240;117,029999
2025-07-03 22:00:00;2025-07-04 00:00:00;665,292930;109,070000
2025-07-03 23:00:00;2025-07-04 01:00:00;669,633457;103,459999
2025-07-04 00:00:00;2025-07-04 02:00:00;703,191409;99,980003
2025-07-04 01:00:00;2025-07-04 03:00:00;706,521533;96,379997
2025-07-04 02:00:00;2025-07-04 04:00:00;613,003654;95,010002
2025-07-04 03:00:00;2025-07-04 05:00:00;534,693553;87,330002
2025-07-04 04:00:00;2025-07-04 06:00:00;558,088710;96,699997
2025-07-04 05:00:00;2025-07-04 07:00:00;589,915170;111,290001
2025-07-04 06:00:00;2025-07-04 08:00:00;688,128286;100,000000
2025-07-04 07:00:00;2025-07-04 09:00:00;731,297267;81,930000
2025-07-04 08:00:00;2025-07-04 10:00:00;787,938319;54,189999
2025-07-04 09:00:00;2025-07-04 11:00:00;662,129889;6,690000
2025-07-04 10:00:00;2025-07-04 12:00:00;295,294114;-0,050000
2025-07-04 11:00:00;2025-07-04 13:00:00;140,664208;-1,560000
2025-07-04 12:00:00;2025-07-04 14:00:00;110,637488;-1,370000
2025-07-04 13:00:00;2025-07-04 15:00:00;153,048536;-0,610000
2025-07-04 14:00:00;2025-07-04 16:00:00;654,014976;2,390000
2025-07-04 15:00:00;2025-07-04 17:00:00;882,781622;39,919998
2025-07-04 16:00:00;2025-07-04 18:00:00;726,122765;74,570000
2025-07-04 17:00:00;2025-07-04 19:00:00;862,520553;90,820000
2025-07-04 18:00:00;2025-07-04 20:00:00;782,562027;91,529999
2025-07-04 19:00:00;2025-07-04 21:00:00;665,055778;96,760002
2025-07-04 20:00:00;2025-07-04 22:00:00;696,193516;107,830002
2025-07-04 21:00:00;2025-07-04 23:00:00;847,966682;92,239998
2025-07-04 22:00:00;2025-07-05 00:00:00;904,842232;57,130001
2025-07-04 23:00:00;2025-07-05 01:00:00;914,616338;44,200001
2025-07-05 00:00:00;2025-07-05 02:00:00;939,673902;25,040001
2025-07-05 01:00:00;2025-07-05 03:00:00;982,015449;21,059999
2025-07-05 02:00:00;2025-07-05 04:00:00;965,466574;13,000000
2025-07-05 03:00:00;2025-07-05 05:00:00;979,845759;8,700000
2025-07-05 04:00:00;2025-07-05 06:00:00;949,679548;11,900000
2025-07-05 05:00:00;2025-07-05 07:00:00;932,356195;25,160000
2025-07-05 06:00:00;2025-07-05 08:00:00;927,919104;17,860001
2025-07-05 07:00:00;2025-07-05 09:00:00;745,236267;3,340000
2025-07-05 08:00:00;2025-07-05 10:00:00;37,581639;0,660000
2025-07-05 09:00:00;2025-07-05 11:00:00;75,075370;0,550000
2025-07-05 10:00:00;2025-07-05 12:00:00;9,436887;-0,080000
2025-07-05 11:00:00;2025-07-05 13:00:00;7,216900;-0,540000
2025-07-05 12:00:00;2025-07-05 14:00:00;4,877000;-1,490000
2025-07-05 13:00:00;2025-07-05 15:00:00;3,563180;-0,900000
2025-07-05 14:00:00;2025-07-05 16:00:00;42,593002;-2,000000
2025-07-05 15:00:00;2025-07-05 17:00:00;53,316521;0,000000
2025-07-05 16:00:00;2025-07-05 18:00:00;938,658308;28,000000
2025-07-05 17:00:00;2025-07-05 19:00:00;936,169693;51,290001
2025-07-05 18:00:00;2025-07-05 20:00:00;938,615853;79,480003
2025-07-05 19:00:00;2025-07-05 21:00:00;905,348092;105,360001
2025-07-05 20:00:00;2025-07-05 22:00:00;875,603046;112,269997
2025-07-05 21:00:00;2025-07-05 23:00:00;772,673266;107,230003
2025-07-05 22:00:00;2025-07-06 00:00:00;955,730617;80,029999
2025-07-05 23:00:00;2025-07-06 01:00:00;787,031340;70,000000
2025-07-06 00:00:00;2025-07-06 02:00:00;633,345659;73,919998
2025-07-06 01:00:00;2025-07-06 03:00:00;578,379206;74,129997
2025-07-06 02:00:00;2025-07-06 04:00:00;592,590558;73,489998
2025-07-06 03:00:00;2025-07-06 05:00:00;510,424666;79,669998
2025-07-06 04:00:00;2025-07-06 06:00:00;545,674168;78,459999
2025-07-06 05:00:00;2025-07-06 07:00:00;563,199790;77,570000
2025-07-06 06:00:00;2025-07-06 08:00:00;607,860803;70,570000
2025-07-06 07:00:00;2025-07-06 09:00:00;526,975259;38,810001
2025-07-06 08:00:00;2025-07-06 10:00:00;532,558178;19,209999
2025-07-06 09:00:00;2025-07-06 11:00:00;462,810282;13,190000
2025-07-06 10:00:00;2025-07-06 12:00:00;511,223571;10,260000
2025-07-06 11:00:00;2025-07-06 13:00:00;510,784947;5,850000
2025-07-06 12:00:00;2025-07-06 14:00:00;451,555803;11,200000
2025-07-06 13:00:00;2025-07-06 15:00:00;329,831209;50,570000
2025-07-06 14:00:00;2025-07-06 16:00:00;260,201481;70,769997
2025-07-06 15:00:00;2025-07-06 17:00:00;208,247144;100,290001
2025-07-06 16:00:00;2025-07-06 18:00:00;160,020634;107,370003
2025-07-06 17:00:00;2025-07-06 19:00:00;108,082626;112,160004
2025-07-06 18:00:00;2025-07-06 20:00:00;89,528959;120,320000
2025-07-06 19:00:00;2025-07-06 21:00:00;78,649504;125,040001
2025-07-06 20:00:00;2025-07-06 22:00:00;77,915579;122,209999
2025-07-06 21:00:00;2025-07-06 23:00:00;121,176808;110,779999
2025-07-06 22:00:00;2025-07-07 00:00:00;153,105481;118,839996
2025-07-06 23:00:00;2025-07-07 01:00:00;147,509177;107,419998
2025-07-07 00:00:00;2025-07-07 02:00:00;104,593364;101,919998
2025-07-07 01:00:00;2025-07-07 03:00:00;122,622851;99,120003
2025-07-07 02:00:00;2025-07-07 04:00:00;151,470049;101,000000
2025-07-07 03:00:00;2025-07-07 05:00:00;175,588568;100,900002
2025-07-07 04:00:00;2025-07-07 06:00:00;200,870533;125,120003
2025-07-07 05:00:00;2025-07-07 07:00:00;268,422487;131,009995
2025-07-07 06:00:00;2025-07-07 08:00:00;213,093708;146,639999
2025-07-07 07:00:00;2025-07-07 09:00:00;338,072042;131,990005
2025-07-07 08:00:00;2025-07-07 10:00:00;388,105209;108,639999
2025-07-07 09:00:00;2025-07-07 11:00:00;374,664036;92,370003
2025-07-07 10:00:00;2025-07-07 12:00:00;368,507420;78,720001
2025-07-07 11:00:00;2025-07-07 13:00:00;319,810668;61,070000
2025-07-07 12:00:00;2025-07-07 14:00:00;360,302885;52,610001
2025-07-07 13:00:00;2025-07-07 15:00:00;595,091103;50,669998
2025-07-07 14:00:00;2025-07-07 16:00:00;631,334148;45,950001
2025-07-07 15:00:00;2025-07-07 17:00:00;721,476976;60,310001
2025-07-07 16:00:00;2025-07-07 18:00:00;718,229726;77,980003
2025-07-07 17:00:00;2025-07-07 19:00:00;682,411004;92,269997
2025-07-07 18:00:00;2025-07-07 20:00:00;740,573906;97,279999
2025-07-07 19:00:00;2025-07-07 21:00:00;796,043389;109,919998
2025-07-07 20:00:00;2025-07-07 22:00:00;845,709518;110,089996
2025-07-07 21:00:00;2025-07-07 23:00:00;855,324727;87,300003
2025-07-07 22:00:00;2025-07-08 00:00:00;806,826020;103,830002
2025-07-07 23:00:00;2025-07-08 01:00:00;810,371304;92,900002
2025-07-08 00:00:00;2025-07-08 02:00:00;782,315710;81,489998
2025-07-08 01:00:00;2025-07-08 03:00:00;640,885961;84,779999
2025-07-08 02:00:00;2025-07-08 04:00:00;631,863781;85,370003
2025-07-08 03:00:00;2025-07-08 05:00:00;485,585582;91,139999
2025-07-08 04:00:00;2025-07-08 06:00:00;545,264359;107,989998
2025-07-08 05:00:00;2025-07-08 07:00:00;407,522288;118,650002
2025-07-08 06:00:00;2025-07-08 08:00:00;377,663757;117,760002
2025-07-08 07:00:00;2025-07-08 09:00:00;549,588455;94,059998
2025-07-08 08:00:00;2025-07-08 10:00:00;429,883874;81,779999
2025-07-08 09:00:00;2025-07-08 11:00:00;399,740438;78,440002
2025-07-08 10:00:00;2025-07-08 12:00:00;364,015645;60,150002
2025-07-08 11:00:00;2025-07-08 13:00:00;362,247028;54,720001
2025-07-08 12:00:00;2025-07-08 14:00:00;436,939685;53,040001
2025-07-08 13:00:00;2025-07-08 15:00:00;549,769904;54,650002
2025-07-08 14:00:00;2025-07-08 16:00:00;542,952525;65,199997
2025-07-08 15:00:00;2025-07-08 17:00:00;567,524368;79,980003
2025-07-08 16:00:00;2025-07-08 18:00:00;677,465544;83,919998
2025-07-08 17:00:00;2025-07-08 19:00:00;758,145591;102,099998
2025-07-08 18:00:00;2025-07-08 20:00:00;694,151913;122,769997
2025-07-08 19:00:00;2025-07-08 21:00:00;721,621556;123,339996
2025-07-08 20:00:00;2025-07-08 22:00:00;543,855492;116,650002
2025-07-08 21:00:00;2025-07-08 23:00:00;432,651002;100,949997
2025-07-08 22:00:00;2025-07-09 00:00:00;595,030636;97,150002
2025-07-08 23:00:00;2025-07-09 01:00:00;594,533639;86,849998
2025-07-09 00:00:00;2025-07-09 02:00:00;492,519466;83,860001
2025-07-09 01:00:00;2025-07-09 03:00:00;414,505085;84,650002
2025-07-09 02:00:00;2025-07-09 04:00:00;375,422045;85,099998
2025-07-09 03:00:00;2025-07-09 05:00:00;367,267024;96,150002
2025-07-09 04:00:00;2025-07-09 06:00:00;324,641174;113,660004
2025-07-09 05:00:00;2025-07-09 07:00:00;270,255466;116,459999
2025-07-09 06:00:00;2025-07-09 08:00:00;219,692802;113,589996
2025-07-09 07:00:00;2025-07-09 09:00:00;245,221587;95,660004
2025-07-09 08:00:00;2025-07-09 10:00:00;259,289865;84,680000
2025-07-09 09:00:00;2025-07-09 11:00:00;213,001085;77,769997
2025-07-09 10:00:00;2025-07-09 12:00:00;145,674773;65,669998
2025-07-09 11:00:00;2025-07-09 13:00:00;128,545173;46,689999
2025-07-09 12:00:00;2025-07-09 14:00:00;103,575271;37,779999
2025-07-09 13:00:00;2025-07-09 15:00:00;155,451954;48,320000
2025-07-09 14:00:00;2025-07-09 16:00:00;161,012663;71,129997
2025-07-09 15:00:00;2025-07-09 17:00:00;172,286805;84,730003
2025-07-09 16:00:00;2025-07-09 18:00:00;178,998830;99,010002
2025-07-09 17:00:00;2025-07-09 19:00:00;160,236312;115,980003
2025-07-09 18:00:00;2025-07-09 20:00:00;136,884964;135,339996
2025-07-09 19:00:00;2025-07-09 21:00:00;214,823933;138,240005
2025-07-09 20:00:00;2025-07-09 22:00:00;237,871914;119,790001
2025-07-09 21:00:00;2025-07-09 23:00:00;198,153666;104,900002
2025-07-09 22:00:00;2025-07-10 00:00:00;229,044183;100,910004
2025-07-09 23:00:00;2025-07-10 01:00:00;219,169776;95,730003
2025-07-10 00:00:00;2025-07-10 02:00:00;211,540790;89,099998
2025-07-10 01:00:00;2025-07-10 03:00:00;187,065468;86,449997
2025-07-10 02:00:00;2025-07-10 04:00:00;179,368857;87,970001
2025-07-10 03:00:00;2025-07-10 05:00:00;240,503283;98,620003
2025-07-10 04:00:00;2025-07-10 06:00:00;245,917467;107,610001
2025-07-10 05:00:00;2025-07-10 07:00:00;162,031761;107,230003
2025-07-10 06:00:00;2025-07-10 08:00:00;217,707090;105,349998
2025-07-10 07:00:00;2025-07-10 09:00:00;233,565317;88,900002
2025-07-10 08:00:00;2025-07-10 10:00:00;238,908653;82,000000
2025-07-10 09:00:00;2025-07-10 11:00:00;206,427920;65,330002
2025-07-10 10:00:00;2025-07-10 12:00:00;162,894736;45,220001
2025-07-10 11:00:00;2025-07-10 13:00:00;184,794674;39,509998
2025-07-10 12:00:00;2025-07-10 14:00:00;187,246490;39,549999
2025-07-10 13:00:00;2025-07-10 15:00:00;197,402956;56,709999
2025-07-10 14:00:00;2025-07-10 16:00:00;162,290576;76,800003
2025-07-10 15:00:00;2025-07-10 17:00:00;117,710384;86,400002
2025-07-10 16:00:00;2025-07-10 18:00:00;123,764681;100,199997
2025-07-10 17:00:00;2025-07-10 19:00:00;87,180834;114,389999
2025-07-10 18:00:00;2025-07-10 20:00:00;110,039549;134,669998
2025-07-10 19:00:00;2025-07-10 21:00:00;197,687249;132,699997
2025-07-10 20:00:00;2025-07-10 22:00:00;272,912416;120,879997
2025-07-10 21:00:00;2025-07-10 23:00:00;323,293454;107,690002
2025-07-10 22:00:00;2025-07-11 00:00:00;250,608334;104,750000
2025-07-10 23:00:00;2025-07-11 01:00:00;169,702705;99,570000
2025-07-11 00:00:00;2025-07-11 02:00:00;164,052461;95,000000
2025-07-11 01:00:00;2025-07-11 03:00:00;139,281845;90,690002
2025-07-11 02:00:00;2025-07-11 04:00:00;160,561505;91,529999
2025-07-11 03:00:00;2025-07-11 05:00:00;191,989388;99,400002
2025-07-11 04:00:00;2025-07-11 06:00:00;156,607334;107,410004
2025-07-11 05:00:00;2025-07-11 07:00:00;214,042714;105,919998
2025-07-11 06:00:00;2025-07-11 08:00:00;269,861962;105,180000
2025-07-11 07:00:00;2025-07-11 09:00:00;349,347399;93,300003
2025-07-11 08:00:00;2025-07-11 10:00:00;345,847675;82,900002
2025-07-11 09:00:00;2025-07-11 11:00:00;301,064463;73,150002
2025-07-11 10:00:00;2025-07-11 12:00:00;245,183423;63,820000
2025-07-11 11:00:00;2025-07-11 13:00:00;211,364827;42,160000
2025-07-11 12:00:00;2025-07-11 14:00:00;252,945636;32,040001
2025-07-11 13:00:00;2025-07-11 15:00:00;317,133524;38,099998
2025-07-11 14:00:00;2025-07-11 16:00:00;473,614696;59,549999
2025-07-11 15:00:00;2025-07-11 17:00:00;590,847007;83,150002
2025-07-11 16:00:00;2025-07-11 18:00:00;615,684662;86,440002
2025-07-11 17:00:00;2025-07-11 19:00:00;518,889504;101,930000
2025-07-11 18:00:00;2025-07-11 20:00:00;459,563274;117,500000
2025-07-11 19:00:00;2025-07-11 21:00:00;473,306372;118,080002
2025-07-11 20:00:00;2025-07-11 22:00:00;554,822346;113,800003
2025-07-11 21:00:00;2025-07-11 23:00:00;646,603561;103,820000
2025-07-11 22:00:00;2025-07-12 00:00:00;677,360703;112,230003
2025-07-11 23:00:00;2025-07-12 01:00:00;640,544707;104,570000
2025-07-12 00:00:00;2025-07-12 02:00:00;620,733364;90,199997
2025-07-12 01:00:00;2025-07-12 03:00:00;720,734654;85,000000
2025-07-12 02:00:00;2025-07-12 04:00:00;929,016964;85,660004
2025-07-12 03:00:00;2025-07-12 05:00:00;929,692083;84,559998
2025-07-12 04:00:00;2025-07-12 06:00:00;946,917354;75,000000
2025-07-12 05:00:00;2025-07-12 07:00:00;882,100656;71,650002
2025-07-12 06:00:00;2025-07-12 08:00:00;843,169768;66,800003
2025-07-12 07:00:00;2025-07-12 09:00:00;859,664007;40,590000
2025-07-12 08:00:00;2025-07-12 10:00:00;1008,723226;18,190001
2025-07-12 09:00:00;2025-07-12 11:00:00;711,775572;3,000000
2025-07-12 10:00:00;2025-07-12 12:00:00;325,562524;0,220000
2025-07-12 11:00:00;2025-07-12 13:00:00;282,294800;0,000000
2025-07-12 12:00:00;2025-07-12 14:00:00;139,544100;0,000000
2025-07-12 13:00:00;2025-07-12 15:00:00;274,578869;0,220000
2025-07-12 14:00:00;2025-07-12 16:00:00;628,869774;16,770000
2025-07-12 15:00:00;2025-07-12 17:00:00;543,664905;71,269997
2025-07-12 16:00:00;2025-07-12 18:00:00;490,556838;102,000000
2025-07-12 17:00:00;2025-07-12 19:00:00;575,104126;106,849998
2025-07-12 18:00:00;2025-07-12 20:00:00;567,956748;120,000000
2025-07-12 19:00:00;2025-07-12 21:00:00;401,930569;125,019997
2025-07-12 20:00:00;2025-07-12 22:00:00;493,983244;125,000000
2025-07-12 21:00:00;2025-07-12 23:00:00;467,986087;115,419998
2025-07-12 22:00:00;2025-07-13 00:00:00;654,246990;115,349998
2025-07-12 23:00:00;2025-07-13 01:00:00;716,882320;109,139999
2025-07-13 00:00:00;2025-07-13 02:00:00;522,047340;108,419998
2025-07-13 01:00:00;2025-07-13 03:00:00;493,544418;107,349998
2025-07-13 02:00:00;2025-07-13 04:00:00;552,965493;104,639999
2025-07-13 03:00:00;2025-07-13 05:00:00;566,520571;100,849998
2025-07-13 04:00:00;2025-07-13 06:00:00;559,248436;95,800003
2025-07-13 05:00:00;2025-07-13 07:00:00;552,618005;92,180000
2025-07-13 06:00:00;2025-07-13 08:00:00;605,337652;87,940002
2025-07-13 07:00:00;2025-07-13 09:00:00;640,790478;57,619999
2025-07-13 08:00:00;2025-07-13 10:00:00;688,599738;4,280000
2025-07-13 09:00:00;2025-07-13 11:00:00;348,347389;0,050000
2025-07-13 10:00:00;2025-07-13 12:00:00;178,968104;0,000000
2025-07-13 11:00:00;2025-07-13 13:00:00;18,514200;0,000000
2025-07-13 12:00:00;2025-07-13 14:00:00;78,392881;0,000000
2025-07-13 13:00:00;2025-07-13 15:00:00;33,094600;0,000000
2025-07-13 14:00:00;2025-07-13 16:00:00;375,691675;2,360000
2025-07-13 15:00:00;2025-07-13 17:00:00;641,823755;73,400002
2025-07-13 16:00:00;2025-07-13 18:00:00;544,847634;100,610001
2025-07-13 17:00:00;2025-07-13 19:00:00;480,859607;113,739998
2025-07-13 18:00:00;2025-07-13 20:00:00;372,029267;120,000000
2025-07-13 19:00:00;2025-07-13 21:00:00;344,117256;127,699997
2025-07-13 20:00:00;2025-07-13 22:00:00;324,724109;126,940002
2025-07-13 21:00:00;2025-07-13 23:00:00;270,117600;115,410004
2025-07-13 22:00:00;2025-07-14 00:00:00;312,811026;114,019997
2025-07-13 23:00:00;2025-07-14 01:00:00;431,219108;104,010002
2025-07-14 00:00:00;2025-07-14 02:00:00;385,250285;98,169998
2025-07-14 01:00:00;2025-07-14 03:00:00;338,463694;94,940002
2025-07-14 02:00:00;2025-07-14 04:00:00;324,236461;99,110001
2025-07-14 03:00:00;2025-07-14 05:00:00;325,768644;107,180000
2025-07-14 04:00:00;2025-07-14 06:00:00;269,362847;117,870003
2025-07-14 05:00:00;2025-07-14 07:00:00;154,667305;121,620003
2025-07-14 06:00:00;2025-07-14 08:00:00;97,210561;112,059998
2025-07-14 07:00:00;2025-07-14 09:00:00;105,397701;92,430000
2025-07-14 08:00:00;2025-07-14 10:00:00;90,954900;84,580002
2025-07-14 09:00:00;2025-07-14 11:00:00;81,176100;79,669998
2025-07-14 10:00:00;2025-07-14 12:00:00;56,054700;70,980003
2025-07-14 11:00:00;2025-07-14 13:00:00;64,577100;64,169998
2025-07-14 12:00:00;2025-07-14 14:00:00;56,751000;57,150002
2025-07-14 13:00:00;2025-07-14 15:00:00;40,209200;55,820000
2025-07-14 14:00:00;2025-07-14 16:00:00;39,182600;71,099998
2025-07-14 15:00:00;2025-07-14 17:00:00;16,369300;84,580002
2025-07-14 16:00:00;2025-07-14 18:00:00;13,402300;98,940002
2025-07-14 17:00:00;2025-07-14 19:00:00;9,203500;110,110001
2025-07-14 18:00:00;2025-07-14 20:00:00;5,080300;139,990005
2025-07-14 19:00:00;2025-07-14 21:00:00;0,051300;141,570007
2025-07-14 20:00:00;2025-07-14 22:00:00;0,000000;126,139999
2025-07-14 21:00:00;2025-07-14 23:00:00;1,287800;115,150002
2025-07-14 22:00:00;2025-07-15 00:00:00;3,275900;106,099998
2025-07-14 23:00:00;2025-07-15 01:00:00;7,084699;103,059998
2025-07-15 00:00:00;2025-07-15 02:00:00;7,137111;93,860001
2025-07-15 01:00:00;2025-07-15 03:00:00;22,504378;88,279999
2025-07-15 02:00:00;2025-07-15 04:00:00;15,507459;87,120003
2025-07-15 03:00:00;2025-07-15 05:00:00;21,202507;93,000000
2025-07-15 04:00:00;2025-07-15 06:00:00;45,127657;110,330002
2025-07-15 05:00:00;2025-07-15 07:00:00;46,812265;113,410004
2025-07-15 06:00:00;2025-07-15 08:00:00;39,715385;106,860001
2025-07-15 07:00:00;2025-07-15 09:00:00;52,721882;90,820000
2025-07-15 08:00:00;2025-07-15 10:00:00;49,405705;77,669998
2025-07-15 09:00:00;2025-07-15 11:00:00;253,483164;65,000000
2025-07-15 10:00:00;2025-07-15 12:00:00;331,927796;59,189999
2025-07-15 11:00:00;2025-07-15 13:00:00;548,627135;47,259998
2025-07-15 12:00:00;2025-07-15 14:00:00;674,087435;40,200001
2025-07-15 13:00:00;2025-07-15 15:00:00;590,219155;42,570000
2025-07-15 14:00:00;2025-07-15 16:00:00;492,080651;65,000000
2025-07-15 15:00:00;2025-07-15 17:00:00;469,473744;84,870003
2025-07-15 16:00:00;2025-07-15 18:00:00;487,402361;101,540001
2025-07-15 17:00:00;2025-07-15 19:00:00;403,795656;108,150002
2025-07-15 18:00:00;2025-07-15 20:00:00;327,354032;119,779999
2025-07-15 19:00:00;2025-07-15 21:00:00;224,725638;141,990005
2025-07-15 20:00:00;2025-07-15 22:00:00;154,210237;121,279999
2025-07-15 21:00:00;2025-07-15 23:00:00;176,107026;112,449997
2025-07-15 22:00:00;2025-07-16 00:00:00;186,571684;97,629997
2025-07-15 23:00:00;2025-07-16 01:00:00;141,828279;93,989998
2025-07-16 00:00:00;2025-07-16 02:00:00;77,143663;86,669998
2025-07-16 01:00:00;2025-07-16 03:00:00;59,859740;83,430000
2025-07-16 02:00:00;2025-07-16 04:00:00;94,681288;84,260002
2025-07-16 03:00:00;2025-07-16 05:00:00;105,134500;90,410004
2025-07-16 04:00:00;2025-07-16 06:00:00;98,307600;105,739998
2025-07-16 05:00:00;2025-07-16 07:00:00;97,468100;112,629997
2025-07-16 06:00:00;2025-07-16 08:00:00;102,808700;111,919998
2025-07-16 07:00:00;2025-07-16 09:00:00;78,394000;104,209999
2025-07-16 08:00:00;2025-07-16 10:00:00;78,277700;89,800003
2025-07-16 09:00:00;2025-07-16 11:00:00;93,853704;85,650002
2025-07-16 10:00:00;2025-07-16 12:00:00;101,751932;81,959999
2025-07-16 11:00:00;2025-07-16 13:00:00;119,341494;78,620003
2025-07-16 12:00:00;2025-07-16 14:00:00;138,019434;68,059998
2025-07-16 13:00:00;2025-07-16 15:00:00;168,745256;69,199997
2025-07-16 14:00:00;2025-07-16 16:00:00;170,975715;80,860001
2025-07-16 15:00:00;2025-07-16 17:00:00;153,407724;89,089996
2025-07-16 16:00:00;2025-07-16 18:00:00;154,775185;95,489998
2025-07-16 17:00:00;2025-07-16 19:00:00;115,529199;108,370003
2025-07-16 18:00:00;2025-07-16 20:00:00;98,758285;119,720001
2025-07-16 19:00:00;2025-07-16 21:00:00;137,261788;129,039993
2025-07-16 20:00:00;2025-07-16 22:00:00;232,384110;120,709999
2025-07-16 21:00:00;2025-07-16 23:00:00;231,943013;110,550003
2025-07-16 22:00:00;2025-07-17 00:00:00;255,223823;103,760002
2025-07-16 23:00:00;2025-07-17 01:00:00;271,850056;98,330002
2025-07-17 00:00:00;2025-07-17 02:00:00;309,044415;89,959999
2025-07-17 01:00:00;2025-07-17 03:00:00;521,282054;84,809998
2025-07-17 02:00:00;2025-07-17 04:00:00;602,049621;85,760002
2025-07-17 03:00:00;2025-07-17 05:00:00;493,485534;89,000000
2025-07-17 04:00:00;2025-07-17 06:00:00;385,596646;92,540001
2025-07-17 05:00:00;2025-07-17 07:00:00;375,208590;110,330002
2025-07-17 06:00:00;2025-07-17 08:00:00;436,756236;105,919998
2025-07-17 07:00:00;2025-07-17 09:00:00;515,219000;93,099998
2025-07-17 08:00:00;2025-07-17 10:00:00;473,729357;85,000000
2025-07-17 09:00:00;2025-07-17 11:00:00;342,633120;77,070000
2025-07-17 10:00:00;2025-07-17 12:00:00;315,034362;70,169998
2025-07-17 11:00:00;2025-07-17 13:00:00;350,390316;55,259998
2025-07-17 12:00:00;2025-07-17 14:00:00;401,462395;49,779999
2025-07-17 13:00:00;2025-07-17 15:00:00;402,157420;66,180000
2025-07-17 14:00:00;2025-07-17 16:00:00;374,796535;74,790001
2025-07-17 15:00:00;2025-07-17 17:00:00;378,297148;82,709999
2025-07-17 16:00:00;2025-07-17 18:00:00;322,701693;94,980003
2025-07-17 17:00:00;2025-07-17 19:00:00;311,992653;109,730003
2025-07-17 18:00:00;2025-07-17 20:00:00;212,875519;120,750000
2025-07-17 19:00:00;2025-07-17 21:00:00;140,506743;132,000000
2025-07-17 20:00:00;2025-07-17 22:00:00;109,785924;125,070000
2025-07-17 21:00:00;2025-07-17 23:00:00;39,898553;114,180000
2025-07-17 22:00:00;2025-07-18 00:00:00;14,360000;106,800003
2025-07-17 23:00:00;2025-07-18 01:00:00;9,988897;99,150002
2025-07-18 00:00:00;2025-07-18 02:00:00;4,000000;95,360001
2025-07-18 01:00:00;2025-07-18 03:00:00;4,000000;96,370003
2025-07-18 02:00:00;2025-07-18 04:00:00;0,044000;98,660004
2025-07-18 03:00:00;2025-07-18 05:00:00;1,238100;108,230003
2025-07-18 04:00:00;2025-07-18 06:00:00;6,782100;115,919998
2025-07-18 05:00:00;2025-07-18 07:00:00;18,281400;116,169998
2025-07-18 06:00:00;2025-07-18 08:00:00;40,477100;109,389999
2025-07-18 07:00:00;2025-07-18 09:00:00;38,032682;98,129997
2025-07-18 08:00:00;2025-07-18 10:00:00;35,698576;84,980003
2025-07-18 09:00:00;2025-07-18 11:00:00;26,031839;82,019997
2025-07-18 10:00:00;2025-07-18 12:00:00;20,014800;80,000000
2025-07-18 11:00:00;2025-07-18 13:00:00;16,497312;73,019997
2025-07-18 12:00:00;2025-07-18 14:00:00;31,601929;71,199997
2025-07-18 13:00:00;2025-07-18 15:00:00;35,276069;72,680000
2025-07-18 14:00:00;2025-07-18 16:00:00;55,219520;79,989998
2025-07-18 15:00:00;2025-07-18 17:00:00;25,997911;84,070000
2025-07-18 16:00:00;2025-07-18 18:00:00;7,095778;99,919998
2025-07-18 17:00:00;2025-07-18 19:00:00;8,971437;120,000000
2025-07-18 18:00:00;2025-07-18 20:00:00;1,816100;146,550003
2025-07-18 19:00:00;2025-07-18 21:00:00;9,888100;144,440002
2025-07-18 20:00:00;2025-07-18 22:00:00;3,107100;125,879997
2025-07-18 21:00:00;2025-07-18 23:00:00;0,473800;113,480003
2025-07-18 22:00:00;2025-07-19 00:00:00;0,937300;107,599998
2025-07-18 23:00:00;2025-07-19 01:00:00;0,687500;105,349998
2025-07-19 00:00:00;2025-07-19 02:00:00;0,333800;103,190002
2025-07-19 01:00:00;2025-07-19 03:00:00;0,083700;101,629997
2025-07-19 02:00:00;2025-07-19 04:00:00;0,000000;98,379997
2025-07-19 03:00:00;2025-07-19 05:00:00;0,000000;93,690002
2025-07-19 04:00:00;2025-07-19 06:00:00;0,112900;98,389999
2025-07-19 05:00:00;2025-07-19 07:00:00;1,223000;86,889999
2025-07-19 06:00:00;2025-07-19 08:00:00;3,063000;78,889999
2025-07-19 07:00:00;2025-07-19 09:00:00;7,579500;52,980000
2025-07-19 08:00:00;2025-07-19 10:00:00;23,415900;10,000000
2025-07-19 09:00:00;2025-07-19 11:00:00;22,576500;0,650000
2025-07-19 10:00:00;2025-07-19 12:00:00;16,197400;0,000000
2025-07-19 11:00:00;2025-07-19 13:00:00;14,056000;-0,010000
2025-07-19 12:00:00;2025-07-19 14:00:00;22,296800;0,000000
2025-07-19 13:00:00;2025-07-19 15:00:00;26,472454;2,080000
2025-07-19 14:00:00;2025-07-19 16:00:00;42,821080;29,330000
2025-07-19 15:00:00;2025-07-19 17:00:00;61,375073;76,849998
2025-07-19 16:00:00;2025-07-19 18:00:00;165,772330;98,400002
2025-07-19 17:00:00;2025-07-19 19:00:00;221,333169;114,470001
2025-07-19 18:00:00;2025-07-19 20:00:00;112,506104;112,870003
2025-07-19 19:00:00;2025-07-19 21:00:00;238,720841;108,080002
2025-07-19 20:00:00;2025-07-19 22:00:00;406,942605;105,629997
2025-07-19 21:00:00;2025-07-19 23:00:00;545,908467;98,070000
2025-07-19 22:00:00;2025-07-20 00:00:00;563,772272;85,410004
2025-07-19 23:00:00;2025-07-20 01:00:00;626,934377;88,940002
2025-07-20 00:00:00;2025-07-20 02:00:00;626,356284;89,269997
2025-07-20 01:00:00;2025-07-20 03:00:00;646,990477;94,180000
2025-07-20 02:00:00;2025-07-20 04:00:00;667,682420;101,699997
2025-07-20 03:00:00;2025-07-20 05:00:00;615,180667;98,269997
2025-07-20 04:00:00;2025-07-20 06:00:00;637,696206;97,199997
2025-07-20 05:00:00;2025-07-20 07:00:00;642,393143;80,589996
2025-07-20 06:00:00;2025-07-20 08:00:00;583,849217;77,860001
2025-07-20 07:00:00;2025-07-20 09:00:00;545,240712;44,580002
2025-07-20 08:00:00;2025-07-20 10:00:00;345,750597;9,040000
2025-07-20 09:00:00;2025-07-20 11:00:00;166,152971;2,070000
2025-07-20 10:00:00;2025-07-20 12:00:00;63,043667;0,000000
2025-07-20 11:00:00;2025-07-20 13:00:00;27,335266;-0,010000
2025-07-20 12:00:00;2025-07-20 14:00:00;52,254594;0,000000
2025-07-20 13:00:00;2025-07-20 15:00:00;250,406577;9,090000
2025-07-20 14:00:00;2025-07-20 16:00:00;281,857441;69,330002
2025-07-20 15:00:00;2025-07-20 17:00:00;191,157493;92,739998
2025-07-20 16:00:00;2025-07-20 18:00:00;146,218526;100,260002
2025-07-20 17:00:00;2025-07-20 19:00:00;119,146641;112,000000
2025-07-20 18:00:00;2025-07-20 20:00:00;243,604925;116,000000
2025-07-20 19:00:00;2025-07-20 21:00:00;496,330564;115,010002
2025-07-20 20:00:00;2025-07-20 22:00:00;567,656307;114,849998
2025-07-20 21:00:00;2025-07-20 23:00:00;689,875075;105,050003
2025-07-20 22:00:00;2025-07-21 00:00:00;797,959727;87,080002
2025-07-20 23:00:00;2025-07-21 01:00:00;818,784127;79,730003
2025-07-21 00:00:00;2025-07-21 02:00:00;651,189464;83,480003
2025-07-21 01:00:00;2025-07-21 03:00:00;505,638562;83,300003
2025-07-21 02:00:00;2025-07-21 04:00:00;425,898828;83,489998
2025-07-21 03:00:00;2025-07-21 05:00:00;327,434521;92,860001
2025-07-21 04:00:00;2025-07-21 06:00:00;398,468189;98,900002
2025-07-21 05:00:00;2025-07-21 07:00:00;452,398938;100,839996
2025-07-21 06:00:00;2025-07-21 08:00:00;475,543130;97,839996
2025-07-21 07:00:00;2025-07-21 09:00:00;503,111094;109,639999
2025-07-21 08:00:00;2025-07-21 10:00:00;533,621608;105,989998
2025-07-21 09:00:00;2025-07-21 11:00:00;506,755636;98,879997
2025-07-21 10:00:00;2025-07-21 12:00:00;399,659107;84,900002
2025-07-21 11:00:00;2025-07-21 13:00:00;238,755753;81,730003
2025-07-21 12:00:00;2025-07-21 14:00:00;215,995475;85,790001
2025-07-21 13:00:00;2025-07-21 15:00:00;246,701700;87,959999
2025-07-21 14:00:00;2025-07-21 16:00:00;196,396100;90,949997
2025-07-21 15:00:00;2025-07-21 17:00:00;176,388400;104,300003
2025-07-21 16:00:00;2025-07-21 18:00:00;125,109100;105,820000
2025-07-21 17:00:00;2025-07-21 19:00:00;140,566700;119,690002
2025-07-21 18:00:00;2025-07-21 20:00:00;80,192000;123,250000
2025-07-21 19:00:00;2025-07-21 21:00:00;32,865500;120,089996
2025-07-21 20:00:00;2025-07-21 22:00:00;31,616300;108,760002
2025-07-21 21:00:00;2025-07-21 23:00:00;24,965900;100,040001
2025-07-21 22:00:00;2025-07-22 00:00:00;5,067582;92,790001
2025-07-21 23:00:00;2025-07-22 01:00:00;38,614088;87,199997
2025-07-22 00:00:00;2025-07-22 02:00:00;59,259031;85,480003
2025-07-22 01:00:00;2025-07-22 03:00:00;87,127173;82,000000
2025-07-22 02:00:00;2025-07-22 04:00:00;83,173302;81,000000
2025-07-22 03:00:00;2025-07-22 05:00:00;59,337324;89,279999
2025-07-22 04:00:00;2025-07-22 06:00:00;76,623211;108,800003
2025-07-22 05:00:00;2025-07-22 07:00:00;73,467868;109,279999
2025-07-22 06:00:00;2025-07-22 08:00:00;60,764000;102,489998
2025-07-22 07:00:00;2025-07-22 09:00:00;80,765900;91,290001
2025-07-22 08:00:00;2025-07-22 10:00:00;174,108600;81,730003
2025-07-22 09:00:00;2025-07-22 11:00:00;149,727500;68,410004
2025-07-22 10:00:00;2025-07-22 12:00:00;141,505968;39,630001
2025-07-22 11:00:00;2025-07-22 13:00:00;218,536554;10,710000
2025-07-22 12:00:00;2025-07-22 14:00:00;280,626177;9,990000
2025-07-22 13:00:00;2025-07-22 15:00:00;469,466282;4,630000
2025-07-22 14:00:00;2025-07-22 16:00:00;639,668528;36,900002
2025-07-22 15:00:00;2025-07-22 17:00:00;691,475886;75,790001
2025-07-22 16:00:00;2025-07-22 18:00:00;916,799700;88,980003
2025-07-22 17:00:00;2025-07-22 19:00:00;727,216380;108,570000
2025-07-22 18:00:00;2025-07-22 20:00:00;822,462225;112,559998
2025-07-22 19:00:00;2025-07-22 21:00:00;918,100981;113,220001
2025-07-22 20:00:00;2025-07-22 22:00:00;969,522052;108,480003
2025-07-22 21:00:00;2025-07-22 23:00:00;1118,498186;102,930000
2025-07-22 22:00:00;2025-07-23 00:00:00;1135,387287;76,000000
2025-07-22 23:00:00;2025-07-23 01:00:00;1067,116704;70,000000
2025-07-23 00:00:00;2025-07-23 02:00:00;1016,702769;66,790001
2025-07-23 01:00:00;2025-07-23 03:00:00;897,373074;67,720001
2025-07-23 02:00:00;2025-07-23 04:00:00;870,790441;70,360001
2025-07-23 03:00:00;2025-07-23 05:00:00;712,712329;79,800003
2025-07-23 04:00:00;2025-07-23 06:00:00;459,498457;84,550003
2025-07-23 05:00:00;2025-07-23 07:00:00;271,882624;99,870003
2025-07-23 06:00:00;2025-07-23 08:00:00;215,083939;96,500000
2025-07-23 07:00:00;2025-07-23 09:00:00;164,255580;81,690002
2025-07-23 08:00:00;2025-07-23 10:00:00;100,749667;67,300003
2025-07-23 09:00:00;2025-07-23 11:00:00;80,514875;53,500000
2025-07-23 10:00:00;2025-07-23 12:00:00;77,391274;33,720001
2025-07-23 11:00:00;2025-07-23 13:00:00;95,740567;25,610001
2025-07-23 12:00:00;2025-07-23 14:00:00;124,322453;26,820000
2025-07-23 13:00:00;2025-07-23 15:00:00;136,774142;40,299999
2025-07-23 14:00:00;2025-07-23 16:00:00;163,954102;67,809998
2025-07-23 15:00:00;2025-07-23 17:00:00;168,533784;78,050003
2025-07-23 16:00:00;2025-07-23 18:00:00;149,668769;86,070000
2025-07-23 17:00:00;2025-07-23 19:00:00;122,281777;105,000000
2025-07-23 18:00:00;2025-07-23 20:00:00;123,204163;112,980003
2025-07-23 19:00:00;2025-07-23 21:00:00;63,687385;119,739998
2025-07-23 20:00:00;2025-07-23 22:00:00;100,672478;110,540001
2025-07-23 21:00:00;2025-07-23 23:00:00;241,755543;103,059998
2025-07-23 22:00:00;2025-07-24 00:00:00;380,422103;97,820000
2025-07-23 23:00:00;2025-07-24 01:00:00;303,563698;94,080002
2025-07-24 00:00:00;2025-07-24 02:00:00;179,238791;89,290001
2025-07-24 01:00:00;2025-07-24 03:00:00;138,330271;89,290001
2025-07-24 02:00:00;2025-07-24 04:00:00;141,634907;93,449997
2025-07-24 03:00:00;2025-07-24 05:00:00;92,199794;100,970001
2025-07-24 04:00:00;2025-07-24 06:00:00;66,207115;109,220001
2025-07-24 05:00:00;2025-07-24 07:00:00;72,142269;104,099998
2025-07-24 06:00:00;2025-07-24 08:00:00;90,630316;110,400002
2025-07-24 07:00:00;2025-07-24 09:00:00;96,561103;96,220001
2025-07-24 08:00:00;2025-07-24 10:00:00;113,774050;89,169998
2025-07-24 09:00:00;2025-07-24 11:00:00;123,564696;84,389999
2025-07-24 10:00:00;2025-07-24 12:00:00;126,033326;82,169998
2025-07-24 11:00:00;2025-07-24 13:00:00;167,837385;80,430000
2025-07-24 12:00:00;2025-07-24 14:00:00;242,377757;82,050003
2025-07-24 13:00:00;2025-07-24 15:00:00;378,631455;84,769997
2025-07-24 14:00:00;2025-07-24 16:00:00;353,555287;88,510002
2025-07-24 15:00:00;2025-07-24 17:00:00;225,295698;95,010002
2025-07-24 16:00:00;2025-07-24 18:00:00;139,507011;104,000000
2025-07-24 17:00:00;2025-07-24 19:00:00;193,787139;116,389999
2025-07-24 18:00:00;2025-07-24 20:00:00;279,900862;154,160004
2025-07-24 19:00:00;2025-07-24 21:00:00;456,536283;140,639999
2025-07-24 20:00:00;2025-07-24 22:00:00;431,977990;118,379997
2025-07-24 21:00:00;2025-07-24 23:00:00;415,478934;108,599998
2025-07-24 22:00:00;2025-07-25 00:00:00;358,351730;111,269997
2025-07-24 23:00:00;2025-07-25 01:00:00;247,685613;103,669998
2025-07-25 00:00:00;2025-07-25 02:00:00;354,609087;97,050003
2025-07-25 01:00:00;2025-07-25 03:00:00;585,800495;92,639999
2025-07-25 02:00:00;2025-07-25 04:00:00;494,426550;91,709999
2025-07-25 03:00:00;2025-07-25 05:00:00;454,214400;94,220001
2025-07-25 04:00:00;2025-07-25 06:00:00;532,684581;106,099998
2025-07-25 05:00:00;2025-07-25 07:00:00;514,290525;108,000000
2025-07-25 06:00:00;2025-07-25 08:00:00;493,770279;110,849998
2025-07-25 07:00:00;2025-07-25 09:00:00;473,399069;98,199997
2025-07-25 08:00:00;2025-07-25 10:00:00;390,282423;94,080002
2025-07-25 09:00:00;2025-07-25 11:00:00;373,907519;85,150002
2025-07-25 10:00:00;2025-07-25 12:00:00;404,369216;83,089996
2025-07-25 11:00:00;2025-07-25 13:00:00;456,438439;78,699997
2025-07-25 12:00:00;2025-07-25 14:00:00;481,012085;74,930000
2025-07-25 13:00:00;2025-07-25 15:00:00;543,478850;75,139999
2025-07-25 14:00:00;2025-07-25 16:00:00;503,479826;78,830002
2025-07-25 15:00:00;2025-07-25 17:00:00;540,123152;81,519997
2025-07-25 16:00:00;2025-07-25 18:00:00;597,819058;87,629997
2025-07-25 17:00:00;2025-07-25 19:00:00;672,489626;92,970001
2025-07-25 18:00:00;2025-07-25 20:00:00;605,131833;108,209999
2025-07-25 19:00:00;2025-07-25 21:00:00;592,378903;121,209999
2025-07-25 20:00:00;2025-07-25 22:00:00;537,564177;112,599998
2025-07-25 21:00:00;2025-07-25 23:00:00;558,162958;110,250000
2025-07-25 22:00:00;2025-07-26 00:00:00;586,672452;106,760002
2025-07-25 23:00:00;2025-07-26 01:00:00;627,379799;100,699997
2025-07-26 00:00:00;2025-07-26 02:00:00;560,606226;93,730003
2025-07-26 01:00:00;2025-07-26 03:00:00;556,489659;91,599998
2025-07-26 02:00:00;2025-07-26 04:00:00;549,906942;90,080002
2025-07-26 03:00:00;2025-07-26 05:00:00;578,227882;89,360001
2025-07-26 04:00:00;2025-07-26 06:00:00;524,572745;92,389999
2025-07-26 05:00:00;2025-07-26 07:00:00;459,849415;90,910004
2025-07-26 06:00:00;2025-07-26 08:00:00;408,749145;84,680000
2025-07-26 07:00:00;2025-07-26 09:00:00;382,178750;83,160004
2025-07-26 08:00:00;2025-07-26 10:00:00;321,563319;79,589996
2025-07-26 09:00:00;2025-07-26 11:00:00;283,221121;75,199997
2025-07-26 10:00:00;2025-07-26 12:00:00;289,912148;66,419998
2025-07-26 11:00:00;2025-07-26 13:00:00;230,283529;49,869999
2025-07-26 12:00:00;2025-07-26 14:00:00;189,851617;50,090000
2025-07-26 13:00:00;2025-07-26 15:00:00;190,879885;65,199997
2025-07-26 14:00:00;2025-07-26 16:00:00;287,969569;66,370003
2025-07-26 15:00:00;2025-07-26 17:00:00;278,681345;76,209999
2025-07-26 16:00:00;2025-07-26 18:00:00;276,326640;93,610001
2025-07-26 17:00:00;2025-07-26 19:00:00;295,197338;106,599998
2025-07-26 18:00:00;2025-07-26 20:00:00;261,287231;121,949997
2025-07-26 19:00:00;2025-07-26 21:00:00;303,750683;127,070000
2025-07-26 20:00:00;2025-07-26 22:00:00;254,767104;116,720001
2025-07-26 21:00:00;2025-07-26 23:00:00;230,741792;108,800003
2025-07-26 22:00:00;2025-07-27 00:00:00;287,725308;104,639999
2025-07-26 23:00:00;2025-07-27 01:00:00;272,527597;99,470001
2025-07-27 00:00:00;2025-07-27 02:00:00;202,277282;95,010002
2025-07-27 01:00:00;2025-07-27 03:00:00;210,759309;92,070000
2025-07-27 02:00:00;2025-07-27 04:00:00;238,497796;91,989998
2025-07-27 03:00:00;2025-07-27 05:00:00;310,901840;89,879997
2025-07-27 04:00:00;2025-07-27 06:00:00;322,710337;88,790001
2025-07-27 05:00:00;2025-07-27 07:00:00;384,218025;86,580002
2025-07-27 06:00:00;2025-07-27 08:00:00;402,094783;83,760002
2025-07-27 07:00:00;2025-07-27 09:00:00;341,517254;81,709999
2025-07-27 08:00:00;2025-07-27 10:00:00;290,490412;75,910004
2025-07-27 09:00:00;2025-07-27 11:00:00;257,750929;70,519997
2025-07-27 10:00:00;2025-07-27 12:00:00;252,442071;45,930000
2025-07-27 11:00:00;2025-07-27 13:00:00;231,531240;15,040000
2025-07-27 12:00:00;2025-07-27 14:00:00;270,497838;8,850000
2025-07-27 13:00:00;2025-07-27 15:00:00;313,003641;17,299999
2025-07-27 14:00:00;2025-07-27 16:00:00;357,841864;45,740002
2025-07-27 15:00:00;2025-07-27 17:00:00;360,195501;82,360001
2025-07-27 16:00:00;2025-07-27 18:00:00;377,116023;95,660004
2025-07-27 17:00:00;2025-07-27 19:00:00;334,865585;102,470001
2025-07-27 18:00:00;2025-07-27 20:00:00;375,750278;107,949997
2025-07-27 19:00:00;2025-07-27 21:00:00;377,483295;114,709999
2025-07-27 20:00:00;2025-07-27 22:00:00;460,158479;107,330002
2025-07-27 21:00:00;2025-07-27 23:00:00;434,497339;102,690002
2025-07-27 22:00:00;2025-07-28 00:00:00;428,757832;100,000000
2025-07-27 23:00:00;2025-07-28 01:00:00;495,499717;88,769997
2025-07-28 00:00:00;2025-07-28 02:00:00;475,972204;83,500000
2025-07-28 01:00:00;2025-07-28 03:00:00;557,138554;77,620003
2025-07-28 02:00:00;2025-07-28 04:00:00;621,080948;76,000000
2025-07-28 03:00:00;2025-07-28 05:00:00;839,876294;84,339996
2025-07-28 04:00:00;2025-07-28 06:00:00;853,825316;94,980003
2025-07-28 05:00:00;2025-07-28 07:00:00;880,688689;108,610001
2025-07-28 06:00:00;2025-07-28 08:00:00;868,705671;112,000000
2025-07-28 07:00:00;2025-07-28 09:00:00;827,839181;92,970001
2025-07-28 08:00:00;2025-07-28 10:00:00;877,462701;82,000000
2025-07-28 09:00:00;2025-07-28 11:00:00;880,377917;15,270000
2025-07-28 10:00:00;2025-07-28 12:00:00;867,140745;13,280000
2025-07-28 11:00:00;2025-07-28 13:00:00;839,095327;18,670000
2025-07-28 12:00:00;2025-07-28 14:00:00;801,168452;13,410000
2025-07-28 13:00:00;2025-07-28 15:00:00;720,424575;19,000000
2025-07-28 14:00:00;2025-07-28 16:00:00;708,531332;6,700000
2025-07-28 15:00:00;2025-07-28 17:00:00;723,459308;28,150000
2025-07-28 16:00:00;2025-07-28 18:00:00;780,296624;58,720001
2025-07-28 17:00:00;2025-07-28 19:00:00;781,911982;90,040001
2025-07-28 18:00:00;2025-07-28 20:00:00;937,994996;110,919998
2025-07-28 19:00:00;2025-07-28 21:00:00;1001,837786;109,739998
2025-07-28 20:00:00;2025-07-28 22:00:00;1007,108990;103,790001
2025-07-28 21:00:00;2025-07-28 23:00:00;1083,303989;89,949997
2025-07-28 22:00:00;2025-07-29 00:00:00;1202,624082;85,209999
2025-07-28 23:00:00;2025-07-29 01:00:00;1213,386385;80,480003
2025-07-29 00:00:00;2025-07-29 02:00:00;1185,431638;79,360001
2025-07-29 01:00:00;2025-07-29 03:00:00;1230,714007;78,220001
2025-07-29 02:00:00;2025-07-29 04:00:00;1247,381006;79,290001
2025-07-29 03:00:00;2025-07-29 05:00:00;1266,500671;80,519997
2025-07-29 04:00:00;2025-07-29 06:00:00;1293,963086;82,599998
2025-07-29 05:00:00;2025-07-29 07:00:00;1322,359870;91,989998
2025-07-29 06:00:00;2025-07-29 08:00:00;1268,128246;58,209999
2025-07-29 07:00:00;2025-07-29 09:00:00;1208,871403;4,080000
2025-07-29 08:00:00;2025-07-29 10:00:00;700,369670;2,360000
2025-07-29 09:00:00;2025-07-29 11:00:00;613,132360;2,310000
2025-07-29 10:00:00;2025-07-29 12:00:00;628,645219;2,330000
2025-07-29 11:00:00;2025-07-29 13:00:00;866,828405;2,540000
2025-07-29 12:00:00;2025-07-29 14:00:00;596,066984;1,070000
2025-07-29 13:00:00;2025-07-29 15:00:00;1206,567573;3,830000
2025-07-29 14:00:00;2025-07-29 16:00:00;1224,344930;3,900000
2025-07-29 15:00:00;2025-07-29 17:00:00;1270,964307;16,080000
2025-07-29 16:00:00;2025-07-29 18:00:00;1244,365626;81,500000
2025-07-29 17:00:00;2025-07-29 19:00:00;1249,351741;103,260002
2025-07-29 18:00:00;2025-07-29 20:00:00;1229,102833;123,559998
2025-07-29 19:00:00;2025-07-29 21:00:00;1120,377865;125,010002
2025-07-29 20:00:00;2025-07-29 22:00:00;1180,218465;111,940002
2025-07-29 21:00:00;2025-07-29 23:00:00;1148,178573;101,699997
2025-07-29 22:00:00;2025-07-30 00:00:00;1081,903120;83,010002
2025-07-29 23:00:00;2025-07-30 01:00:00;1075,613190;79,019997
2025-07-30 00:00:00;2025-07-30 02:00:00;1011,272073;78,389999
2025-07-30 01:00:00;2025-07-30 03:00:00;1043,988882;75,989998
2025-07-30 02:00:00;2025-07-30 04:00:00;971,613173;75,650002
2025-07-30 03:00:00;2025-07-30 05:00:00;923,484720;76,500000
2025-07-30 04:00:00;2025-07-30 06:00:00;792,990370;79,879997
2025-07-30 05:00:00;2025-07-30 07:00:00;698,223672;90,000000
2025-07-30 06:00:00;2025-07-30 08:00:00;695,268328;93,879997
2025-07-30 07:00:00;2025-07-30 09:00:00;685,899921;79,019997
2025-07-30 08:00:00;2025-07-30 10:00:00;624,052321;63,290001
2025-07-30 09:00:00;2025-07-30 11:00:00;427,900750;40,430000
2025-07-30 10:00:00;2025-07-30 12:00:00;141,820834;24,790001
2025-07-30 11:00:00;2025-07-30 13:00:00;450,037280;17,690001
2025-07-30 12:00:00;2025-07-30 14:00:00;296,173102;10,700000
2025-07-30 13:00:00;2025-07-30 15:00:00;399,525357;28,030001
2025-07-30 14:00:00;2025-07-30 16:00:00;569,290631;45,610001
2025-07-30 15:00:00;2025-07-30 17:00:00;435,258711;75,680000
2025-07-30 16:00:00;2025-07-30 18:00:00;350,251425;90,320000
2025-07-30 17:00:00;2025-07-30 19:00:00;262,946195;101,860001
2025-07-30 18:00:00;2025-07-30 20:00:00;417,807273;109,070000
2025-07-30 19:00:00;2025-07-30 21:00:00;465,477914;109,000000
2025-07-30 20:00:00;2025-07-30 22:00:00;492,361117;104,000000
2025-07-30 21:00:00;2025-07-30 23:00:00;489,466038;92,410004
2025-07-30 22:00:00;2025-07-31 00:00:00;415,181708;88,930000
2025-07-30 23:00:00;2025-07-31 01:00:00;462,116439;82,110001
2025-07-31 00:00:00;2025-07-31 02:00:00;472,995947;79,000000
2025-07-31 01:00:00;2025-07-31 03:00:00;368,316474;77,269997
2025-07-31 02:00:00;2025-07-31 04:00:00;292,205598;78,510002
2025-07-31 03:00:00;2025-07-31 05:00:00;262,206255;83,239998
2025-07-31 04:00:00;2025-07-31 06:00:00;263,547452;89,070000
2025-07-31 05:00:00;2025-07-31 07:00:00;275,904567;100,459999
2025-07-31 06:00:00;2025-07-31 08:00:00;309,225197;94,089996
2025-07-31 07:00:00;2025-07-31 09:00:00;309,576918;88,910004
2025-07-31 08:00:00;2025-07-31 10:00:00;315,605128;74,169998
2025-07-31 09:00:00;2025-07-31 11:00:00;218,027920;70,040001
2025-07-31 10:00:00;2025-07-31 12:00:00;194,254259;61,150002
2025-07-31 11:00:00;2025-07-31 13:00:00;160,903410;48,049999
2025-07-31 12:00:00;2025-07-31 14:00:00;198,249491;35,060001
2025-07-31 13:00:00;2025-07-31 15:00:00;189,945174;55,070000
2025-07-31 14:00:00;2025-07-31 16:00:00;207,047132;72,430000
2025-07-31 15:00:00;2025-07-31 17:00:00;267,171457;84,559998
2025-07-31 16:00:00;2025-07-31 18:00:00;301,471249;96,900002
2025-07-31 17:00:00;2025-07-31 19:00:00;362,084836;111,919998
2025-07-31 18:00:00;2025-07-31 20:00:00;339,810800;128,270004
2025-07-31 19:00:00;2025-07-31 21:00:00;297,783102;125,110001
2025-07-31 20:00:00;2025-07-31 22:00:00;293,649435;114,160004
2025-07-31 21:00:00;2025-07-31 23:00:00;232,352721;102,790001
2025-07-31 22:00:00;2025-08-01 00:00:00;207,023365;105,309998
2025-07-31 23:00:00;2025-08-01 01:00:00;217,950545;98,540001
2025-08-01 00:00:00;2025-08-01 02:00:00;260,365451;92,150002
2025-08-01 01:00:00;2025-08-01 03:00:00;278,820342;89,169998
2025-08-01 02:00:00;2025-08-01 04:00:00;255,465026;94,209999
2025-08-01 03:00:00;2025-08-01 05:00:00;243,617215;100,580002
2025-08-01 04:00:00;2025-08-01 06:00:00;230,925308;106,690002
2025-08-01 05:00:00;2025-08-01 07:00:00;179,981100;110,709999
2025-08-01 06:00:00;2025-08-01 08:00:00;176,862904;106,639999
2025-08-01 07:00:00;2025-08-01 09:00:00;166,666992;103,669998
2025-08-01 08:00:00;2025-08-01 10:00:00;117,687452;97,949997
2025-08-01 09:00:00;2025-08-01 11:00:00;138,934156;84,099998
2025-08-01 10:00:00;2025-08-01 12:00:00;147,355127;77,050003
2025-08-01 11:00:00;2025-08-01 13:00:00;211,777281;61,970001
2025-08-01 12:00:00;2025-08-01 14:00:00;272,254387;49,060001
2025-08-01 13:00:00;2025-08-01 15:00:00;283,090683;49,099998
2025-08-01 14:00:00;2025-08-01 16:00:00;240,734090;69,930000
2025-08-01 15:00:00;2025-08-01 17:00:00;194,709032;83,589996
2025-08-01 16:00:00;2025-08-01 18:00:00;219,063872;96,449997
2025-08-01 17:00:00;2025-08-01 19:00:00;168,299600;109,510002
2025-08-01 18:00:00;2025-08-01 20:00:00;154,661303;119,230003
2025-08-01 19:00:00;2025-08-01 21:00:00;109,717505;117,510002
2025-08-01 20:00:00;2025-08-01 22:00:00;76,300260;110,720001
2025-08-01 21:00:00;2025-08-01 23:00:00;67,182506;102,730003
2025-08-01 22:00:00;2025-08-02 00:00:00;73,368227;104,470001
2025-08-01 23:00:00;2025-08-02 01:00:00;126,400783;100,320000
2025-08-02 00:00:00;2025-08-02 02:00:00;201,532367;97,790001
2025-08-02 01:00:00;2025-08-02 03:00:00;261,196071;92,160004
2025-08-02 02:00:00;2025-08-02 04:00:00;212,692997;91,290001
2025-08-02 03:00:00;2025-08-02 05:00:00;163,716551;90,769997
2025-08-02 04:00:00;2025-08-02 06:00:00;146,208437;89,669998
2025-08-02 05:00:00;2025-08-02 07:00:00;169,075360;84,699997
2025-08-02 06:00:00;2025-08-02 08:00:00;192,648168;78,400002
2025-08-02 07:00:00;2025-08-02 09:00:00;187,544302;65,680000
2025-08-02 08:00:00;2025-08-02 10:00:00;108,844644;31,090000
2025-08-02 09:00:00;2025-08-02 11:00:00;43,615249;5,680000
2025-08-02 10:00:00;2025-08-02 12:00:00;23,685235;2,950000
2025-08-02 11:00:00;2025-08-02 13:00:00;8,919205;1,340000
2025-08-02 12:00:00;2025-08-02 14:00:00;11,446200;0,220000
2025-08-02 13:00:00;2025-08-02 15:00:00;32,046879;0,240000
2025-08-02 14:00:00;2025-08-02 16:00:00;335,858019;5,300000
2025-08-02 15:00:00;2025-08-02 17:00:00;310,076313;60,689999
2025-08-02 16:00:00;2025-08-02 18:00:00;257,759246;91,320000
2025-08-02 17:00:00;2025-08-02 19:00:00;297,804890;102,000000
2025-08-02 18:00:00;2025-08-02 20:00:00;486,747554;109,489998
2025-08-02 19:00:00;2025-08-02 21:00:00;716,994901;108,419998
2025-08-02 20:00:00;2025-08-02 22:00:00;755,514933;104,339996
2025-08-02 21:00:00;2025-08-02 23:00:00;819,165966;95,000000
2025-08-02 22:00:00;2025-08-03 00:00:00;877,569709;85,089996
2025-08-02 23:00:00;2025-08-03 01:00:00;907,532968;77,519997
2025-08-03 00:00:00;2025-08-03 02:00:00;898,097913;71,419998
2025-08-03 01:00:00;2025-08-03 03:00:00;882,526019;67,519997
2025-08-03 02:00:00;2025-08-03 04:00:00;860,681753;62,720001
2025-08-03 03:00:00;2025-08-03 05:00:00;867,083081;59,980000
2025-08-03 04:00:00;2025-08-03 06:00:00;875,681073;46,799999
2025-08-03 05:00:00;2025-08-03 07:00:00;868,073343;26,000000
2025-08-03 06:00:00;2025-08-03 08:00:00;883,999746;6,160000
2025-08-03 07:00:00;2025-08-03 09:00:00;227,498761;0,000000
2025-08-03 08:00:00;2025-08-03 10:00:00;223,852939;-0,270000
2025-08-03 09:00:00;2025-08-03 11:00:00;166,076166;-1,200000
2025-08-03 10:00:00;2025-08-03 12:00:00;27,689094;-1,390000
2025-08-03 11:00:00;2025-08-03 13:00:00;14,617300;-6,600000
2025-08-03 12:00:00;2025-08-03 14:00:00;13,084100;-8,510000
2025-08-03 13:00:00;2025-08-03 15:00:00;6,757800;-3,540000
2025-08-03 14:00:00;2025-08-03 16:00:00;93,670369;-0,770000
2025-08-03 15:00:00;2025-08-03 17:00:00;419,880981;3,610000
2025-08-03 16:00:00;2025-08-03 18:00:00;385,777688;71,129997
2025-08-03 17:00:00;2025-08-03 19:00:00;452,171847;88,129997
2025-08-03 18:00:00;2025-08-03 20:00:00;489,034407;97,870003
2025-08-03 19:00:00;2025-08-03 21:00:00;477,258217;95,989998
2025-08-03 20:00:00;2025-08-03 22:00:00;474,962042;97,300003
2025-08-03 21:00:00;2025-08-03 23:00:00;501,449198;85,089996
2025-08-03 22:00:00;2025-08-04 00:00:00;451,800576;81,050003
2025-08-03 23:00:00;2025-08-04 01:00:00;656,277363;70,070000
2025-08-04 00:00:00;2025-08-04 02:00:00;894,880005;69,970001
2025-08-04 01:00:00;2025-08-04 03:00:00;762,147930;70,620003
2025-08-04 02:00:00;2025-08-04 04:00:00;788,423493;74,029999
2025-08-04 03:00:00;2025-08-04 05:00:00;680,135266;82,940002
2025-08-04 04:00:00;2025-08-04 06:00:00;587,444736;89,830002
2025-08-04 05:00:00;2025-08-04 07:00:00;682,157660;101,959999
2025-08-04 06:00:00;2025-08-04 08:00:00;631,816523;101,440002
2025-08-04 07:00:00;2025-08-04 09:00:00;496,659755;97,040001
2025-08-04 08:00:00;2025-08-04 10:00:00;362,687308;77,900002
2025-08-04 09:00:00;2025-08-04 11:00:00;276,126481;50,000000
2025-08-04 10:00:00;2025-08-04 12:00:00;297,210229;13,740000
2025-08-04 11:00:00;2025-08-04 13:00:00;440,727541;4,050000
2025-08-04 12:00:00;2025-08-04 14:00:00;283,271410;0,720000
2025-08-04 13:00:00;2025-08-04 15:00:00;342,061400;0,020000
2025-08-04 14:00:00;2025-08-04 16:00:00;1061,409533;11,190000
2025-08-04 15:00:00;2025-08-04 17:00:00;1189,313046;31,190001
2025-08-04 16:00:00;2025-08-04 18:00:00;1269,885350;28,360001
2025-08-04 17:00:00;2025-08-04 19:00:00;1241,327144;57,630001
2025-08-04 18:00:00;2025-08-04 20:00:00;1296,476479;17,650000
2025-08-04 19:00:00;2025-08-04 21:00:00;1269,229448;3,640000
2025-08-04 20:00:00;2025-08-04 22:00:00;544,947030;0,000000
2025-08-04 21:00:00;2025-08-04 23:00:00;751,171504;2,340000
2025-08-04 22:00:00;2025-08-05 00:00:00;940,179521;2,510000
2025-08-04 23:00:00;2025-08-05 01:00:00;805,876631;2,360000
2025-08-05 00:00:00;2025-08-05 02:00:00;512,985720;1,790000
2025-08-05 01:00:00;2025-08-05 03:00:00;351,986419;0,000000
2025-08-05 02:00:00;2025-08-05 04:00:00;157,054000;-0,050000
2025-08-05 03:00:00;2025-08-05 05:00:00;197,941000;-0,040000
2025-08-05 04:00:00;2025-08-05 06:00:00;524,014846;1,700000
2025-08-05 05:00:00;2025-08-05 07:00:00;645,808702;2,320000
2025-08-05 06:00:00;2025-08-05 08:00:00;474,993114;2,010000
2025-08-05 07:00:00;2025-08-05 09:00:00;198,218999;-0,070000
2025-08-05 08:00:00;2025-08-05 10:00:00;182,134932;-0,210000
2025-08-05 09:00:00;2025-08-05 11:00:00;183,706521;-2,010000
2025-08-05 10:00:00;2025-08-05 12:00:00;186,145778;-4,940000
2025-08-05 11:00:00;2025-08-05 13:00:00;188,559345;-9,310000
2025-08-05 12:00:00;2025-08-05 14:00:00;189,070500;-11,650000
2025-08-05 13:00:00;2025-08-05 15:00:00;150,256115;-9,770000
2025-08-05 14:00:00;2025-08-05 16:00:00;489,688662;-4,970000
2025-08-05 15:00:00;2025-08-05 17:00:00;647,365660;-0,520000
2025-08-05 16:00:00;2025-08-05 18:00:00;618,608088;1,070000
2025-08-05 17:00:00;2025-08-05 19:00:00;1069,793527;2,510000
2025-08-05 18:00:00;2025-08-05 20:00:00;1332,729169;6,840000
2025-08-05 19:00:00;2025-08-05 21:00:00;1301,173608;3,890000
2025-08-05 20:00:00;2025-08-05 22:00:00;1284,116885;3,650000
2025-08-05 21:00:00;2025-08-05 23:00:00;971,001261;10,760000
2025-08-05 22:00:00;2025-08-06 00:00:00;984,107888;2,540000
2025-08-05 23:00:00;2025-08-06 01:00:00;1312,422322;3,610000
2025-08-06 00:00:00;2025-08-06 02:00:00;1314,787674;3,670000
2025-08-06 01:00:00;2025-08-06 03:00:00;1299,852437;3,600000
2025-08-06 02:00:00;2025-08-06 04:00:00;1274,264857;4,280000
2025-08-06 03:00:00;2025-08-06 05:00:00;1302,542731;3,900000
2025-08-06 04:00:00;2025-08-06 06:00:00;1302,769369;3,340000
2025-08-06 05:00:00;2025-08-06 07:00:00;1310,993914;3,890000
2025-08-06 06:00:00;2025-08-06 08:00:00;1265,744545;12,460000
2025-08-06 07:00:00;2025-08-06 09:00:00;982,038268;2,090000
2025-08-06 08:00:00;2025-08-06 10:00:00;957,165898;-0,010000
2025-08-06 09:00:00;2025-08-06 11:00:00;36,415654;-1,570000
2025-08-06 10:00:00;2025-08-06 12:00:00;28,100301;-4,880000
2025-08-06 11:00:00;2025-08-06 13:00:00;25,328700;-5,700000
2025-08-06 12:00:00;2025-08-06 14:00:00;20,055200;-4,470000
2025-08-06 13:00:00;2025-08-06 15:00:00;32,171425;-2,230000
2025-08-06 14:00:00;2025-08-06 16:00:00;561,158724;-1,010000
2025-08-06 15:00:00;2025-08-06 17:00:00;929,555010;2,030000
2025-08-06 16:00:00;2025-08-06 18:00:00;1134,772572;2,580000
2025-08-06 17:00:00;2025-08-06 19:00:00;1155,643769;29,680000
2025-08-06 18:00:00;2025-08-06 20:00:00;1105,220856;123,199997
2025-08-06 19:00:00;2025-08-06 21:00:00;971,272419;124,599998
2025-08-06 20:00:00;2025-08-06 22:00:00;855,101484;110,000000
2025-08-06 21:00:00;2025-08-06 23:00:00;818,133239;101,599998
2025-08-06 22:00:00;2025-08-07 00:00:00;747,427213;97,580002
2025-08-06 23:00:00;2025-08-07 01:00:00;654,993476;94,000000
2025-08-07 00:00:00;2025-08-07 02:00:00;553,529028;88,129997
2025-08-07 01:00:00;2025-08-07 03:00:00;520,850783;83,379997
2025-08-07 02:00:00;2025-08-07 04:00:00;534,827996;82,070000
2025-08-07 03:00:00;2025-08-07 05:00:00;420,377485;88,519997
2025-08-07 04:00:00;2025-08-07 06:00:00;350,681772;103,050003
2025-08-07 05:00:00;2025-08-07 07:00:00;404,616619;106,500000
2025-08-07 06:00:00;2025-08-07 08:00:00;500,095465;100,000000
2025-08-07 07:00:00;2025-08-07 09:00:00;700,220381;77,629997
2025-08-07 08:00:00;2025-08-07 10:00:00;879,625896;22,230000
2025-08-07 09:00:00;2025-08-07 11:00:00;620,164378;1,980000
2025-08-07 10:00:00;2025-08-07 12:00:00;540,611470;1,670000
2025-08-07 11:00:00;2025-08-07 13:00:00;432,278370;2,100000
2025-08-07 12:00:00;2025-08-07 14:00:00;382,863829;2,350000
2025-08-07 13:00:00;2025-08-07 15:00:00;647,795243;2,050000
2025-08-07 14:00:00;2025-08-07 16:00:00;711,191834;2,370000
2025-08-07 15:00:00;2025-08-07 17:00:00;1009,561746;64,080002
2025-08-07 16:00:00;2025-08-07 18:00:00;909,418205;91,580002
2025-08-07 17:00:00;2025-08-07 19:00:00;921,471707;106,000000
2025-08-07 18:00:00;2025-08-07 20:00:00;866,849314;125,029999
2025-08-07 19:00:00;2025-08-07 21:00:00;791,227787;126,339996
2025-08-07 20:00:00;2025-08-07 22:00:00;852,425791;110,000000
2025-08-07 21:00:00;2025-08-07 23:00:00;753,726519;101,279999
2025-08-07 22:00:00;2025-08-08 00:00:00;680,066435;93,900002
2025-08-07 23:00:00;2025-08-08 01:00:00;678,636893;88,879997
2025-08-08 00:00:00;2025-08-08 02:00:00;601,440484;84,980003
2025-08-08 01:00:00;2025-08-08 03:00:00;532,511302;81,309998
2025-08-08 02:00:00;2025-08-08 04:00:00;469,920297;80,879997
2025-08-08 03:00:00;2025-08-08 05:00:00;452,720190;89,550003
2025-08-08 04:00:00;2025-08-08 06:00:00;417,801353;100,430000
2025-08-08 05:00:00;2025-08-08 07:00:00;418,426618;103,050003
2025-08-08 06:00:00;2025-08-08 08:00:00;329,711978;108,110001
2025-08-08 07:00:00;2025-08-08 09:00:00;259,348723;89,900002
2025-08-08 08:00:00;2025-08-08 10:00:00;187,781548;66,000000
2025-08-08 09:00:00;2025-08-08 11:00:00;284,941374;8,390000
2025-08-08 10:00:00;2025-08-08 12:00:00;252,569768;0,090000
2025-08-08 11:00:00;2025-08-08 13:00:00;254,321060;0,000000
2025-08-08 12:00:00;2025-08-08 14:00:00;299,717854;0,000000
2025-08-08 13:00:00;2025-08-08 15:00:00;368,160801;0,000000
2025-08-08 14:00:00;2025-08-08 16:00:00;311,965790;10,490000
2025-08-08 15:00:00;2025-08-08 17:00:00;366,395811;70,099998
2025-08-08 16:00:00;2025-08-08 18:00:00;414,127136;101,440002
2025-08-08 17:00:00;2025-08-08 19:00:00;519,688359;113,559998
2025-08-08 18:00:00;2025-08-08 20:00:00;413,134321;144,619995
2025-08-08 19:00:00;2025-08-08 21:00:00;324,725170;151,509995
2025-08-08 20:00:00;2025-08-08 22:00:00;318,589900;121,589996
2025-08-08 21:00:00;2025-08-08 23:00:00;351,877395;108,459999
2025-08-08 22:00:00;2025-08-09 00:00:00;408,505116;101,930000
2025-08-08 23:00:00;2025-08-09 01:00:00;344,590987;100,430000
2025-08-09 00:00:00;2025-08-09 02:00:00;296,837453;99,940002
2025-08-09 01:00:00;2025-08-09 03:00:00;278,255805;97,800003
2025-08-09 02:00:00;2025-08-09 04:00:00;264,323565;96,870003
2025-08-09 03:00:00;2025-08-09 05:00:00;310,488232;97,010002
2025-08-09 04:00:00;2025-08-09 06:00:00;321,455788;96,099998
2025-08-09 05:00:00;2025-08-09 07:00:00;336,492029;90,059998
2025-08-09 06:00:00;2025-08-09 08:00:00;302,156989;69,750000
2025-08-09 07:00:00;2025-08-09 09:00:00;376,281262;15,340000
2025-08-09 08:00:00;2025-08-09 10:00:00;358,788410;-0,020000
2025-08-09 09:00:00;2025-08-09 11:00:00;305,775204;-1,000000
2025-08-09 10:00:00;2025-08-09 12:00:00;78,678071;-6,510000
2025-08-09 11:00:00;2025-08-09 13:00:00;65,245184;-12,580000
2025-08-09 12:00:00;2025-08-09 14:00:00;72,121420;-15,110000
2025-08-09 13:00:00;2025-08-09 15:00:00;107,044597;-4,100000
2025-08-09 14:00:00;2025-08-09 16:00:00;275,191163;-0,040000
2025-08-09 15:00:00;2025-08-09 17:00:00;688,541913;6,290000
2025-08-09 16:00:00;2025-08-09 18:00:00;743,569234;71,470001
2025-08-09 17:00:00;2025-08-09 19:00:00;843,853887;101,430000
2025-08-09 18:00:00;2025-08-09 20:00:00;770,118070;123,360001
2025-08-09 19:00:00;2025-08-09 21:00:00;658,322583;116,410004
2025-08-09 20:00:00;2025-08-09 22:00:00;738,652228;107,889999
2025-08-09 21:00:00;2025-08-09 23:00:00;939,326288;94,970001
2025-08-09 22:00:00;2025-08-10 00:00:00;1119,087538;84,790001
2025-08-09 23:00:00;2025-08-10 01:00:00;1050,181858;83,230003
2025-08-10 00:00:00;2025-08-10 02:00:00;818,225377;83,099998
2025-08-10 01:00:00;2025-08-10 03:00:00;786,644587;77,949997
2025-08-10 02:00:00;2025-08-10 04:00:00;836,923765;80,680000
2025-08-10 03:00:00;2025-08-10 05:00:00;944,991085;83,690002
2025-08-10 04:00:00;2025-08-10 06:00:00;878,068050;82,269997
2025-08-10 05:00:00;2025-08-10 07:00:00;734,110744;74,699997
2025-08-10 06:00:00;2025-08-10 08:00:00;686,194117;26,360001
2025-08-10 07:00:00;2025-08-10 09:00:00;402,831396;-0,010000
2025-08-10 08:00:00;2025-08-10 10:00:00;92,659116;-2,640000
2025-08-10 09:00:00;2025-08-10 11:00:00;54,906747;-6,700000
2025-08-10 10:00:00;2025-08-10 12:00:00;17,144932;-14,950000
2025-08-10 11:00:00;2025-08-10 13:00:00;16,227354;-26,860001
2025-08-10 12:00:00;2025-08-10 14:00:00;15,382660;-38,139999
2025-08-10 13:00:00;2025-08-10 15:00:00;23,210442;-19,610001
2025-08-10 14:00:00;2025-08-10 16:00:00;40,695406;-1,210000
2025-08-10 15:00:00;2025-08-10 17:00:00;278,297240;2,130000
2025-08-10 16:00:00;2025-08-10 18:00:00;630,839431;78,860001
2025-08-10 17:00:00;2025-08-10 19:00:00;580,153449;108,050003
2025-08-10 18:00:00;2025-08-10 20:00:00;539,633680;118,949997
2025-08-10 19:00:00;2025-08-10 21:00:00;506,472736;122,449997
2025-08-10 20:00:00;2025-08-10 22:00:00;427,788197;106,980003
2025-08-10 21:00:00;2025-08-10 23:00:00;356,001328;98,900002
2025-08-10 22:00:00;2025-08-11 00:00:00;283,909576;99,820000
2025-08-10 23:00:00;2025-08-11 01:00:00;262,795937;91,970001
2025-08-11 00:00:00;2025-08-11 02:00:00;250,449066;87,440002
2025-08-11 01:00:00;2025-08-11 03:00:00;254,539157;85,190002
2025-08-11 02:00:00;2025-08-11 04:00:00;353,627599;92,849998
2025-08-11 03:00:00;2025-08-11 05:00:00;389,970773;103,510002
2025-08-11 04:00:00;2025-08-11 06:00:00;314,568571;129,220001
2025-08-11 05:00:00;2025-08-11 07:00:00;257,613485;133,490005
2025-08-11 06:00:00;2025-08-11 08:00:00;240,493475;105,349998
2025-08-11 07:00:00;2025-08-11 09:00:00;228,023988;90,750000
2025-08-11 08:00:00;2025-08-11 10:00:00;223,817429;50,000000
2025-08-11 09:00:00;2025-08-11 11:00:00;148,043456;2,540000
2025-08-11 10:00:00;2025-08-11 12:00:00;215,264969;0,650000
2025-08-11 11:00:00;2025-08-11 13:00:00;197,947664;0,640000
2025-08-11 12:00:00;2025-08-11 14:00:00;234,412936;0,000000
2025-08-11 13:00:00;2025-08-11 15:00:00;529,567458;9,000000
2025-08-11 14:00:00;2025-08-11 16:00:00;440,097814;56,139999
2025-08-11 15:00:00;2025-08-11 17:00:00;456,284382;92,250000
2025-08-11 16:00:00;2025-08-11 18:00:00;537,741578;108,260002
2025-08-11 17:00:00;2025-08-11 19:00:00;491,874596;154,000000
2025-08-11 18:00:00;2025-08-11 20:00:00;440,245932;191,949997
2025-08-11 19:00:00;2025-08-11 21:00:00;362,024724;138,880005
2025-08-11 20:00:00;2025-08-11 22:00:00;277,817528;108,870003
2025-08-11 21:00:00;2025-08-11 23:00:00;294,131144;96,000000
2025-08-11 22:00:00;2025-08-12 00:00:00;272,225717;93,000000
2025-08-11 23:00:00;2025-08-12 01:00:00;217,564594;89,669998
2025-08-12 00:00:00;2025-08-12 02:00:00;212,361700;85,410004
2025-08-12 01:00:00;2025-08-12 03:00:00;145,669500;85,129997
2025-08-12 02:00:00;2025-08-12 04:00:00;116,305100;86,480003
2025-08-12 03:00:00;2025-08-12 05:00:00;126,467800;93,970001
2025-08-12 04:00:00;2025-08-12 06:00:00;114,197300;106,910004
2025-08-12 05:00:00;2025-08-12 07:00:00;65,559500;104,629997
2025-08-12 06:00:00;2025-08-12 08:00:00;47,999700;98,709999
2025-08-12 07:00:00;2025-08-12 09:00:00;38,209100;92,489998
2025-08-12 08:00:00;2025-08-12 10:00:00;51,491970;79,529999
2025-08-12 09:00:00;2025-08-12 11:00:00;64,735901;40,410000
2025-08-12 10:00:00;2025-08-12 12:00:00;67,024980;8,380000
2025-08-12 11:00:00;2025-08-12 13:00:00;44,735933;4,590000
2025-08-12 12:00:00;2025-08-12 14:00:00;34,530553;5,150000
2025-08-12 13:00:00;2025-08-12 15:00:00;20,640207;35,049999
2025-08-12 14:00:00;2025-08-12 16:00:00;15,700625;73,120003
2025-08-12 15:00:00;2025-08-12 17:00:00;43,488994;94,059998
2025-08-12 16:00:00;2025-08-12 18:00:00;24,796088;106,099998
2025-08-12 17:00:00;2025-08-12 19:00:00;13,552385;149,309998
2025-08-12 18:00:00;2025-08-12 20:00:00;38,295380;156,160004
2025-08-12 19:00:00;2025-08-12 21:00:00;93,707844;140,399994
2025-08-12 20:00:00;2025-08-12 22:00:00;123,440710;114,070000
2025-08-12 21:00:00;2025-08-12 23:00:00;128,375646;97,730003
2025-08-12 22:00:00;2025-08-13 00:00:00;139,398567;95,720001
2025-08-12 23:00:00;2025-08-13 01:00:00;123,193065;90,000000
2025-08-13 00:00:00;2025-08-13 02:00:00;133,313089;86,889999
2025-08-13 01:00:00;2025-08-13 03:00:00;131,932222;84,709999
2025-08-13 02:00:00;2025-08-13 04:00:00;128,237026;87,070000
2025-08-13 03:00:00;2025-08-13 05:00:00;95,405955;93,300003
2025-08-13 04:00:00;2025-08-13 06:00:00;126,362040;108,870003
2025-08-13 05:00:00;2025-08-13 07:00:00;197,604163;107,519997
2025-08-13 06:00:00;2025-08-13 08:00:00;200,837734;105,870003
2025-08-13 07:00:00;2025-08-13 09:00:00;154,872698;93,599998
2025-08-13 08:00:00;2025-08-13 10:00:00;182,188859;89,260002
2025-08-13 09:00:00;2025-08-13 11:00:00;237,333454;68,199997
2025-08-13 10:00:00;2025-08-13 12:00:00;175,741887;44,290001
2025-08-13 11:00:00;2025-08-13 13:00:00;144,937741;27,889999
2025-08-13 12:00:00;2025-08-13 14:00:00;146,631225;41,660000
2025-08-13 13:00:00;2025-08-13 15:00:00;223,577757;70,900002
2025-08-13 14:00:00;2025-08-13 16:00:00;337,049043;84,300003
2025-08-13 15:00:00;2025-08-13 17:00:00;403,455139;96,639999
2025-08-13 16:00:00;2025-08-13 18:00:00;390,609396;115,339996
2025-08-13 17:00:00;2025-08-13 19:00:00;460,024304;193,300003
2025-08-13 18:00:00;2025-08-13 20:00:00;515,128652;226,639999
2025-08-13 19:00:00;2025-08-13 21:00:00;613,031839;154,520004
2025-08-13 20:00:00;2025-08-13 22:00:00;765,085773;123,209999
2025-08-13 21:00:00;2025-08-13 23:00:00;781,941346;106,269997
2025-08-13 22:00:00;2025-08-14 00:00:00;671,412390;98,099998
2025-08-13 23:00:00;2025-08-14 01:00:00;658,832881;92,000000
2025-08-14 00:00:00;2025-08-14 02:00:00;591,593178;88,449997
2025-08-14 01:00:00;2025-08-14 03:00:00;527,727402;88,199997
2025-08-14 02:00:00;2025-08-14 04:00:00;476,288922;88,529999
2025-08-14 03:00:00;2025-08-14 05:00:00;387,388441;97,519997
2025-08-14 04:00:00;2025-08-14 06:00:00;380,175065;106,169998
2025-08-14 05:00:00;2025-08-14 07:00:00;306,921182;109,919998
2025-08-14 06:00:00;2025-08-14 08:00:00;220,335891;99,510002
2025-08-14 07:00:00;2025-08-14 09:00:00;169,223781;91,099998
2025-08-14 08:00:00;2025-08-14 10:00:00;182,229864;81,260002
2025-08-14 09:00:00;2025-08-14 11:00:00;277,855237;67,570000
2025-08-14 10:00:00;2025-08-14 12:00:00;196,690137;54,090000
2025-08-14 11:00:00;2025-08-14 13:00:00;235,973520;41,020000
2025-08-14 12:00:00;2025-08-14 14:00:00;290,296372;54,900002
2025-08-14 13:00:00;2025-08-14 15:00:00;241,758971;69,430000
2025-08-14 14:00:00;2025-08-14 16:00:00;160,166060;78,989998
2025-08-14 15:00:00;2025-08-14 17:00:00;244,282445;97,220001
2025-08-14 16:00:00;2025-08-14 18:00:00;353,205982;115,540001
2025-08-14 17:00:00;2025-08-14 19:00:00;359,660510;233,800003
2025-08-14 18:00:00;2025-08-14 20:00:00;361,937782;283,890015
2025-08-14 19:00:00;2025-08-14 21:00:00;389,193365;155,839996
2025-08-14 20:00:00;2025-08-14 22:00:00;392,593690;120,709999
2025-08-14 21:00:00;2025-08-14 23:00:00;340,862803;105,949997
2025-08-14 22:00:00;2025-08-15 00:00:00;259,980241;99,589996
2025-08-14 23:00:00;2025-08-15 01:00:00;157,157128;98,970001
2025-08-15 00:00:00;2025-08-15 02:00:00;100,976151;93,900002
2025-08-15 01:00:00;2025-08-15 03:00:00;118,814105;90,330002
2025-08-15 02:00:00;2025-08-15 04:00:00;144,678921;92,000000
2025-08-15 03:00:00;2025-08-15 05:00:00;189,469581;96,910004
2025-08-15 04:00:00;2025-08-15 06:00:00;110,722643;101,660004
2025-08-15 05:00:00;2025-08-15 07:00:00;104,675560;101,309998
2025-08-15 06:00:00;2025-08-15 08:00:00;162,427449;96,599998
2025-08-15 07:00:00;2025-08-15 09:00:00;223,771024;83,470001
2025-08-15 08:00:00;2025-08-15 10:00:00;282,945190;43,900002
2025-08-15 09:00:00;2025-08-15 11:00:00;400,639748;3,000000
2025-08-15 10:00:00;2025-08-15 12:00:00;249,572102;0,080000
2025-08-15 11:00:00;2025-08-15 13:00:00;171,176660;0,190000
2025-08-15 12:00:00;2025-08-15 14:00:00;107,104516;0,000000
2025-08-15 13:00:00;2025-08-15 15:00:00;413,468040;1,720000
2025-08-15 14:00:00;2025-08-15 16:00:00;621,043701;27,660000
2025-08-15 15:00:00;2025-08-15 17:00:00;675,408623;75,529999
2025-08-15 16:00:00;2025-08-15 18:00:00;923,465349;97,059998
2025-08-15 17:00:00;2025-08-15 19:00:00;1126,831352;105,669998
2025-08-15 18:00:00;2025-08-15 20:00:00;1203,037934;104,489998
2025-08-15 19:00:00;2025-08-15 21:00:00;1232,833830;91,739998
2025-08-15 20:00:00;2025-08-15 22:00:00;1245,400770;85,099998
2025-08-15 21:00:00;2025-08-15 23:00:00;1260,880659;79,959999
2025-08-15 22:00:00;2025-08-16 00:00:00;1299,751837;89,470001
2025-08-15 23:00:00;2025-08-16 01:00:00;1314,706082;85,739998
2025-08-16 00:00:00;2025-08-16 02:00:00;1317,256113;84,750000
2025-08-16 01:00:00;2025-08-16 03:00:00;1304,711887;83,339996
2025-08-16 02:00:00;2025-08-16 04:00:00;1295,051907;82,730003
2025-08-16 03:00:00;2025-08-16 05:00:00;1267,646010;87,089996
2025-08-16 04:00:00;2025-08-16 06:00:00;1235,877829;90,680000
2025-08-16 05:00:00;2025-08-16 07:00:00;1148,982295;90,019997
2025-08-16 06:00:00;2025-08-16 08:00:00;1082,403539;80,989998
2025-08-16 07:00:00;2025-08-16 09:00:00;1015,181580;67,940002
2025-08-16 08:00:00;2025-08-16 10:00:00;954,202193;25,120001
2025-08-16 09:00:00;2025-08-16 11:00:00;909,813894;3,800000
2025-08-16 10:00:00;2025-08-16 12:00:00;708,294997;0,170000
2025-08-16 11:00:00;2025-08-16 13:00:00;664,758960;-0,010000
2025-08-16 12:00:00;2025-08-16 14:00:00;805,947149;-0,010000
2025-08-16 13:00:00;2025-08-16 15:00:00;752,164790;-0,010000
2025-08-16 14:00:00;2025-08-16 16:00:00;841,605060;0,720000
2025-08-16 15:00:00;2025-08-16 17:00:00;882,833221;16,209999
2025-08-16 16:00:00;2025-08-16 18:00:00;943,698159;69,919998
2025-08-16 17:00:00;2025-08-16 19:00:00;1004,320643;95,000000
2025-08-16 18:00:00;2025-08-16 20:00:00;960,338769;102,620003
2025-08-16 19:00:00;2025-08-16 21:00:00;961,484416;100,610001
2025-08-16 20:00:00;2025-08-16 22:00:00;997,573905;95,000000
2025-08-16 21:00:00;2025-08-16 23:00:00;1002,328426;90,000000
2025-08-16 22:00:00;2025-08-17 00:00:00;958,478719;91,279999
2025-08-16 23:00:00;2025-08-17 01:00:00;869,750584;85,339996
2025-08-17 00:00:00;2025-08-17 02:00:00;771,419657;86,860001
2025-08-17 01:00:00;2025-08-17 03:00:00;626,354634;86,629997
2025-08-17 02:00:00;2025-08-17 04:00:00;500,830534;87,730003
2025-08-17 03:00:00;2025-08-17 05:00:00;393,225646;89,930000
2025-08-17 04:00:00;2025-08-17 06:00:00;345,034404;89,889999
2025-08-17 05:00:00;2025-08-17 07:00:00;298,708830;81,029999
2025-08-17 06:00:00;2025-08-17 08:00:00;231,908389;76,239998
2025-08-17 07:00:00;2025-08-17 09:00:00;193,441612;32,590000
2025-08-17 08:00:00;2025-08-17 10:00:00;132,850468;9,960000
2025-08-17 09:00:00;2025-08-17 11:00:00;106,968957;2,080000
2025-08-17 10:00:00;2025-08-17 12:00:00;44,285187;2,070000
2025-08-17 11:00:00;2025-08-17 13:00:00;27,942159;2,020000
2025-08-17 12:00:00;2025-08-17 14:00:00;25,392588;1,860000
2025-08-17 13:00:00;2025-08-17 15:00:00;98,140622;1,470000
2025-08-17 14:00:00;2025-08-17 16:00:00;125,229557;13,810000
2025-08-17 15:00:00;2025-08-17 17:00:00;164,083242;72,400002
2025-08-17 16:00:00;2025-08-17 18:00:00;174,781033;96,690002
2025-08-17 17:00:00;2025-08-17 19:00:00;203,678087;110,000000
2025-08-17 18:00:00;2025-08-17 20:00:00;208,463264;110,660004
2025-08-17 19:00:00;2025-08-17 21:00:00;225,887145;110,139999
2025-08-17 20:00:00;2025-08-17 22:00:00;240,204866;105,099998
2025-08-17 21:00:00;2025-08-17 23:00:00;190,431899;102,540001
2025-08-17 22:00:00;2025-08-18 00:00:00;159,015087;91,989998
2025-08-17 23:00:00;2025-08-18 01:00:00;113,020200;87,129997
2025-08-18 00:00:00;2025-08-18 02:00:00;79,889286;84,330002
2025-08-18 01:00:00;2025-08-18 03:00:00;35,417106;83,849998
2025-08-18 02:00:00;2025-08-18 04:00:00;11,537158;89,459999
2025-08-18 03:00:00;2025-08-18 05:00:00;1,260490;99,269997
2025-08-18 04:00:00;2025-08-18 06:00:00;3,287454;118,510002
2025-08-18 05:00:00;2025-08-18 07:00:00;8,019685;130,130005
2025-08-18 06:00:00;2025-08-18 08:00:00;15,538246;109,870003
2025-08-18 07:00:00;2025-08-18 09:00:00;22,328949;88,839996
2025-08-18 08:00:00;2025-08-18 10:00:00;24,274344;72,160004
2025-08-18 09:00:00;2025-08-18 11:00:00;24,482099;45,930000
2025-08-18 10:00:00;2025-08-18 12:00:00;26,675291;20,040001
2025-08-18 11:00:00;2025-08-18 13:00:00;33,255856;14,230000
2025-08-18 12:00:00;2025-08-18 14:00:00;34,585761;18,340000
2025-08-18 13:00:00;2025-08-18 15:00:00;48,523808;54,560001
2025-08-18 14:00:00;2025-08-18 16:00:00;82,112304;70,940002
2025-08-18 15:00:00;2025-08-18 17:00:00;89,239401;90,320000
2025-08-18 16:00:00;2025-08-18 18:00:00;123,564898;109,870003
2025-08-18 17:00:00;2025-08-18 19:00:00;190,930282;185,500000
2025-08-18 18:00:00;2025-08-18 20:00:00;277,893907;193,960007
2025-08-18 19:00:00;2025-08-18 21:00:00;335,109570;124,669998
2025-08-18 20:00:00;2025-08-18 22:00:00;346,137861;107,489998
2025-08-18 21:00:00;2025-08-18 23:00:00;359,528704;102,000000
2025-08-18 22:00:00;2025-08-19 00:00:00;396,247145;101,010002
2025-08-18 23:00:00;2025-08-19 01:00:00;426,673913;94,820000
2025-08-19 00:00:00;2025-08-19 02:00:00;458,313994;88,199997
2025-08-19 01:00:00;2025-08-19 03:00:00;555,632169;86,370003
2025-08-19 02:00:00;2025-08-19 04:00:00;629,731328;90,089996
2025-08-19 03:00:00;2025-08-19 05:00:00;675,607549;101,019997
2025-08-19 04:00:00;2025-08-19 06:00:00;761,133422;111,099998
2025-08-19 05:00:00;2025-08-19 07:00:00;796,765616;109,949997
2025-08-19 06:00:00;2025-08-19 08:00:00;844,363932;98,050003
2025-08-19 07:00:00;2025-08-19 09:00:00;860,700258;88,570000
2025-08-19 08:00:00;2025-08-19 10:00:00;846,778494;69,639999
2025-08-19 09:00:00;2025-08-19 11:00:00;746,080961;43,230000
2025-08-19 10:00:00;2025-08-19 12:00:00;588,939590;22,850000
2025-08-19 11:00:00;2025-08-19 13:00:00;445,356613;9,020000
2025-08-19 12:00:00;2025-08-19 14:00:00;374,368738;15,260000
2025-08-19 13:00:00;2025-08-19 15:00:00;405,544303;30,889999
2025-08-19 14:00:00;2025-08-19 16:00:00;506,615558;60,599998
2025-08-19 15:00:00;2025-08-19 17:00:00;548,830490;91,480003
2025-08-19 16:00:00;2025-08-19 18:00:00;691,952323;101,910004
2025-08-19 17:00:00;2025-08-19 19:00:00;675,799722;120,510002
2025-08-19 18:00:00;2025-08-19 20:00:00;626,749508;128,619995
2025-08-19 19:00:00;2025-08-19 21:00:00;546,981569;111,059998
2025-08-19 20:00:00;2025-08-19 22:00:00;547,139532;104,410004
2025-08-19 21:00:00;2025-08-19 23:00:00;752,539865;96,779999
2025-08-19 22:00:00;2025-08-20 00:00:00;850,267032;95,470001
2025-08-19 23:00:00;2025-08-20 01:00:00;736,222682;91,220001
2025-08-20 00:00:00;2025-08-20 02:00:00;611,825518;85,709999
2025-08-20 01:00:00;2025-08-20 03:00:00;573,806538;80,669998
2025-08-20 02:00:00;2025-08-20 04:00:00;589,843540;79,370003
2025-08-20 03:00:00;2025-08-20 05:00:00;598,429019;88,360001
2025-08-20 04:00:00;2025-08-20 06:00:00;665,667318;102,279999
2025-08-20 05:00:00;2025-08-20 07:00:00;529,974244;110,120003
2025-08-20 06:00:00;2025-08-20 08:00:00;396,381622;103,910004
2025-08-20 07:00:00;2025-08-20 09:00:00;343,680847;90,050003
2025-08-20 08:00:00;2025-08-20 10:00:00;249,887569;80,980003
2025-08-20 09:00:00;2025-08-20 11:00:00;220,966379;69,059998
2025-08-20 10:00:00;2025-08-20 12:00:00;173,180872;49,070000
2025-08-20 11:00:00;2025-08-20 13:00:00;170,456157;35,000000
2025-08-20 12:00:00;2025-08-20 14:00:00;207,170553;42,029999
2025-08-20 13:00:00;2025-08-20 15:00:00;301,737895;73,019997
2025-08-20 14:00:00;2025-08-20 16:00:00;365,965715;81,449997
2025-08-20 15:00:00;2025-08-20 17:00:00;396,008328;101,690002
2025-08-20 16:00:00;2025-08-20 18:00:00;374,740183;109,160004
2025-08-20 17:00:00;2025-08-20 19:00:00;368,625073;135,149994
2025-08-20 18:00:00;2025-08-20 20:00:00;328,506133;126,110001
2025-08-20 19:00:00;2025-08-20 21:00:00;255,827941;114,949997
2025-08-20 20:00:00;2025-08-20 22:00:00;214,255185;103,489998
2025-08-20 21:00:00;2025-08-20 23:00:00;228,818054;97,339996
2025-08-20 22:00:00;2025-08-21 00:00:00;338,378941;96,110001
2025-08-20 23:00:00;2025-08-21 01:00:00;504,361141;90,730003
2025-08-21 00:00:00;2025-08-21 02:00:00;640,958955;87,519997
2025-08-21 01:00:00;2025-08-21 03:00:00;760,850066;90,879997
2025-08-21 02:00:00;2025-08-21 04:00:00;874,123473;92,370003
2025-08-21 03:00:00;2025-08-21 05:00:00;851,685876;97,959999
2025-08-21 04:00:00;2025-08-21 06:00:00;1047,944269;105,900002
2025-08-21 05:00:00;2025-08-21 07:00:00;1080,522925;116,889999
2025-08-21 06:00:00;2025-08-21 08:00:00;978,301963;107,790001
2025-08-21 07:00:00;2025-08-21 09:00:00;1041,528912;97,320000
2025-08-21 08:00:00;2025-08-21 10:00:00;943,397931;85,849998
2025-08-21 09:00:00;2025-08-21 11:00:00;912,338674;77,639999
2025-08-21 10:00:00;2025-08-21 12:00:00;950,477170;69,489998
2025-08-21 11:00:00;2025-08-21 13:00:00;956,682408;66,089996
2025-08-21 12:00:00;2025-08-21 14:00:00;951,937936;56,259998
2025-08-21 13:00:00;2025-08-21 15:00:00;843,886107;68,199997
2025-08-21 14:00:00;2025-08-21 16:00:00;682,994429;72,389999
2025-08-21 15:00:00;2025-08-21 17:00:00;561,354013;87,669998
2025-08-21 16:00:00;2025-08-21 18:00:00;677,791914;94,000000
2025-08-21 17:00:00;2025-08-21 19:00:00;741,543748;106,389999
2025-08-21 18:00:00;2025-08-21 20:00:00;795,321034;110,730003
2025-08-21 19:00:00;2025-08-21 21:00:00;826,243691;110,730003
2025-08-21 20:00:00;2025-08-21 22:00:00;887,159008;105,000000
2025-08-21 21:00:00;2025-08-21 23:00:00;952,656328;95,779999
2025-08-21 22:00:00;2025-08-22 00:00:00;1022,905301;89,269997
2025-08-21 23:00:00;2025-08-22 01:00:00;1023,019144;81,989998
2025-08-22 00:00:00;2025-08-22 02:00:00;1073,097017;78,589996
2025-08-22 01:00:00;2025-08-22 03:00:00;1167,732924;77,519997
2025-08-22 02:00:00;2025-08-22 04:00:00;1293,513980;77,650002
2025-08-22 03:00:00;2025-08-22 05:00:00;1345,342449;87,900002
2025-08-22 04:00:00;2025-08-22 06:00:00;1342,976448;95,989998
2025-08-22 05:00:00;2025-08-22 07:00:00;1357,197115;99,099998
2025-08-22 06:00:00;2025-08-22 08:00:00;1343,196278;87,800003
2025-08-22 07:00:00;2025-08-22 09:00:00;1351,723686;24,690001
2025-08-22 08:00:00;2025-08-22 10:00:00;1328,316838;10,920000
2025-08-22 09:00:00;2025-08-22 11:00:00;1310,386379;6,700000
2025-08-22 10:00:00;2025-08-22 12:00:00;1281,629312;7,380000
2025-08-22 11:00:00;2025-08-22 13:00:00;1309,956210;3,850000
2025-08-22 12:00:00;2025-08-22 14:00:00;1328,460268;3,900000
2025-08-22 13:00:00;2025-08-22 15:00:00;1317,879679;4,010000
2025-08-22 14:00:00;2025-08-22 16:00:00;1294,142143;32,060001
2025-08-22 15:00:00;2025-08-22 17:00:00;1255,703542;58,430000
2025-08-22 16:00:00;2025-08-22 18:00:00;1196,411774;83,080002
2025-08-22 17:00:00;2025-08-22 19:00:00;1131,010452;106,070000
2025-08-22 18:00:00;2025-08-22 20:00:00;1150,882168;113,000000
2025-08-22 19:00:00;2025-08-22 21:00:00;1154,324601;107,629997
2025-08-22 20:00:00;2025-08-22 22:00:00;1208,804375;103,089996
2025-08-22 21:00:00;2025-08-22 23:00:00;1237,272300;94,370003
2025-08-22 22:00:00;2025-08-23 00:00:00;1204,214498;95,330002
2025-08-22 23:00:00;2025-08-23 01:00:00;1250,330442;89,320000
2025-08-23 00:00:00;2025-08-23 02:00:00;1071,636665;87,760002
2025-08-23 01:00:00;2025-08-23 03:00:00;928,068380;85,209999
2025-08-23 02:00:00;2025-08-23 04:00:00;933,013345;85,559998
2025-08-23 03:00:00;2025-08-23 05:00:00;910,593116;85,599998
2025-08-23 04:00:00;2025-08-23 06:00:00;928,490889;86,669998
2025-08-23 05:00:00;2025-08-23 07:00:00;1038,008572;86,779999
2025-08-23 06:00:00;2025-08-23 08:00:00;1060,145860;83,570000
2025-08-23 07:00:00;2025-08-23 09:00:00;947,423340;62,900002
2025-08-23 08:00:00;2025-08-23 10:00:00;714,367857;14,690000
2025-08-23 09:00:00;2025-08-23 11:00:00;596,424129;4,010000
2025-08-23 10:00:00;2025-08-23 12:00:00;482,472886;3,000000
2025-08-23 11:00:00;2025-08-23 13:00:00;76,929100;2,010000
2025-08-23 12:00:00;2025-08-23 14:00:00;22,235500;1,840000
2025-08-23 13:00:00;2025-08-23 15:00:00;47,557631;3,520000
2025-08-23 14:00:00;2025-08-23 16:00:00;353,760151;12,100000
2025-08-23 15:00:00;2025-08-23 17:00:00;461,205163;72,190002
2025-08-23 16:00:00;2025-08-23 18:00:00;555,206175;100,309998
2025-08-23 17:00:00;2025-08-23 19:00:00;601,940362;112,220001
2025-08-23 18:00:00;2025-08-23 20:00:00;665,826107;123,669998
2025-08-23 19:00:00;2025-08-23 21:00:00;875,810246;120,430000
2025-08-23 20:00:00;2025-08-23 22:00:00;976,817275;111,160004
2025-08-23 21:00:00;2025-08-23 23:00:00;983,709414;105,279999
2025-08-23 22:00:00;2025-08-24 00:00:00;939,950151;100,500000
2025-08-23 23:00:00;2025-08-24 01:00:00;910,318483;95,129997
2025-08-24 00:00:00;2025-08-24 02:00:00;962,940620;94,410004
2025-08-24 01:00:00;2025-08-24 03:00:00;1044,593777;92,129997
2025-08-24 02:00:00;2025-08-24 04:00:00;1107,326930;91,199997
2025-08-24 03:00:00;2025-08-24 05:00:00;987,635160;90,970001
2025-08-24 04:00:00;2025-08-24 06:00:00;1049,791638;90,000000
2025-08-24 05:00:00;2025-08-24 07:00:00;995,190557;85,010002
2025-08-24 06:00:00;2025-08-24 08:00:00;944,450123;72,839996
2025-08-24 07:00:00;2025-08-24 09:00:00;1023,388725;4,800000
2025-08-24 08:00:00;2025-08-24 10:00:00;455,569287;0,310000
2025-08-24 09:00:00;2025-08-24 11:00:00;361,448600;0,000000
2025-08-24 10:00:00;2025-08-24 12:00:00;261,555700;0,000000
2025-08-24 11:00:00;2025-08-24 13:00:00;16,192100;-0,130000
2025-08-24 12:00:00;2025-08-24 14:00:00;25,393800;-0,270000
2025-08-24 13:00:00;2025-08-24 15:00:00;112,305900;-0,070000
2025-08-24 14:00:00;2025-08-24 16:00:00;236,019967;0,000000
2025-08-24 15:00:00;2025-08-24 17:00:00;818,048188;63,360001
2025-08-24 16:00:00;2025-08-24 18:00:00;739,552368;99,809998
2025-08-24 17:00:00;2025-08-24 19:00:00;712,854565;110,500000
2025-08-24 18:00:00;2025-08-24 20:00:00;679,571790;117,309998
2025-08-24 19:00:00;2025-08-24 21:00:00;742,787658;114,320000
2025-08-24 20:00:00;2025-08-24 22:00:00;1009,240897;107,500000
2025-08-24 21:00:00;2025-08-24 23:00:00;984,624980;100,519997
2025-08-24 22:00:00;2025-08-25 00:00:00;974,361513;95,279999
2025-08-24 23:00:00;2025-08-25 01:00:00;956,879589;87,029999
2025-08-25 00:00:00;2025-08-25 02:00:00;957,246799;84,019997
2025-08-25 01:00:00;2025-08-25 03:00:00;940,887611;82,900002
2025-08-25 02:00:00;2025-08-25 04:00:00;951,458540;83,459999
2025-08-25 03:00:00;2025-08-25 05:00:00;996,904690;100,120003
2025-08-25 04:00:00;2025-08-25 06:00:00;957,027983;115,379997
2025-08-25 05:00:00;2025-08-25 07:00:00;974,543965;125,000000
2025-08-25 06:00:00;2025-08-25 08:00:00;895,333799;110,040001
2025-08-25 07:00:00;2025-08-25 09:00:00;836,798109;91,970001
2025-08-25 08:00:00;2025-08-25 10:00:00;831,836891;72,980003
2025-08-25 09:00:00;2025-08-25 11:00:00;707,670781;35,020000
2025-08-25 10:00:00;2025-08-25 12:00:00;560,022749;10,000000
2025-08-25 11:00:00;2025-08-25 13:00:00;508,148593;5,930000
2025-08-25 12:00:00;2025-08-25 14:00:00;488,739937;6,780000
2025-08-25 13:00:00;2025-08-25 15:00:00;428,691750;25,200001
2025-08-25 14:00:00;2025-08-25 16:00:00;346,606800;56,430000
2025-08-25 15:00:00;2025-08-25 17:00:00;297,763659;86,669998
2025-08-25 16:00:00;2025-08-25 18:00:00;217,749897;111,540001
2025-08-25 17:00:00;2025-08-25 19:00:00;113,227921;159,029999
2025-08-25 18:00:00;2025-08-25 20:00:00;70,772700;232,820007
2025-08-25 19:00:00;2025-08-25 21:00:00;69,893600;138,039993
2025-08-25 20:00:00;2025-08-25 22:00:00;58,455600;115,040001
2025-08-25 21:00:00;2025-08-25 23:00:00;45,664200;105,150002
2025-08-25 22:00:00;2025-08-26 00:00:00;37,589100;105,800003
2025-08-25 23:00:00;2025-08-26 01:00:00;26,427044;100,440002
2025-08-26 00:00:00;2025-08-26 02:00:00;26,302669;96,580002
2025-08-26 01:00:00;2025-08-26 03:00:00;44,019332;94,790001
2025-08-26 02:00:00;2025-08-26 04:00:00;42,540100;96,269997
2025-08-26 03:00:00;2025-08-26 05:00:00;39,429699;106,599998
2025-08-26 04:00:00;2025-08-26 06:00:00;57,804146;124,589996
2025-08-26 05:00:00;2025-08-26 07:00:00;49,958797;123,449997
2025-08-26 06:00:00;2025-08-26 08:00:00;71,270092;106,790001
2025-08-26 07:00:00;2025-08-26 09:00:00;63,743080;90,000000
2025-08-26 08:00:00;2025-08-26 10:00:00;75,539112;80,540001
2025-08-26 09:00:00;2025-08-26 11:00:00;98,431095;64,040001
2025-08-26 10:00:00;2025-08-26 12:00:00;100,974731;50,000000
2025-08-26 11:00:00;2025-08-26 13:00:00;127,765949;36,590000
2025-08-26 12:00:00;2025-08-26 14:00:00;137,915459;50,080002
2025-08-26 13:00:00;2025-08-26 15:00:00;140,853664;72,389999
2025-08-26 14:00:00;2025-08-26 16:00:00;161,467746;88,260002
2025-08-26 15:00:00;2025-08-26 17:00:00;211,657322;105,050003
2025-08-26 16:00:00;2025-08-26 18:00:00;254,979925;131,089996
2025-08-26 17:00:00;2025-08-26 19:00:00;331,009557;196,880005
2025-08-26 18:00:00;2025-08-26 20:00:00;353,928566;180,169998
2025-08-26 19:00:00;2025-08-26 21:00:00;445,072712;123,300003
2025-08-26 20:00:00;2025-08-26 22:00:00;564,212957;109,470001
2025-08-26 21:00:00;2025-08-26 23:00:00;564,132628;97,669998
2025-08-26 22:00:00;2025-08-27 00:00:00;625,083703;96,589996
2025-08-26 23:00:00;2025-08-27 01:00:00;737,001412;89,980003
2025-08-27 00:00:00;2025-08-27 02:00:00;819,595706;86,519997
2025-08-27 01:00:00;2025-08-27 03:00:00;855,906384;87,250000
2025-08-27 02:00:00;2025-08-27 04:00:00;835,402675;90,000000
2025-08-27 03:00:00;2025-08-27 05:00:00;773,636657;96,070000
2025-08-27 04:00:00;2025-08-27 06:00:00;758,758217;109,099998
2025-08-27 05:00:00;2025-08-27 07:00:00;680,700652;115,379997
2025-08-27 06:00:00;2025-08-27 08:00:00;650,445872;113,720001
2025-08-27 07:00:00;2025-08-27 09:00:00;522,258712;101,629997
2025-08-27 08:00:00;2025-08-27 10:00:00;419,447261;86,570000
2025-08-27 09:00:00;2025-08-27 11:00:00;396,752975;80,029999
2025-08-27 10:00:00;2025-08-27 12:00:00;434,751882;64,639999
2025-08-27 11:00:00;2025-08-27 13:00:00;468,392244;53,419998
2025-08-27 12:00:00;2025-08-27 14:00:00;552,248150;54,830002
2025-08-27 13:00:00;2025-08-27 15:00:00;523,564029;76,669998
2025-08-27 14:00:00;2025-08-27 16:00:00;569,231810;85,510002
2025-08-27 15:00:00;2025-08-27 17:00:00;670,108318;104,940002
2025-08-27 16:00:00;2025-08-27 18:00:00;630,137634;134,639999
2025-08-27 17:00:00;2025-08-27 19:00:00;463,964501;222,070007
2025-08-27 18:00:00;2025-08-27 20:00:00;272,961841;222,039993
2025-08-27 19:00:00;2025-08-27 21:00:00;127,358067;128,880005
2025-08-27 20:00:00;2025-08-27 22:00:00;130,948501;113,629997
2025-08-27 21:00:00;2025-08-27 23:00:00;115,878584;103,570000
2025-08-27 22:00:00;2025-08-28 00:00:00;103,538992;97,150002
2025-08-27 23:00:00;2025-08-28 01:00:00;79,511670;91,919998
2025-08-28 00:00:00;2025-08-28 02:00:00;87,152018;87,889999
2025-08-28 01:00:00;2025-08-28 03:00:00;90,837089;87,089996
2025-08-28 02:00:00;2025-08-28 04:00:00;123,433900;90,230003
2025-08-28 03:00:00;2025-08-28 05:00:00;162,750068;98,720001
2025-08-28 04:00:00;2025-08-28 06:00:00;164,492132;121,629997
2025-08-28 05:00:00;2025-08-28 07:00:00;114,913516;143,789993
2025-08-28 06:00:00;2025-08-28 08:00:00;149,331559;144,130005
2025-08-28 07:00:00;2025-08-28 09:00:00;217,083261;121,989998
2025-08-28 08:00:00;2025-08-28 10:00:00;252,300220;112,269997
2025-08-28 09:00:00;2025-08-28 11:00:00;246,951017;108,129997
2025-08-28 10:00:00;2025-08-28 12:00:00;336,344726;100,889999
2025-08-28 11:00:00;2025-08-28 13:00:00;389,760172;100,959999
2025-08-28 12:00:00;2025-08-28 14:00:00;298,169624;100,889999
2025-08-28 13:00:00;2025-08-28 15:00:00;212,588350;100,660004
2025-08-28 14:00:00;2025-08-28 16:00:00;211,750990;96,220001
2025-08-28 15:00:00;2025-08-28 17:00:00;141,564128;130,000000
2025-08-28 16:00:00;2025-08-28 18:00:00;159,070235;160,979996
2025-08-28 17:00:00;2025-08-28 19:00:00;199,767973;210,000000
2025-08-28 18:00:00;2025-08-28 20:00:00;357,149263;153,160004
2025-08-28 19:00:00;2025-08-28 21:00:00;368,375256;124,180000
2025-08-28 20:00:00;2025-08-28 22:00:00;330,742938;107,110001
2025-08-28 21:00:00;2025-08-28 23:00:00;331,384389;92,150002
2025-08-28 22:00:00;2025-08-29 00:00:00;338,123448;85,040001
2025-08-28 23:00:00;2025-08-29 01:00:00;249,289880;83,269997
2025-08-29 00:00:00;2025-08-29 02:00:00;147,336082;83,099998
2025-08-29 01:00:00;2025-08-29 03:00:00;158,624559;81,589996
2025-08-29 02:00:00;2025-08-29 04:00:00;125,270022;83,010002
2025-08-29 03:00:00;2025-08-29 05:00:00;69,858581;91,000000
2025-08-29 04:00:00;2025-08-29 06:00:00;32,272655;117,550003
2025-08-29 05:00:00;2025-08-29 07:00:00;43,806515;121,389999
2025-08-29 06:00:00;2025-08-29 08:00:00;57,996668;120,000000
2025-08-29 07:00:00;2025-08-29 09:00:00;149,505360;110,389999
2025-08-29 08:00:00;2025-08-29 10:00:00;208,768217;84,459999
2025-08-29 09:00:00;2025-08-29 11:00:00;252,912882;78,779999
2025-08-29 10:00:00;2025-08-29 12:00:00;272,423394;68,449997
2025-08-29 11:00:00;2025-08-29 13:00:00;252,000227;54,919998
2025-08-29 12:00:00;2025-08-29 14:00:00;208,406802;60,459999
2025-08-29 13:00:00;2025-08-29 15:00:00;148,655196;74,300003
2025-08-29 14:00:00;2025-08-29 16:00:00;164,485178;85,000000
2025-08-29 15:00:00;2025-08-29 17:00:00;284,503874;104,820000
2025-08-29 16:00:00;2025-08-29 18:00:00;337,726605;118,639999
2025-08-29 17:00:00;2025-08-29 19:00:00;311,657030;147,679993
2025-08-29 18:00:00;2025-08-29 20:00:00;193,134418;116,500000
2025-08-29 19:00:00;2025-08-29 21:00:00;170,230116;111,959999
2025-08-29 20:00:00;2025-08-29 22:00:00;497,771363;95,699997
2025-08-29 21:00:00;2025-08-29 23:00:00;684,535095;86,070000
2025-08-29 22:00:00;2025-08-30 00:00:00;685,539418;92,500000
2025-08-29 23:00:00;2025-08-30 01:00:00;609,278831;86,559998
2025-08-30 00:00:00;2025-08-30 02:00:00;242,902926;83,279999
2025-08-30 01:00:00;2025-08-30 03:00:00;225,607219;81,510002
2025-08-30 02:00:00;2025-08-30 04:00:00;370,877456;83,389999
2025-08-30 03:00:00;2025-08-30 05:00:00;420,119926;87,410004
2025-08-30 04:00:00;2025-08-30 06:00:00;559,874587;95,019997
2025-08-30 05:00:00;2025-08-30 07:00:00;501,120275;98,089996
2025-08-30 06:00:00;2025-08-30 08:00:00;493,086648;89,639999
2025-08-30 07:00:00;2025-08-30 09:00:00;518,182774;78,599998
2025-08-30 08:00:00;2025-08-30 10:00:00;513,576445;36,459999
2025-08-30 09:00:00;2025-08-30 11:00:00;451,466835;5,230000
2025-08-30 10:00:00;2025-08-30 12:00:00;468,971521;3,700000
2025-08-30 11:00:00;2025-08-30 13:00:00;552,944523;3,250000
2025-08-30 12:00:00;2025-08-30 14:00:00;378,376552;2,880000
2025-08-30 13:00:00;2025-08-30 15:00:00;183,455519;8,620000
2025-08-30 14:00:00;2025-08-30 16:00:00;332,382722;9,480000
2025-08-30 15:00:00;2025-08-30 17:00:00;328,766296;73,040001
2025-08-30 16:00:00;2025-08-30 18:00:00;283,754248;94,699997
2025-08-30 17:00:00;2025-08-30 19:00:00;262,646293;115,220001
2025-08-30 18:00:00;2025-08-30 20:00:00;240,933026;127,059998
2025-08-30 19:00:00;2025-08-30 21:00:00;211,108423;110,570000
2025-08-30 20:00:00;2025-08-30 22:00:00;221,798275;99,290001
2025-08-30 21:00:00;2025-08-30 23:00:00;302,536272;87,800003
2025-08-30 22:00:00;2025-08-31 00:00:00;417,994224;85,459999
2025-08-30 23:00:00;2025-08-31 01:00:00;537,159085;78,910004
2025-08-31 00:00:00;2025-08-31 02:00:00;671,978183;67,720001
2025-08-31 01:00:00;2025-08-31 03:00:00;700,595326;64,089996
2025-08-31 02:00:00;2025-08-31 04:00:00;791,366838;60,930000
2025-08-31 03:00:00;2025-08-31 05:00:00;833,048044;60,790001
2025-08-31 04:00:00;2025-08-31 06:00:00;864,862356;61,119999
2025-08-31 05:00:00;2025-08-31 07:00:00;905,159976;54,520000
2025-08-31 06:00:00;2025-08-31 08:00:00;899,344287;22,299999
2025-08-31 07:00:00;2025-08-31 09:00:00;832,877470;5,200000
2025-08-31 08:00:00;2025-08-31 10:00:00;480,962736;1,940000
2025-08-31 09:00:00;2025-08-31 11:00:00;430,952281;1,640000
2025-08-31 10:00:00;2025-08-31 12:00:00;418,428961;1,830000
2025-08-31 11:00:00;2025-08-31 13:00:00;240,063714;1,660000
2025-08-31 12:00:00;2025-08-31 14:00:00;211,114046;0,000000
2025-08-31 13:00:00;2025-08-31 15:00:00;180,788725;0,000000
2025-08-31 14:00:00;2025-08-31 16:00:00;427,906424;25,469999
2025-08-31 15:00:00;2025-08-31 17:00:00;398,301847;79,739998
2025-08-31 16:00:00;2025-08-31 18:00:00;410,109936;116,360001
2025-08-31 17:00:00;2025-08-31 19:00:00;510,718802;135,100006
2025-08-31 18:00:00;2025-08-31 20:00:00;478,866261;131,389999
2025-08-31 19:00:00;2025-08-31 21:00:00;439,927371;114,150002
2025-08-31 20:00:00;2025-08-31 22:00:00;564,235222;100,860001
2025-08-31 21:00:00;2025-08-31 23:00:00;667,521323;88,800003
2025-08-31 22:00:00;2025-09-01 00:00:00;732,248816;81,449997
2025-08-31 23:00:00;2025-09-01 01:00:00;817,527074;80,589996
2025-09-01 00:00:00;2025-09-01 02:00:00;858,411774;78,980003
2025-09-01 01:00:00;2025-09-01 03:00:00;992,079528;74,940002
2025-09-01 02:00:00;2025-09-01 04:00:00;989,670703;74,330002
2025-09-01 03:00:00;2025-09-01 05:00:00;892,071669;85,760002
2025-09-01 04:00:00;2025-09-01 06:00:00;708,191732;113,970001
2025-09-01 05:00:00;2025-09-01 07:00:00;596,017621;123,129997
2025-09-01 06:00:00;2025-09-01 08:00:00;415,868039;114,239998
2025-09-01 07:00:00;2025-09-01 09:00:00;404,194527;98,190002
2025-09-01 08:00:00;2025-09-01 10:00:00;414,893000;82,000000
2025-09-01 09:00:00;2025-09-01 11:00:00;394,596400;69,400002
2025-09-01 10:00:00;2025-09-01 12:00:00;391,700500;38,270000
2025-09-01 11:00:00;2025-09-01 13:00:00;396,630819;25,030001
2025-09-01 12:00:00;2025-09-01 14:00:00;414,158643;42,730000
2025-09-01 13:00:00;2025-09-01 15:00:00;407,674983;67,760002
2025-09-01 14:00:00;2025-09-01 16:00:00;477,570692;84,669998
2025-09-01 15:00:00;2025-09-01 17:00:00;509,500272;109,699997
2025-09-01 16:00:00;2025-09-01 18:00:00;387,916043;155,320007
2025-09-01 17:00:00;2025-09-01 19:00:00;233,877808;250,649994
2025-09-01 18:00:00;2025-09-01 20:00:00;239,713805;210,559998
2025-09-01 19:00:00;2025-09-01 21:00:00;303,924358;125,199997
2025-09-01 20:00:00;2025-09-01 22:00:00;345,876555;112,400002
2025-09-01 21:00:00;2025-09-01 23:00:00;289,906779;100,529999
2025-09-01 22:00:00;2025-09-02 00:00:00;331,554290;95,010002
2025-09-01 23:00:00;2025-09-02 01:00:00;400,256203;90,110001
2025-09-02 00:00:00;2025-09-02 02:00:00;437,745502;90,839996
2025-09-02 01:00:00;2025-09-02 03:00:00;308,137925;92,500000
2025-09-02 02:00:00;2025-09-02 04:00:00;336,343717;94,800003
2025-09-02 03:00:00;2025-09-02 05:00:00;387,781622;106,849998
2025-09-02 04:00:00;2025-09-02 06:00:00;342,844850;118,470001
2025-09-02 05:00:00;2025-09-02 07:00:00;346,609923;153,669998
2025-09-02 06:00:00;2025-09-02 08:00:00;297,174329;147,479996
2025-09-02 07:00:00;2025-09-02 09:00:00;333,821935;121,050003
2025-09-02 08:00:00;2025-09-02 10:00:00;348,174444;102,139999
2025-09-02 09:00:00;2025-09-02 11:00:00;310,717059;84,660004
2025-09-02 10:00:00;2025-09-02 12:00:00;367,103545;78,940002
2025-09-02 11:00:00;2025-09-02 13:00:00;442,085488;79,730003
2025-09-02 12:00:00;2025-09-02 14:00:00;432,693898;78,540001
2025-09-02 13:00:00;2025-09-02 15:00:00;513,192525;84,370003
2025-09-02 14:00:00;2025-09-02 16:00:00;485,890875;95,000000
2025-09-02 15:00:00;2025-09-02 17:00:00;465,079867;108,970001
2025-09-02 16:00:00;2025-09-02 18:00:00;283,937804;173,160004
2025-09-02 17:00:00;2025-09-02 19:00:00;299,679943;311,510010
2025-09-02 18:00:00;2025-09-02 20:00:00;254,676204;263,790009
2025-09-02 19:00:00;2025-09-02 21:00:00;210,360078;140,919998
2025-09-02 20:00:00;2025-09-02 22:00:00;230,600914;110,470001
2025-09-02 21:00:00;2025-09-02 23:00:00;201,054803;91,209999
2025-09-02 22:00:00;2025-09-03 00:00:00;157,760088;97,250000
2025-09-02 23:00:00;2025-09-03 01:00:00;287,547936;90,739998
2025-09-03 00:00:00;2025-09-03 02:00:00;529,738091;85,949997
2025-09-03 01:00:00;2025-09-03 03:00:00;632,541771;81,720001
2025-09-03 02:00:00;2025-09-03 04:00:00;670,524782;81,230003
2025-09-03 03:00:00;2025-09-03 05:00:00;703,136211;79,500000
2025-09-03 04:00:00;2025-09-03 06:00:00;703,120585;93,449997
2025-09-03 05:00:00;2025-09-03 07:00:00;770,057810;105,610001
2025-09-03 06:00:00;2025-09-03 08:00:00;883,716731;105,199997
2025-09-03 07:00:00;2025-09-03 09:00:00;974,619633;85,300003
2025-09-03 08:00:00;2025-09-03 10:00:00;1047,401719;29,040001
2025-09-03 09:00:00;2025-09-03 11:00:00;903,130220;2,840000
2025-09-03 10:00:00;2025-09-03 12:00:00;880,382579;2,380000
2025-09-03 11:00:00;2025-09-03 13:00:00;654,410895;2,110000
2025-09-03 12:00:00;2025-09-03 14:00:00;709,170717;2,310000
2025-09-03 13:00:00;2025-09-03 15:00:00;581,518555;2,020000
2025-09-03 14:00:00;2025-09-03 16:00:00;1207,218170;10,000000
2025-09-03 15:00:00;2025-09-03 17:00:00;1249,234265;63,459999
2025-09-03 16:00:00;2025-09-03 18:00:00;1159,038301;80,930000
2025-09-03 17:00:00;2025-09-03 19:00:00;1164,611136;96,309998
2025-09-03 18:00:00;2025-09-03 20:00:00;1151,486495;90,300003
2025-09-03 19:00:00;2025-09-03 21:00:00;1162,343258;60,880001
2025-09-03 20:00:00;2025-09-03 22:00:00;968,134189;44,189999
2025-09-03 21:00:00;2025-09-03 23:00:00;990,884595;38,349998
2025-09-03 22:00:00;2025-09-04 00:00:00;959,014824;15,100000
2025-09-03 23:00:00;2025-09-04 01:00:00;881,984595;15,040000
2025-09-04 00:00:00;2025-09-04 02:00:00;888,111343;14,880000
2025-09-04 01:00:00;2025-09-04 03:00:00;930,298553;15,090000
2025-09-04 02:00:00;2025-09-04 04:00:00;931,617203;24,280001
2025-09-04 03:00:00;2025-09-04 05:00:00;1162,476078;44,599998
2025-09-04 04:00:00;2025-09-04 06:00:00;1120,243098;73,089996
2025-09-04 05:00:00;2025-09-04 07:00:00;1061,352848;96,820000
2025-09-04 06:00:00;2025-09-04 08:00:00;925,320559;98,000000
2025-09-04 07:00:00;2025-09-04 09:00:00;499,575162;77,809998
2025-09-04 08:00:00;2025-09-04 10:00:00;563,338934;41,450001
2025-09-04 09:00:00;2025-09-04 11:00:00;802,362291;5,790000
2025-09-04 10:00:00;2025-09-04 12:00:00;761,894334;3,200000
2025-09-04 11:00:00;2025-09-04 13:00:00;788,111304;3,360000
2025-09-04 12:00:00;2025-09-04 14:00:00;745,087315;34,889999
2025-09-04 13:00:00;2025-09-04 15:00:00;780,846356;71,000000
2025-09-04 14:00:00;2025-09-04 16:00:00;702,870645;89,519997
2025-09-04 15:00:00;2025-09-04 17:00:00;663,797296;109,129997
2025-09-04 16:00:00;2025-09-04 18:00:00;593,196943;191,800003
2025-09-04 17:00:00;2025-09-04 19:00:00;476,035705;350,000000
2025-09-04 18:00:00;2025-09-04 20:00:00;381,844009;218,820007
2025-09-04 19:00:00;2025-09-04 21:00:00;338,980446;124,930000
2025-09-04 20:00:00;2025-09-04 22:00:00;326,098556;112,139999
2025-09-04 21:00:00;2025-09-04 23:00:00;388,437900;101,300003
2025-09-04 22:00:00;2025-09-05 00:00:00;398,419217;95,250000
2025-09-04 23:00:00;2025-09-05 01:00:00;484,319666;86,099998
2025-09-05 00:00:00;2025-09-05 02:00:00;448,740900;85,260002
2025-09-05 01:00:00;2025-09-05 03:00:00;270,164778;85,199997
2025-09-05 02:00:00;2025-09-05 04:00:00;227,634666;85,599998
2025-09-05 03:00:00;2025-09-05 05:00:00;256,781442;97,360001
2025-09-05 04:00:00;2025-09-05 06:00:00;315,773174;119,160004
2025-09-05 05:00:00;2025-09-05 07:00:00;275,199188;132,130005
2025-09-05 06:00:00;2025-09-05 08:00:00;400,573864;125,750000
2025-09-05 07:00:00;2025-09-05 09:00:00;370,087142;100,400002
2025-09-05 08:00:00;2025-09-05 10:00:00;321,429191;87,830002
2025-09-05 09:00:00;2025-09-05 11:00:00;339,148030;84,150002
2025-09-05 10:00:00;2025-09-05 12:00:00;317,462692;78,250000
2025-09-05 11:00:00;2025-09-05 13:00:00;385,995353;72,190002
2025-09-05 12:00:00;2025-09-05 14:00:00;348,267902;70,169998
2025-09-05 13:00:00;2025-09-05 15:00:00;342,211164;77,529999
2025-09-05 14:00:00;2025-09-05 16:00:00;389,376769;85,000000
2025-09-05 15:00:00;2025-09-05 17:00:00;317,136499;90,959999
2025-09-05 16:00:00;2025-09-05 18:00:00;346,433177;108,949997
2025-09-05 17:00:00;2025-09-05 19:00:00;467,820946;154,529999
2025-09-05 18:00:00;2025-09-05 20:00:00;528,222405;150,750000
2025-09-05 19:00:00;2025-09-05 21:00:00;510,658854;117,099998
2025-09-05 20:00:00;2025-09-05 22:00:00;507,772764;107,709999
2025-09-05 21:00:00;2025-09-05 23:00:00;385,758340;100,699997
2025-09-05 22:00:00;2025-09-06 00:00:00;291,168504;101,209999
2025-09-05 23:00:00;2025-09-06 01:00:00;216,250565;100,589996
2025-09-06 00:00:00;2025-09-06 02:00:00;220,592892;99,570000
2025-09-06 01:00:00;2025-09-06 03:00:00;207,368819;97,839996
2025-09-06 02:00:00;2025-09-06 04:00:00;158,028424;96,959999
2025-09-06 03:00:00;2025-09-06 05:00:00;180,481467;98,010002
2025-09-06 04:00:00;2025-09-06 06:00:00;217,721016;97,870003
2025-09-06 05:00:00;2025-09-06 07:00:00;209,952469;100,910004
2025-09-06 06:00:00;2025-09-06 08:00:00;214,055082;95,980003
2025-09-06 07:00:00;2025-09-06 09:00:00;213,044055;79,110001
2025-09-06 08:00:00;2025-09-06 10:00:00;163,872598;11,350000
2025-09-06 09:00:00;2025-09-06 11:00:00;41,248400;2,080000
2025-09-06 10:00:00;2025-09-06 12:00:00;35,626800;2,060000
2025-09-06 11:00:00;2025-09-06 13:00:00;22,078400;0,260000
2025-09-06 12:00:00;2025-09-06 14:00:00;18,426700;0,000000
2025-09-06 13:00:00;2025-09-06 15:00:00;20,820200;-0,010000
2025-09-06 14:00:00;2025-09-06 16:00:00;39,021100;40,990002
2025-09-06 15:00:00;2025-09-06 17:00:00;22,361400;87,599998
2025-09-06 16:00:00;2025-09-06 18:00:00;7,347400;116,470001
2025-09-06 17:00:00;2025-09-06 19:00:00;0,697400;158,389999
2025-09-06 18:00:00;2025-09-06 20:00:00;1,046400;139,539993
2025-09-06 19:00:00;2025-09-06 21:00:00;0,000000;109,949997
2025-09-06 20:00:00;2025-09-06 22:00:00;0,000000;92,949997
2025-09-06 21:00:00;2025-09-06 23:00:00;7,023449;82,559998
2025-09-06 22:00:00;2025-09-07 00:00:00;32,455556;89,720001
2025-09-06 23:00:00;2025-09-07 01:00:00;69,067100;85,019997
2025-09-07 00:00:00;2025-09-07 02:00:00;115,374780;80,769997
2025-09-07 01:00:00;2025-09-07 03:00:00;162,047973;78,040001
2025-09-07 02:00:00;2025-09-07 04:00:00;293,144537;77,570000
2025-09-07 03:00:00;2025-09-07 05:00:00;332,060966;77,440002
2025-09-07 04:00:00;2025-09-07 06:00:00;376,738698;78,040001
2025-09-07 05:00:00;2025-09-07 07:00:00;441,065844;55,480000
2025-09-07 06:00:00;2025-09-07 08:00:00;270,339422;0,000000
2025-09-07 07:00:00;2025-09-07 09:00:00;202,705145;-0,090000
2025-09-07 08:00:00;2025-09-07 10:00:00;187,197444;-0,010000
2025-09-07 09:00:00;2025-09-07 11:00:00;87,098595;-8,960000
2025-09-07 10:00:00;2025-09-07 12:00:00;87,807504;-25,320000
2025-09-07 11:00:00;2025-09-07 13:00:00;18,733786;-34,040001
2025-09-07 12:00:00;2025-09-07 14:00:00;26,933233;-31,790001
2025-09-07 13:00:00;2025-09-07 15:00:00;378,620519;-12,100000
2025-09-07 14:00:00;2025-09-07 16:00:00;502,116760;1,660000
2025-09-07 15:00:00;2025-09-07 17:00:00;773,399326;3,360000
2025-09-07 16:00:00;2025-09-07 18:00:00;806,366738;92,559998
2025-09-07 17:00:00;2025-09-07 19:00:00;831,771523;108,110001
2025-09-07 18:00:00;2025-09-07 20:00:00;876,762786;96,250000
2025-09-07 19:00:00;2025-09-07 21:00:00;924,438742;86,019997
2025-09-07 20:00:00;2025-09-07 22:00:00;956,328527;85,010002
2025-09-07 21:00:00;2025-09-07 23:00:00;977,457146;82,570000
2025-09-07 22:00:00;2025-09-08 00:00:00;990,055549;69,199997
2025-09-07 23:00:00;2025-09-08 01:00:00;1040,624388;69,040001
2025-09-08 00:00:00;2025-09-08 02:00:00;1030,625042;70,480003
2025-09-08 01:00:00;2025-09-08 03:00:00;984,412734;70,410004
2025-09-08 02:00:00;2025-09-08 04:00:00;985,843474;72,449997
2025-09-08 03:00:00;2025-09-08 05:00:00;1010,958200;74,940002
2025-09-08 04:00:00;2025-09-08 06:00:00;1010,368743;94,290001
2025-09-08 05:00:00;2025-09-08 07:00:00;1034,009674;106,489998
2025-09-08 06:00:00;2025-09-08 08:00:00;990,774610;113,550003
2025-09-08 07:00:00;2025-09-08 09:00:00;926,662298;101,849998
2025-09-08 08:00:00;2025-09-08 10:00:00;839,224034;85,830002
2025-09-08 09:00:00;2025-09-08 11:00:00;829,357502;73,910004
2025-09-08 10:00:00;2025-09-08 12:00:00;841,745370;63,619999
2025-09-08 11:00:00;2025-09-08 13:00:00;812,393280;58,020000
2025-09-08 12:00:00;2025-09-08 14:00:00;724,644179;65,610001
2025-09-08 13:00:00;2025-09-08 15:00:00;691,529338;72,160004
2025-09-08 14:00:00;2025-09-08 16:00:00;548,028670;90,080002
2025-09-08 15:00:00;2025-09-08 17:00:00;459,694346;124,279999
2025-09-08 16:00:00;2025-09-08 18:00:00;318,505047;196,610001
2025-09-08 17:00:00;2025-09-08 19:00:00;314,892646;413,660004
2025-09-08 18:00:00;2025-09-08 20:00:00;222,699889;308,519989
2025-09-08 19:00:00;2025-09-08 21:00:00;149,113967;152,000000
2025-09-08 20:00:00;2025-09-08 22:00:00;93,577500;123,930000
2025-09-08 21:00:00;2025-09-08 23:00:00;133,471300;113,120003
2025-09-08 22:00:00;2025-09-09 00:00:00;100,228768;114,519997
2025-09-08 23:00:00;2025-09-09 01:00:00;75,101802;112,459999
2025-09-09 00:00:00;2025-09-09 02:00:00;101,524041;110,349998
2025-09-09 01:00:00;2025-09-09 03:00:00;82,204312;109,800003
2025-09-09 02:00:00;2025-09-09 04:00:00;48,202806;109,989998
2025-09-09 03:00:00;2025-09-09 05:00:00;49,784546;118,180000
2025-09-09 04:00:00;2025-09-09 06:00:00;34,004554;182,389999
2025-09-09 05:00:00;2025-09-09 07:00:00;29,403573;293,500000
2025-09-09 06:00:00;2025-09-09 08:00:00;67,950031;196,979996
2025-09-09 07:00:00;2025-09-09 09:00:00;84,522802;127,589996
2025-09-09 08:00:00;2025-09-09 10:00:00;103,916524;101,730003
2025-09-09 09:00:00;2025-09-09 11:00:00;143,297729;98,919998
2025-09-09 10:00:00;2025-09-09 12:00:00;148,752943;85,680000
2025-09-09 11:00:00;2025-09-09 13:00:00;132,322353;83,230003
2025-09-09 12:00:00;2025-09-09 14:00:00;67,196204;82,940002
2025-09-09 13:00:00;2025-09-09 15:00:00;46,240223;89,599998
2025-09-09 14:00:00;2025-09-09 16:00:00;79,786988;99,959999
2025-09-09 15:00:00;2025-09-09 17:00:00;95,489470;127,410004
2025-09-09 16:00:00;2025-09-09 18:00:00;150,058285;192,679993
2025-09-09 17:00:00;2025-09-09 19:00:00;181,033025;386,399994
2025-09-09 18:00:00;2025-09-09 20:00:00;294,035130;215,589996
2025-09-09 19:00:00;2025-09-09 21:00:00;413,156709;132,369995
2025-09-09 20:00:00;2025-09-09 22:00:00;630,448883;113,709999
2025-09-09 21:00:00;2025-09-09 23:00:00;628,259880;106,000000
2025-09-09 22:00:00;2025-09-10 00:00:00;1025,270578;100,720001
2025-09-09 23:00:00;2025-09-10 01:00:00;860,842039;101,160004
2025-09-10 00:00:00;2025-09-10 02:00:00;691,257581;98,480003
2025-09-10 01:00:00;2025-09-10 03:00:00;751,257076;99,169998
2025-09-10 02:00:00;2025-09-10 04:00:00;694,145731;100,139999
2025-09-10 03:00:00;2025-09-10 05:00:00;735,388828;107,639999
2025-09-10 04:00:00;2025-09-10 06:00:00;758,014574;131,039993
2025-09-10 05:00:00;2025-09-10 07:00:00;619,223539;218,809998
2025-09-10 06:00:00;2025-09-10 08:00:00;530,472978;171,919998
2025-09-10 07:00:00;2025-09-10 09:00:00;477,945643;125,900002
2025-09-10 08:00:00;2025-09-10 10:00:00;441,592679;107,330002
2025-09-10 09:00:00;2025-09-10 11:00:00;427,766303;97,199997
2025-09-10 10:00:00;2025-09-10 12:00:00;423,979917;80,300003
2025-09-10 11:00:00;2025-09-10 13:00:00;427,747162;78,000000
2025-09-10 12:00:00;2025-09-10 14:00:00;416,617068;82,099998
2025-09-10 13:00:00;2025-09-10 15:00:00;432,859921;83,199997
2025-09-10 14:00:00;2025-09-10 16:00:00;416,678392;96,709999
2025-09-10 15:00:00;2025-09-10 17:00:00;420,675319;123,660004
2025-09-10 16:00:00;2025-09-10 18:00:00;388,323562;170,589996
2025-09-10 17:00:00;2025-09-10 19:00:00;422,802941;275,190002
2025-09-10 18:00:00;2025-09-10 20:00:00;423,606642;169,070007
2025-09-10 19:00:00;2025-09-10 21:00:00;434,510370;122,940002
2025-09-10 20:00:00;2025-09-10 22:00:00;450,020960;101,580002
2025-09-10 21:00:00;2025-09-10 23:00:00;518,782180;87,629997
2025-09-10 22:00:00;2025-09-11 00:00:00;560,918539;82,570000
2025-09-10 23:00:00;2025-09-11 01:00:00;669,163692;79,239998
2025-09-11 00:00:00;2025-09-11 02:00:00;567,216530;71,540001
2025-09-11 01:00:00;2025-09-11 03:00:00;456,998254;65,230003
2025-09-11 02:00:00;2025-09-11 04:00:00;567,557402;65,169998
2025-09-11 03:00:00;2025-09-11 05:00:00;634,429584;66,599998
2025-09-11 04:00:00;2025-09-11 06:00:00;729,735100;85,870003
2025-09-11 05:00:00;2025-09-11 07:00:00;822,281931;85,800003
2025-09-11 06:00:00;2025-09-11 08:00:00;840,560607;87,000000
2025-09-11 07:00:00;2025-09-11 09:00:00;786,825936;63,630001
2025-09-11 08:00:00;2025-09-11 10:00:00;772,265325;41,090000
2025-09-11 09:00:00;2025-09-11 11:00:00;848,287647;8,230000
2025-09-11 10:00:00;2025-09-11 12:00:00;879,391455;4,080000
2025-09-11 11:00:00;2025-09-11 13:00:00;627,264156;2,970000
2025-09-11 12:00:00;2025-09-11 14:00:00;263,231089;4,250000
2025-09-11 13:00:00;2025-09-11 15:00:00;467,496138;2,820000
2025-09-11 14:00:00;2025-09-11 16:00:00;663,637508;8,960000
2025-09-11 15:00:00;2025-09-11 17:00:00;905,949235;68,000000
2025-09-11 16:00:00;2025-09-11 18:00:00;704,808903;106,680000
2025-09-11 17:00:00;2025-09-11 19:00:00;537,299484;128,000000
2025-09-11 18:00:00;2025-09-11 20:00:00;589,096916;123,019997
2025-09-11 19:00:00;2025-09-11 21:00:00;519,123722;103,190002
2025-09-11 20:00:00;2025-09-11 22:00:00;470,089635;81,199997
2025-09-11 21:00:00;2025-09-11 23:00:00;590,517379;63,889999
2025-09-11 22:00:00;2025-09-12 00:00:00;812,565348;18,190001
2025-09-11 23:00:00;2025-09-12 01:00:00;824,380740;18,040001
2025-09-12 00:00:00;2025-09-12 02:00:00;761,332272;15,190000
2025-09-12 01:00:00;2025-09-12 03:00:00;887,415416;11,130000
2025-09-12 02:00:00;2025-09-12 04:00:00;919,619064;13,140000
2025-09-12 03:00:00;2025-09-12 05:00:00;895,127590;13,070000
2025-09-12 04:00:00;2025-09-12 06:00:00;828,806172;30,100000
2025-09-12 05:00:00;2025-09-12 07:00:00;1016,476265;60,000000
2025-09-12 06:00:00;2025-09-12 08:00:00;1121,706025;71,199997
2025-09-12 07:00:00;2025-09-12 09:00:00;1078,950390;44,419998
2025-09-12 08:00:00;2025-09-12 10:00:00;644,392858;2,330000
2025-09-12 09:00:00;2025-09-12 11:00:00;313,609356;0,000000
2025-09-12 10:00:00;2025-09-12 12:00:00;37,239400;-1,830000
2025-09-12 11:00:00;2025-09-12 13:00:00;30,416100;-4,060000
2025-09-12 12:00:00;2025-09-12 14:00:00;19,267300;-2,010000
2025-09-12 13:00:00;2025-09-12 15:00:00;15,514300;-0,960000
2025-09-12 14:00:00;2025-09-12 16:00:00;608,409895;-0,010000
2025-09-12 15:00:00;2025-09-12 17:00:00;928,553096;51,630001
2025-09-12 16:00:00;2025-09-12 18:00:00;1024,043185;90,889999
2025-09-12 17:00:00;2025-09-12 19:00:00;985,687614;120,000000
2025-09-12 18:00:00;2025-09-12 20:00:00;882,476661;123,800003
2025-09-12 19:00:00;2025-09-12 21:00:00;727,946511;102,989998
2025-09-12 20:00:00;2025-09-12 22:00:00;760,584540;89,500000
2025-09-12 21:00:00;2025-09-12 23:00:00;1036,557634;72,260002
2025-09-12 22:00:00;2025-09-13 00:00:00;1013,455788;46,840000
2025-09-12 23:00:00;2025-09-13 01:00:00;1104,849636;34,500000
2025-09-13 00:00:00;2025-09-13 02:00:00;1124,296435;24,400000
2025-09-13 01:00:00;2025-09-13 03:00:00;1132,813052;19,650000
2025-09-13 02:00:00;2025-09-13 04:00:00;1127,561567;19,709999
2025-09-13 03:00:00;2025-09-13 05:00:00;1190,062908;18,990000
2025-09-13 04:00:00;2025-09-13 06:00:00;1243,020660;21,090000
2025-09-13 05:00:00;2025-09-13 07:00:00;1145,992571;36,549999
2025-09-13 06:00:00;2025-09-13 08:00:00;817,076616;39,000000
2025-09-13 07:00:00;2025-09-13 09:00:00;833,716774;37,000000
2025-09-13 08:00:00;2025-09-13 10:00:00;649,194583;14,300000
2025-09-13 09:00:00;2025-09-13 11:00:00;558,239578;2,370000
2025-09-13 10:00:00;2025-09-13 12:00:00;45,006531;1,360000
2025-09-13 11:00:00;2025-09-13 13:00:00;162,158724;1,320000
2025-09-13 12:00:00;2025-09-13 14:00:00;185,730981;1,370000
2025-09-13 13:00:00;2025-09-13 15:00:00;199,450769;0,000000
2025-09-13 14:00:00;2025-09-13 16:00:00;1022,277573;3,880000
2025-09-13 15:00:00;2025-09-13 17:00:00;1009,144173;63,000000
2025-09-13 16:00:00;2025-09-13 18:00:00;819,323115;97,510002
2025-09-13 17:00:00;2025-09-13 19:00:00;623,468718;116,930000
2025-09-13 18:00:00;2025-09-13 20:00:00;596,000336;118,769997
2025-09-13 19:00:00;2025-09-13 21:00:00;696,167793;111,169998
2025-09-13 20:00:00;2025-09-13 22:00:00;668,014771;100,000000
2025-09-13 21:00:00;2025-09-13 23:00:00;647,251808;87,180000
2025-09-13 22:00:00;2025-09-14 00:00:00;571,724998;85,690002
2025-09-13 23:00:00;2025-09-14 01:00:00;654,215930;77,570000
2025-09-14 00:00:00;2025-09-14 02:00:00;689,988562;80,610001
2025-09-14 01:00:00;2025-09-14 03:00:00;555,684221;85,930000
2025-09-14 02:00:00;2025-09-14 04:00:00;308,075724;93,769997
2025-09-14 03:00:00;2025-09-14 05:00:00;192,354319;99,820000
2025-09-14 04:00:00;2025-09-14 06:00:00;239,035553;100,750000
2025-09-14 05:00:00;2025-09-14 07:00:00;278,385670;105,360001
2025-09-14 06:00:00;2025-09-14 08:00:00;192,102100;108,480003
2025-09-14 07:00:00;2025-09-14 09:00:00;177,246480;87,779999
2025-09-14 08:00:00;2025-09-14 10:00:00;147,982338;61,680000
2025-09-14 09:00:00;2025-09-14 11:00:00;179,487912;17,580000
2025-09-14 10:00:00;2025-09-14 12:00:00;238,185601;6,520000
2025-09-14 11:00:00;2025-09-14 13:00:00;102,190098;0,010000
2025-09-14 12:00:00;2025-09-14 14:00:00;139,573235;0,000000
2025-09-14 13:00:00;2025-09-14 15:00:00;166,859430;0,000000
2025-09-14 14:00:00;2025-09-14 16:00:00;283,511286;19,330000
2025-09-14 15:00:00;2025-09-14 17:00:00;183,833834;98,199997
2025-09-14 16:00:00;2025-09-14 18:00:00;175,457129;124,339996
2025-09-14 17:00:00;2025-09-14 19:00:00;219,686700;142,020004
2025-09-14 18:00:00;2025-09-14 20:00:00;287,978890;123,220001
2025-09-14 19:00:00;2025-09-14 21:00:00;350,996694;89,669998
2025-09-14 20:00:00;2025-09-14 22:00:00;395,815622;71,639999
2025-09-14 21:00:00;2025-09-14 23:00:00;493,960548;14,270000
2025-09-14 22:00:00;2025-09-15 00:00:00;573,399380;15,810000
2025-09-14 23:00:00;2025-09-15 01:00:00;765,928451;3,870000
2025-09-15 00:00:00;2025-09-15 02:00:00;654,763535;1,390000
2025-09-15 01:00:00;2025-09-15 03:00:00;676,337213;0,010000
2025-09-15 02:00:00;2025-09-15 04:00:00;590,105405;0,000000
2025-09-15 03:00:00;2025-09-15 05:00:00;554,652327;0,900000
2025-09-15 04:00:00;2025-09-15 06:00:00;406,560623;-0,060000
2025-09-15 05:00:00;2025-09-15 07:00:00;1041,525817;0,000000
2025-09-15 06:00:00;2025-09-15 08:00:00;1201,705911;3,340000
2025-09-15 07:00:00;2025-09-15 09:00:00;994,145174;2,340000
2025-09-15 08:00:00;2025-09-15 10:00:00;1174,520960;4,280000
2025-09-15 09:00:00;2025-09-15 11:00:00;392,513548;0,420000
2025-09-15 10:00:00;2025-09-15 12:00:00;351,911476;0,000000
2025-09-15 11:00:00;2025-09-15 13:00:00;376,433750;-0,010000
2025-09-15 12:00:00;2025-09-15 14:00:00;374,034820;-0,010000
2025-09-15 13:00:00;2025-09-15 15:00:00;282,448836;-0,070000
2025-09-15 14:00:00;2025-09-15 16:00:00;282,466194;0,000000
2025-09-15 15:00:00;2025-09-15 17:00:00;976,935963;1,740000
2025-09-15 16:00:00;2025-09-15 18:00:00;1242,341069;3,900000
2025-09-15 17:00:00;2025-09-15 19:00:00;1234,944359;25,580000
2025-09-15 18:00:00;2025-09-15 20:00:00;1225,288834;4,010000
2025-09-15 19:00:00;2025-09-15 21:00:00;1218,987266;2,840000
2025-09-15 20:00:00;2025-09-15 22:00:00;1203,456026;2,910000
2025-09-15 21:00:00;2025-09-15 23:00:00;933,203350;0,060000
2025-09-15 22:00:00;2025-09-16 00:00:00;800,086643;1,640000
2025-09-15 23:00:00;2025-09-16 01:00:00;168,303232;-0,050000
2025-09-16 00:00:00;2025-09-16 02:00:00;0,121000;-0,110000
2025-09-16 01:00:00;2025-09-16 03:00:00;11,830000;-0,560000
2025-09-16 02:00:00;2025-09-16 04:00:00;197,472200;0,000000
2025-09-16 03:00:00;2025-09-16 05:00:00;421,087315;0,190000
2025-09-16 04:00:00;2025-09-16 06:00:00;813,382900;2,320000
2025-09-16 05:00:00;2025-09-16 07:00:00;1146,636020;18,680000
2025-09-16 06:00:00;2025-09-16 08:00:00;1135,830478;24,000000
2025-09-16 07:00:00;2025-09-16 09:00:00;1021,133492;10,000000
2025-09-16 08:00:00;2025-09-16 10:00:00;819,464802;2,850000
2025-09-16 09:00:00;2025-09-16 11:00:00;168,217964;1,270000
2025-09-16 10:00:00;2025-09-16 12:00:00;54,436700;0,130000
2025-09-16 11:00:00;2025-09-16 13:00:00;201,619500;0,650000
2025-09-16 12:00:00;2025-09-16 14:00:00;448,611985;1,690000
2025-09-16 13:00:00;2025-09-16 15:00:00;289,236274;0,770000
2025-09-16 14:00:00;2025-09-16 16:00:00;378,617041;1,670000
2025-09-16 15:00:00;2025-09-16 17:00:00;953,812038;2,840000
2025-09-16 16:00:00;2025-09-16 18:00:00;1252,969200;4,460000
2025-09-16 17:00:00;2025-09-16 19:00:00;1246,063781;6,700000
2025-09-16 18:00:00;2025-09-16 20:00:00;1256,755174;5,740000
2025-09-16 19:00:00;2025-09-16 21:00:00;1235,684680;2,900000
2025-09-16 20:00:00;2025-09-16 22:00:00;1256,917529;4,140000
2025-09-16 21:00:00;2025-09-16 23:00:00;1214,263964;4,000000
2025-09-16 22:00:00;2025-09-17 00:00:00;951,436862;2,370000
2025-09-16 23:00:00;2025-09-17 01:00:00;887,490757;3,020000
2025-09-17 00:00:00;2025-09-17 02:00:00;1119,512709;3,070000
2025-09-17 01:00:00;2025-09-17 03:00:00;1140,459415;3,070000
2025-09-17 02:00:00;2025-09-17 04:00:00;1234,791631;3,090000
2025-09-17 03:00:00;2025-09-17 05:00:00;1199,625235;4,130000
2025-09-17 04:00:00;2025-09-17 06:00:00;694,547104;10,000000
2025-09-17 05:00:00;2025-09-17 07:00:00;1196,485064;59,889999
2025-09-17 06:00:00;2025-09-17 08:00:00;1126,166010;52,349998
2025-09-17 07:00:00;2025-09-17 09:00:00;1108,143747;4,290000
2025-09-17 08:00:00;2025-09-17 10:00:00;1254,128998;4,100000
2025-09-17 09:00:00;2025-09-17 11:00:00;1265,422753;4,120000
2025-09-17 10:00:00;2025-09-17 12:00:00;1299,599790;9,100000
2025-09-17 11:00:00;2025-09-17 13:00:00;1215,768677;4,290000
2025-09-17 12:00:00;2025-09-17 14:00:00;984,469019;5,630000
2025-09-17 13:00:00;2025-09-17 15:00:00;1049,303508;7,120000
2025-09-17 14:00:00;2025-09-17 16:00:00;1025,521671;6,690000
2025-09-17 15:00:00;2025-09-17 17:00:00;908,606583;50,000000
2025-09-17 16:00:00;2025-09-17 18:00:00;793,008812;92,769997
2025-09-17 17:00:00;2025-09-17 19:00:00;699,324172;116,209999
2025-09-17 18:00:00;2025-09-17 20:00:00;746,155595;110,790001
2025-09-17 19:00:00;2025-09-17 21:00:00;865,752797;90,820000
2025-09-17 20:00:00;2025-09-17 22:00:00;1022,573026;76,199997
2025-09-17 21:00:00;2025-09-17 23:00:00;918,297620;60,000000
2025-09-17 22:00:00;2025-09-18 00:00:00;801,513324;34,509998
2025-09-17 23:00:00;2025-09-18 01:00:00;877,636769;27,700001
2025-09-18 00:00:00;2025-09-18 02:00:00;952,602010;19,480000
2025-09-18 01:00:00;2025-09-18 03:00:00;1029,417561;14,420000
2025-09-18 02:00:00;2025-09-18 04:00:00;1016,361841;9,080000
2025-09-18 03:00:00;2025-09-18 05:00:00;1056,311689;9,100000
2025-09-18 04:00:00;2025-09-18 06:00:00;852,591032;45,060001
2025-09-18 05:00:00;2025-09-18 07:00:00;904,781389;80,199997
2025-09-18 06:00:00;2025-09-18 08:00:00;1000,869861;92,000000
2025-09-18 07:00:00;2025-09-18 09:00:00;1012,174434;72,940002
2025-09-18 08:00:00;2025-09-18 10:00:00;1121,053694;52,240002
2025-09-18 09:00:00;2025-09-18 11:00:00;1024,840476;5,890000
2025-09-18 10:00:00;2025-09-18 12:00:00;549,950178;2,360000
2025-09-18 11:00:00;2025-09-18 13:00:00;405,517100;2,220000
2025-09-18 12:00:00;2025-09-18 14:00:00;466,746922;2,000000
2025-09-18 13:00:00;2025-09-18 15:00:00;646,611164;2,340000
2025-09-18 14:00:00;2025-09-18 16:00:00;928,091239;15,310000
2025-09-18 15:00:00;2025-09-18 17:00:00;1145,270682;49,900002
2025-09-18 16:00:00;2025-09-18 18:00:00;1091,719325;79,239998
2025-09-18 17:00:00;2025-09-18 19:00:00;1033,388236;98,459999
2025-09-18 18:00:00;2025-09-18 20:00:00;535,891444;15,000000
2025-09-18 19:00:00;2025-09-18 21:00:00;61,514600;9,050000
2025-09-18 20:00:00;2025-09-18 22:00:00;26,353084;5,730000
2025-09-18 21:00:00;2025-09-18 23:00:00;103,716457;4,000000
2025-09-18 22:00:00;2025-09-19 00:00:00;602,380926;1,680000
2025-09-18 23:00:00;2025-09-19 01:00:00;1091,381783;6,840000
2025-09-19 00:00:00;2025-09-19 02:00:00;1149,950054;3,600000
2025-09-19 01:00:00;2025-09-19 03:00:00;1049,359037;6,390000
2025-09-19 02:00:00;2025-09-19 04:00:00;889,617386;8,190000
2025-09-19 03:00:00;2025-09-19 05:00:00;1035,635997;34,029999
2025-09-19 04:00:00;2025-09-19 06:00:00;1218,889405;56,000000
2025-09-19 05:00:00;2025-09-19 07:00:00;1012,208825;89,000000
2025-09-19 06:00:00;2025-09-19 08:00:00;955,773797;103,970001
2025-09-19 07:00:00;2025-09-19 09:00:00;1004,144686;95,180000
2025-09-19 08:00:00;2025-09-19 10:00:00;922,434786;53,700001
2025-09-19 09:00:00;2025-09-19 11:00:00;873,895533;13,030000
2025-09-19 10:00:00;2025-09-19 12:00:00;444,554897;2,360000
2025-09-19 11:00:00;2025-09-19 13:00:00;478,760803;2,430000
2025-09-19 12:00:00;2025-09-19 14:00:00;355,555864;2,180000
2025-09-19 13:00:00;2025-09-19 15:00:00;1051,419414;11,970000
2025-09-19 14:00:00;2025-09-19 16:00:00;1043,399609;49,840000
2025-09-19 15:00:00;2025-09-19 17:00:00;1053,610504;84,779999
2025-09-19 16:00:00;2025-09-19 18:00:00;1049,776621;103,000000
2025-09-19 17:00:00;2025-09-19 19:00:00;998,439959;141,399994
2025-09-19 18:00:00;2025-09-19 20:00:00;949,459734;142,699997
2025-09-19 19:00:00;2025-09-19 21:00:00;907,532960;111,820000
2025-09-19 20:00:00;2025-09-19 22:00:00;953,218306;86,040001
2025-09-19 21:00:00;2025-09-19 23:00:00;1095,363715;78,930000
2025-09-19 22:00:00;2025-09-20 00:00:00;1128,927341;87,239998
2025-09-19 23:00:00;2025-09-20 01:00:00;1044,349117;77,910004
2025-09-20 00:00:00;2025-09-20 02:00:00;941,201248;74,989998
2025-09-20 01:00:00;2025-09-20 03:00:00;716,186673;74,800003
2025-09-20 02:00:00;2025-09-20 04:00:00;509,783529;74,790001
2025-09-20 03:00:00;2025-09-20 05:00:00;378,987943;80,209999
2025-09-20 04:00:00;2025-09-20 06:00:00;294,496047;88,510002
2025-09-20 05:00:00;2025-09-20 07:00:00;318,494531;86,970001
2025-09-20 06:00:00;2025-09-20 08:00:00;486,704141;75,290001
2025-09-20 07:00:00;2025-09-20 09:00:00;529,634187;24,900000
2025-09-20 08:00:00;2025-09-20 10:00:00;647,264418;3,020000
2025-09-20 09:00:00;2025-09-20 11:00:00;252,429821;2,000000
2025-09-20 10:00:00;2025-09-20 12:00:00;130,639086;1,590000
2025-09-20 11:00:00;2025-09-20 13:00:00;108,116700;0,250000
2025-09-20 12:00:00;2025-09-20 14:00:00;132,337700;0,080000
2025-09-20 13:00:00;2025-09-20 15:00:00;199,276702;1,430000
2025-09-20 14:00:00;2025-09-20 16:00:00;882,424826;26,360001
2025-09-20 15:00:00;2025-09-20 17:00:00;1027,966477;93,839996
2025-09-20 16:00:00;2025-09-20 18:00:00;835,262387;122,730003
2025-09-20 17:00:00;2025-09-20 19:00:00;864,507463;128,619995
2025-09-20 18:00:00;2025-09-20 20:00:00;852,463709;99,080002
2025-09-20 19:00:00;2025-09-20 21:00:00;925,837610;81,949997
2025-09-20 20:00:00;2025-09-20 22:00:00;1136,390652;70,059998
2025-09-20 21:00:00;2025-09-20 23:00:00;1068,341141;47,209999
2025-09-20 22:00:00;2025-09-21 00:00:00;1074,901744;8,070000
2025-09-20 23:00:00;2025-09-21 01:00:00;1105,041278;3,700000
2025-09-21 00:00:00;2025-09-21 02:00:00;1167,783180;3,400000
2025-09-21 01:00:00;2025-09-21 03:00:00;543,206087;1,650000
2025-09-21 02:00:00;2025-09-21 04:00:00;461,642326;1,620000
2025-09-21 03:00:00;2025-09-21 05:00:00;261,540166;-0,010000
2025-09-21 04:00:00;2025-09-21 06:00:00;281,856236;-0,010000
2025-09-21 05:00:00;2025-09-21 07:00:00;616,004285;1,040000
2025-09-21 06:00:00;2025-09-21 08:00:00;646,381402;3,010000
2025-09-21 07:00:00;2025-09-21 09:00:00;364,747127;1,310000
2025-09-21 08:00:00;2025-09-21 10:00:00;241,288700;0,000000
2025-09-21 09:00:00;2025-09-21 11:00:00;2,187200;-0,090000
2025-09-21 10:00:00;2025-09-21 12:00:00;4,026700;-1,200000
2025-09-21 11:00:00;2025-09-21 13:00:00;4,964400;-1,610000
2025-09-21 12:00:00;2025-09-21 14:00:00;18,367100;-1,310000
2025-09-21 13:00:00;2025-09-21 15:00:00;219,351600;-0,010000
2025-09-21 14:00:00;2025-09-21 16:00:00;141,500700;0,270000
2025-09-21 15:00:00;2025-09-21 17:00:00;625,886456;3,050000
2025-09-21 16:00:00;2025-09-21 18:00:00;799,850679;4,300000
2025-09-21 17:00:00;2025-09-21 19:00:00;1279,988363;69,940002
2025-09-21 18:00:00;2025-09-21 20:00:00;1358,062276;40,400002
2025-09-21 19:00:00;2025-09-21 21:00:00;1350,635615;41,990002
2025-09-21 20:00:00;2025-09-21 22:00:00;1351,252109;14,070000
2025-09-21 21:00:00;2025-09-21 23:00:00;1337,463656;20,049999
2025-09-21 22:00:00;2025-09-22 00:00:00;1246,701386;3,070000
2025-09-21 23:00:00;2025-09-22 01:00:00;1346,735962;3,900000
2025-09-22 00:00:00;2025-09-22 02:00:00;1330,868351;4,020000
2025-09-22 01:00:00;2025-09-22 03:00:00;1272,424559;4,020000
2025-09-22 02:00:00;2025-09-22 04:00:00;1313,683393;3,100000
2025-09-22 03:00:00;2025-09-22 05:00:00;1295,021173;3,340000
2025-09-22 04:00:00;2025-09-22 06:00:00;1317,873320;5,920000
2025-09-22 05:00:00;2025-09-22 07:00:00;1126,896794;50,000000
2025-09-22 06:00:00;2025-09-22 08:00:00;1089,635754;100,720001
2025-09-22 07:00:00;2025-09-22 09:00:00;1236,007982;22,719999
2025-09-22 08:00:00;2025-09-22 10:00:00;1239,284961;4,400000
2025-09-22 09:00:00;2025-09-22 11:00:00;1024,254913;3,020000
2025-09-22 10:00:00;2025-09-22 12:00:00;710,189904;2,310000
2025-09-22 11:00:00;2025-09-22 13:00:00;968,261292;2,400000
2025-09-22 12:00:00;2025-09-22 14:00:00;1065,316677;3,030000
2025-09-22 13:00:00;2025-09-22 15:00:00;1010,533350;2,400000
2025-09-22 14:00:00;2025-09-22 16:00:00;1189,367096;3,060000
2025-09-22 15:00:00;2025-09-22 17:00:00;1302,871592;77,910004
2025-09-22 16:00:00;2025-09-22 18:00:00;1266,366147;128,080002
2025-09-22 17:00:00;2025-09-22 19:00:00;1186,192578;140,919998
2025-09-22 18:00:00;2025-09-22 20:00:00;1235,488394;130,000000
2025-09-22 19:00:00;2025-09-22 21:00:00;1162,992945;114,239998
2025-09-22 20:00:00;2025-09-22 22:00:00;1072,706997;97,720001
2025-09-22 21:00:00;2025-09-22 23:00:00;1060,146270;89,989998
2025-09-22 22:00:00;2025-09-23 00:00:00;971,809770;88,599998
2025-09-22 23:00:00;2025-09-23 01:00:00;929,107371;90,000000
2025-09-23 00:00:00;2025-09-23 02:00:00;889,280220;89,730003
2025-09-23 01:00:00;2025-09-23 03:00:00;823,703863;89,930000
2025-09-23 02:00:00;2025-09-23 04:00:00;776,674554;91,339996
2025-09-23 03:00:00;2025-09-23 05:00:00;803,531394;98,110001
2025-09-23 04:00:00;2025-09-23 06:00:00;758,355091;122,010002
2025-09-23 05:00:00;2025-09-23 07:00:00;637,707919;172,360001
2025-09-23 06:00:00;2025-09-23 08:00:00;546,951494;162,800003
2025-09-23 07:00:00;2025-09-23 09:00:00;461,992162;125,760002
2025-09-23 08:00:00;2025-09-23 10:00:00;385,099330;93,919998
2025-09-23 09:00:00;2025-09-23 11:00:00;298,213155;85,510002
2025-09-23 10:00:00;2025-09-23 12:00:00;200,912743;77,540001
2025-09-23 11:00:00;2025-09-23 13:00:00;156,087238;74,239998
2025-09-23 12:00:00;2025-09-23 14:00:00;130,572803;74,250000
2025-09-23 13:00:00;2025-09-23 15:00:00;111,223312;84,110001
2025-09-23 14:00:00;2025-09-23 16:00:00;100,468975;85,760002
2025-09-23 15:00:00;2025-09-23 17:00:00;114,669660;102,900002
2025-09-23 16:00:00;2025-09-23 18:00:00;165,046083;136,830002
2025-09-23 17:00:00;2025-09-23 19:00:00;191,966056;149,580002
2025-09-23 18:00:00;2025-09-23 20:00:00;181,018547;115,820000
2025-09-23 19:00:00;2025-09-23 21:00:00;134,415063;94,019997
2025-09-23 20:00:00;2025-09-23 22:00:00;127,066879;84,910004
2025-09-23 21:00:00;2025-09-23 23:00:00;135,380621;84,099998
2025-09-23 22:00:00;2025-09-24 00:00:00;121,630304;82,669998
2025-09-23 23:00:00;2025-09-24 01:00:00;73,507469;82,320000
2025-09-24 00:00:00;2025-09-24 02:00:00;43,419003;81,610001
2025-09-24 01:00:00;2025-09-24 03:00:00;21,917116;77,949997
2025-09-24 02:00:00;2025-09-24 04:00:00;13,385513;78,589996
2025-09-24 03:00:00;2025-09-24 05:00:00;20,410458;82,669998
2025-09-24 04:00:00;2025-09-24 06:00:00;40,557581;109,760002
2025-09-24 05:00:00;2025-09-24 07:00:00;62,668651;118,010002
2025-09-24 06:00:00;2025-09-24 08:00:00;69,419593;120,449997
2025-09-24 07:00:00;2025-09-24 09:00:00;61,903559;107,000000
2025-09-24 08:00:00;2025-09-24 10:00:00;59,331775;85,540001
2025-09-24 09:00:00;2025-09-24 11:00:00;50,154850;70,089996
2025-09-24 10:00:00;2025-09-24 12:00:00;31,933913;27,100000
2025-09-24 11:00:00;2025-09-24 13:00:00;26,912900;10,660000
2025-09-24 12:00:00;2025-09-24 14:00:00;23,491400;9,900000
2025-09-24 13:00:00;2025-09-24 15:00:00;18,361034;15,000000
2025-09-24 14:00:00;2025-09-24 16:00:00;33,965458;66,099998
2025-09-24 15:00:00;2025-09-24 17:00:00;95,366587;85,690002
2025-09-24 16:00:00;2025-09-24 18:00:00;196,260892;113,080002
2025-09-24 17:00:00;2025-09-24 19:00:00;283,691140;115,930000
2025-09-24 18:00:00;2025-09-24 20:00:00;396,439836;113,949997
2025-09-24 19:00:00;2025-09-24 21:00:00;456,874550;91,290001
2025-09-24 20:00:00;2025-09-24 22:00:00;458,826285;85,500000
2025-09-24 21:00:00;2025-09-24 23:00:00;492,612178;69,680000
2025-09-24 22:00:00;2025-09-25 00:00:00;447,888253;73,300003
2025-09-24 23:00:00;2025-09-25 01:00:00;415,456959;69,690002
2025-09-25 00:00:00;2025-09-25 02:00:00;376,780887;67,809998
2025-09-25 01:00:00;2025-09-25 03:00:00;352,147621;68,089996
2025-09-25 02:00:00;2025-09-25 04:00:00;281,887336;71,690002
2025-09-25 03:00:00;2025-09-25 05:00:00;263,331373;77,330002
2025-09-25 04:00:00;2025-09-25 06:00:00;232,891954;108,550003
2025-09-25 05:00:00;2025-09-25 07:00:00;287,063120;124,260002
2025-09-25 06:00:00;2025-09-25 08:00:00;276,745525;125,580002
2025-09-25 07:00:00;2025-09-25 09:00:00;269,421504;104,879997
2025-09-25 08:00:00;2025-09-25 10:00:00;257,454928;77,949997
2025-09-25 09:00:00;2025-09-25 11:00:00;198,382228;69,239998
2025-09-25 10:00:00;2025-09-25 12:00:00;216,153994;38,180000
2025-09-25 11:00:00;2025-09-25 13:00:00;235,433809;16,030001
2025-09-25 12:00:00;2025-09-25 14:00:00;243,146314;20,100000
2025-09-25 13:00:00;2025-09-25 15:00:00;377,533921;43,660000
2025-09-25 14:00:00;2025-09-25 16:00:00;484,869917;75,000000
2025-09-25 15:00:00;2025-09-25 17:00:00;631,191563;88,790001
2025-09-25 16:00:00;2025-09-25 18:00:00;812,767266;117,040001
2025-09-25 17:00:00;2025-09-25 19:00:00;904,337376;121,470001
2025-09-25 18:00:00;2025-09-25 20:00:00;937,694566;123,750000
2025-09-25 19:00:00;2025-09-25 21:00:00;1016,331922;105,830002
2025-09-25 20:00:00;2025-09-25 22:00:00;989,209538;94,769997
2025-09-25 21:00:00;2025-09-25 23:00:00;946,103376;81,089996
2025-09-25 22:00:00;2025-09-26 00:00:00;822,045260;78,480003
2025-09-25 23:00:00;2025-09-26 01:00:00;880,872757;75,000000
2025-09-26 00:00:00;2025-09-26 02:00:00;907,423623;73,169998
2025-09-26 01:00:00;2025-09-26 03:00:00;851,017821;73,180000
2025-09-26 02:00:00;2025-09-26 04:00:00;900,902132;74,930000
2025-09-26 03:00:00;2025-09-26 05:00:00;921,892475;79,730003
2025-09-26 04:00:00;2025-09-26 06:00:00;915,539987;90,769997
2025-09-26 05:00:00;2025-09-26 07:00:00;911,680051;117,099998
2025-09-26 06:00:00;2025-09-26 08:00:00;947,071429;123,559998
2025-09-26 07:00:00;2025-09-26 09:00:00;942,903535;103,730003
2025-09-26 08:00:00;2025-09-26 10:00:00;966,363413;61,349998
2025-09-26 09:00:00;2025-09-26 11:00:00;811,049165;6,700000
2025-09-26 10:00:00;2025-09-26 12:00:00;660,655821;4,100000
2025-09-26 11:00:00;2025-09-26 13:00:00;373,147054;5,400000
2025-09-26 12:00:00;2025-09-26 14:00:00;360,308957;4,400000
2025-09-26 13:00:00;2025-09-26 15:00:00;489,543634;6,840000
2025-09-26 14:00:00;2025-09-26 16:00:00;819,024017;6,700000
2025-09-26 15:00:00;2025-09-26 17:00:00;1129,990904;39,360001
2025-09-26 16:00:00;2025-09-26 18:00:00;1183,338609;86,300003
2025-09-26 17:00:00;2025-09-26 19:00:00;1192,902889;104,739998
2025-09-26 18:00:00;2025-09-26 20:00:00;1213,445610;94,800003
2025-09-26 19:00:00;2025-09-26 21:00:00;1213,513522;80,000000
2025-09-26 20:00:00;2025-09-26 22:00:00;1199,582154;76,400002
2025-09-26 21:00:00;2025-09-26 23:00:00;1193,989172;79,779999
2025-09-26 22:00:00;2025-09-27 00:00:00;1171,625113;84,989998
2025-09-26 23:00:00;2025-09-27 01:00:00;1139,945341;83,260002
2025-09-27 00:00:00;2025-09-27 02:00:00;1138,521314;82,699997
2025-09-27 01:00:00;2025-09-27 03:00:00;1203,638211;81,570000
2025-09-27 02:00:00;2025-09-27 04:00:00;1245,556479;80,320000
2025-09-27 03:00:00;2025-09-27 05:00:00;1255,813368;81,620003
2025-09-27 04:00:00;2025-09-27 06:00:00;1252,522482;90,290001
2025-09-27 05:00:00;2025-09-27 07:00:00;1234,227173;100,989998
2025-09-27 06:00:00;2025-09-27 08:00:00;1229,841045;106,540001
2025-09-27 07:00:00;2025-09-27 09:00:00;1204,640098;94,440002
2025-09-27 08:00:00;2025-09-27 10:00:00;1004,931036;54,369999
2025-09-27 09:00:00;2025-09-27 11:00:00;825,165918;15,090000
2025-09-27 10:00:00;2025-09-27 12:00:00;553,798770;5,990000
2025-09-27 11:00:00;2025-09-27 13:00:00;385,849545;7,400000
2025-09-27 12:00:00;2025-09-27 14:00:00;313,080398;10,000000
2025-09-27 13:00:00;2025-09-27 15:00:00;424,193310;54,689999
2025-09-27 14:00:00;2025-09-27 16:00:00;840,910691;85,669998
2025-09-27 15:00:00;2025-09-27 17:00:00;1006,960327;106,500000
2025-09-27 16:00:00;2025-09-27 18:00:00;1089,967325;132,929993
2025-09-27 17:00:00;2025-09-27 19:00:00;1031,521679;145,919998
2025-09-27 18:00:00;2025-09-27 20:00:00;1126,621753;122,529999
2025-09-27 19:00:00;2025-09-27 21:00:00;1097,479569;113,019997
2025-09-27 20:00:00;2025-09-27 22:00:00;1100,628133;104,639999
2025-09-27 21:00:00;2025-09-27 23:00:00;1070,106534;99,540001
2025-09-27 22:00:00;2025-09-28 00:00:00;932,213382;95,349998
2025-09-27 23:00:00;2025-09-28 01:00:00;783,396844;92,330002
2025-09-28 00:00:00;2025-09-28 02:00:00;666,245602;91,970001
2025-09-28 01:00:00;2025-09-28 03:00:00;557,082201;91,470001
2025-09-28 02:00:00;2025-09-28 04:00:00;490,858672;97,769997
2025-09-28 03:00:00;2025-09-28 05:00:00;489,129970;97,580002
2025-09-28 04:00:00;2025-09-28 06:00:00;443,541065;100,910004
2025-09-28 05:00:00;2025-09-28 07:00:00;641,484473;105,790001
2025-09-28 06:00:00;2025-09-28 08:00:00;698,828819;98,769997
2025-09-28 07:00:00;2025-09-28 09:00:00;620,754109;95,040001
2025-09-28 08:00:00;2025-09-28 10:00:00;525,380075;82,080002
2025-09-28 09:00:00;2025-09-28 11:00:00;416,222045;37,470001
2025-09-28 10:00:00;2025-09-28 12:00:00;435,615498;17,110001
2025-09-28 11:00:00;2025-09-28 13:00:00;362,264145;8,530000
2025-09-28 12:00:00;2025-09-28 14:00:00;316,147138;13,000000
2025-09-28 13:00:00;2025-09-28 15:00:00;320,366965;61,330002
2025-09-28 14:00:00;2025-09-28 16:00:00;337,341938;86,000000
2025-09-28 15:00:00;2025-09-28 17:00:00;362,190423;105,889999
2025-09-28 16:00:00;2025-09-28 18:00:00;393,803752;131,020004
2025-09-28 17:00:00;2025-09-28 19:00:00;555,147283;137,970001
2025-09-28 18:00:00;2025-09-28 20:00:00;676,025274;125,930000
2025-09-28 19:00:00;2025-09-28 21:00:00;745,946945;113,510002
2025-09-28 20:00:00;2025-09-28 22:00:00;864,911713;102,290001
2025-09-28 21:00:00;2025-09-28 23:00:00;705,851307;95,739998
2025-09-28 22:00:00;2025-09-29 00:00:00;626,555023;90,949997
2025-09-28 23:00:00;2025-09-29 01:00:00;682,268490;88,760002
2025-09-29 00:00:00;2025-09-29 02:00:00;510,934815;87,879997
2025-09-29 01:00:00;2025-09-29 03:00:00;466,755794;87,940002
2025-09-29 02:00:00;2025-09-29 04:00:00;562,593954;88,309998
2025-09-29 03:00:00;2025-09-29 05:00:00;596,428483;98,370003
2025-09-29 04:00:00;2025-09-29 06:00:00;626,092200;127,930000
2025-09-29 05:00:00;2025-09-29 07:00:00;610,611613;222,440002
2025-09-29 06:00:00;2025-09-29 08:00:00;529,418365;166,910004
2025-09-29 07:00:00;2025-09-29 09:00:00;478,751788;122,059998
2025-09-29 08:00:00;2025-09-29 10:00:00;493,755513;90,209999
2025-09-29 09:00:00;2025-09-29 11:00:00;614,277086;84,949997
2025-09-29 10:00:00;2025-09-29 12:00:00;676,903397;78,709999
2025-09-29 11:00:00;2025-09-29 13:00:00;573,967409;77,080002
2025-09-29 12:00:00;2025-09-29 14:00:00;399,015075;83,330002
2025-09-29 13:00:00;2025-09-29 15:00:00;316,156507;87,400002
2025-09-29 14:00:00;2025-09-29 16:00:00;307,365633;99,980003
2025-09-29 15:00:00;2025-09-29 17:00:00;400,242599;140,789993
2025-09-29 16:00:00;2025-09-29 18:00:00;556,321629;302,649994
2025-09-29 17:00:00;2025-09-29 19:00:00;664,572820;406,779999
2025-09-29 18:00:00;2025-09-29 20:00:00;734,432701;167,600006
2025-09-29 19:00:00;2025-09-29 21:00:00;979,880181;123,849998
2025-09-29 20:00:00;2025-09-29 22:00:00;1019,511557;108,300003
2025-09-29 21:00:00;2025-09-29 23:00:00;913,856806;93,680000
2025-09-29 22:00:00;2025-09-30 00:00:00;773,578937;97,430000
2025-09-29 23:00:00;2025-09-30 01:00:00;642,095465;91,449997
2025-09-30 00:00:00;2025-09-30 02:00:00;545,790608;98,480003
2025-09-30 01:00:00;2025-09-30 03:00:00;570,447874;92,220001
2025-09-30 02:00:00;2025-09-30 04:00:00;632,833257;98,459999
2025-09-30 03:00:00;2025-09-30 05:00:00;581,906921;107,989998
2025-09-30 04:00:00;2025-09-30 06:00:00;635,559951;141,860001
2025-09-30 05:00:00;2025-09-30 07:00:00;759,896361;244,000000
2025-09-30 06:00:00;2025-09-30 08:00:00;828,812307;209,229996
2025-09-30 07:00:00;2025-09-30 09:00:00;722,369527;141,850006
2025-09-30 08:00:00;2025-09-30 10:00:00;670,474499;115,199997
2025-09-30 09:00:00;2025-09-30 11:00:00;615,786809;96,720001
2025-09-30 10:00:00;2025-09-30 12:00:00;536,307578;87,910004
2025-09-30 11:00:00;2025-09-30 13:00:00;449,828382;86,040001
2025-09-30 12:00:00;2025-09-30 14:00:00;362,785121;87,260002
2025-09-30 13:00:00;2025-09-30 15:00:00;373,152826;96,800003
2025-09-30 14:00:00;2025-09-30 16:00:00;350,638243;104,029999
2025-09-30 15:00:00;2025-09-30 17:00:00;334,407941;142,639999
2025-09-30 16:00:00;2025-09-30 18:00:00;396,705576;294,540009
2025-09-30 17:00:00;2025-09-30 19:00:00;537,208381;357,769989
2025-09-30 18:00:00;2025-09-30 20:00:00;661,023725;147,279999
2025-09-30 19:00:00;2025-09-30 21:00:00;830,171519;116,040001
2025-09-30 20:00:00;2025-09-30 22:00:00;848,949269;101,629997
2025-09-30 21:00:00;2025-09-30 23:00:00;819,447743;92,540001
2025-09-30 22:00:00;2025-10-01 00:00:00;747,841281;
2025-09-30 23:00:00;2025-10-01 01:00:00;599,629629;
2025-10-01 00:00:00;2025-10-01 02:00:00;526,311448;
2025-10-01 01:00:00;2025-10-01 03:00:00;374,337275;
2025-10-01 02:00:00;2025-10-01 04:00:00;363,370897;
2025-10-01 03:00:00;2025-10-01 05:00:00;420,547903;
2025-10-01 04:00:00;2025-10-01 06:00:00;491,844195;
2025-10-01 05:00:00;2025-10-01 07:00:00;594,714368;
2025-10-01 06:00:00;2025-10-01 08:00:00;565,825047;
2025-10-01 07:00:00;2025-10-01 09:00:00;574,455378;
2025-10-01 08:00:00;2025-10-01 10:00:00;600,098597;
2025-10-01 09:00:00;2025-10-01 11:00:00;731,466815;
2025-10-01 10:00:00;2025-10-01 12:00:00;690,394518;
2025-10-01 11:00:00;2025-10-01 13:00:00;561,205212;
2025-10-01 12:00:00;2025-10-01 14:00:00;463,538346;
2025-10-01 13:00:00;2025-10-01 15:00:00;316,410126;
2025-10-01 14:00:00;2025-10-01 16:00:00;236,848187;
2025-10-01 15:00:00;2025-10-01 17:00:00;224,506643;
2025-10-01 16:00:00;2025-10-01 18:00:00;224,785194;
2025-10-01 17:00:00;2025-10-01 19:00:00;230,951115;
2025-10-01 18:00:00;2025-10-01 20:00:00;310,936642;
2025-10-01 19:00:00;2025-10-01 21:00:00;447,183975;
2025-10-01 20:00:00;2025-10-01 22:00:00;541,395285;
2025-10-01 21:00:00;2025-10-01 23:00:00;584,791416;
2025-10-01 22:00:00;2025-10-02 00:00:00;583,172734;
2025-10-01 23:00:00;2025-10-02 01:00:00;587,542317;
2025-10-02 00:00:00;2025-10-02 02:00:00;538,836641;
2025-10-02 01:00:00;2025-10-02 03:00:00;521,807152;
2025-10-02 02:00:00;2025-10-02 04:00:00;503,895089;
2025-10-02 03:00:00;2025-10-02 05:00:00;545,313111;
2025-10-02 04:00:00;2025-10-02 06:00:00;656,687146;
2025-10-02 05:00:00;2025-10-02 07:00:00;649,312317;
2025-10-02 06:00:00;2025-10-02 08:00:00;676,945202;
2025-10-02 07:00:00;2025-10-02 09:00:00;751,130740;
2025-10-02 08:00:00;2025-10-02 10:00:00;707,423247;
2025-10-02 09:00:00;2025-10-02 11:00:00;735,522025;
2025-10-02 10:00:00;2025-10-02 12:00:00;804,164149;
2025-10-02 11:00:00;2025-10-02 13:00:00;843,541389;
2025-10-02 12:00:00;2025-10-02 14:00:00;733,572056;
2025-10-02 13:00:00;2025-10-02 15:00:00;797,890334;
2025-10-02 14:00:00;2025-10-02 16:00:00;692,892210;
2025-10-02 15:00:00;2025-10-02 17:00:00;724,106040;
2025-10-02 16:00:00;2025-10-02 18:00:00;783,289144;
2025-10-02 17:00:00;2025-10-02 19:00:00;843,405435;
2025-10-02 18:00:00;2025-10-02 20:00:00;957,836233;
2025-10-02 19:00:00;2025-10-02 21:00:00;1101,020651;
2025-10-02 20:00:00;2025-10-02 22:00:00;1145,321935;
2025-10-02 21:00:00;2025-10-02 23:00:00;1186,028363;
2025-10-02 22:00:00;2025-10-03 00:00:00;1217,140058;
2025-10-02 23:00:00;2025-10-03 01:00:00;1243,340295;
2025-10-03 00:00:00;2025-10-03 02:00:00;1224,365326;
2025-10-03 01:00:00;2025-10-03 03:00:00;1186,472060;
2025-10-03 02:00:00;2025-10-03 04:00:00;1135,811465;
2025-10-03 03:00:00;2025-10-03 05:00:00;1157,402394;
2025-10-03 04:00:00;2025-10-03 06:00:00;1189,422428;
2025-10-03 05:00:00;2025-10-03 07:00:00;1199,932000;
2025-10-03 06:00:00;2025-10-03 08:00:00;1211,042884;
2025-10-03 07:00:00;2025-10-03 09:00:00;1215,901476;
2025-10-03 08:00:00;2025-10-03 10:00:00;1239,351054;
2025-10-03 09:00:00;2025-10-03 11:00:00;1260,308007;
2025-10-03 10:00:00;2025-10-03 12:00:00;1241,070722;
2025-10-03 11:00:00;2025-10-03 13:00:00;1258,433599;
2025-10-03 12:00:00;2025-10-03 14:00:00;1274,499959;
2025-10-03 13:00:00;2025-10-03 15:00:00;1256,706427;
2025-10-03 14:00:00;2025-10-03 16:00:00;1263,725070;
2025-10-03 15:00:00;2025-10-03 17:00:00;1073,543185;
2025-10-03 16:00:00;2025-10-03 18:00:00;1093,511860;
2025-10-03 17:00:00;2025-10-03 19:00:00;1039,931020;
2025-10-03 18:00:00;2025-10-03 20:00:00;1020,631704;
2025-10-03 19:00:00;2025-10-03 21:00:00;922,264160;
2025-10-03 20:00:00;2025-10-03 22:00:00;1037,448909;
2025-10-03 21:00:00;2025-10-03 23:00:00;874,153332;
2025-10-03 22:00:00;2025-10-04 00:00:00;211,875419;
2025-10-03 23:00:00;2025-10-04 01:00:00;120,866388;
2025-10-04 00:00:00;2025-10-04 02:00:00;68,747035;
2025-10-04 01:00:00;2025-10-04 03:00:00;0,044000;
2025-10-04 02:00:00;2025-10-04 04:00:00;0,016000;
2025-10-04 03:00:00;2025-10-04 05:00:00;0,081762;
2025-10-04 04:00:00;2025-10-04 06:00:00;1,196112;
2025-10-04 05:00:00;2025-10-04 07:00:00;1,244311;
2025-10-04 06:00:00;2025-10-04 08:00:00;10,188232;
2025-10-04 07:00:00;2025-10-04 09:00:00;389,952895;
2025-10-04 08:00:00;2025-10-04 10:00:00;499,842391;
2025-10-04 09:00:00;2025-10-04 11:00:00;373,924440;
2025-10-04 10:00:00;2025-10-04 12:00:00;291,408298;
2025-10-04 11:00:00;2025-10-04 13:00:00;10,907641;
2025-10-04 12:00:00;2025-10-04 14:00:00;2,304832;
2025-10-04 13:00:00;2025-10-04 15:00:00;19,575603;
2025-10-04 14:00:00;2025-10-04 16:00:00;330,550974;
2025-10-04 15:00:00;2025-10-04 17:00:00;317,345604;
2025-10-04 16:00:00;2025-10-04 18:00:00;630,128599;
2025-10-04 17:00:00;2025-10-04 19:00:00;1015,891177;
2025-10-04 18:00:00;2025-10-04 20:00:00;691,296049;
2025-10-04 19:00:00;2025-10-04 21:00:00;589,371489;
2025-10-04 20:00:00;2025-10-04 22:00:00;322,742050;
2025-10-04 21:00:00;2025-10-04 23:00:00;209,157323;
2025-10-04 22:00:00;2025-10-05 00:00:00;81,406861;
2025-10-04 23:00:00;2025-10-05 01:00:00;1,518994;
2025-10-05 00:00:00;2025-10-05 02:00:00;1,435500;
2025-10-05 01:00:00;2025-10-05 03:00:00;1,400876;
2025-10-05 02:00:00;2025-10-05 04:00:00;1,412764;
2025-10-05 03:00:00;2025-10-05 05:00:00;1,433680;
2025-10-05 04:00:00;2025-10-05 06:00:00;1,414795;
2025-10-05 05:00:00;2025-10-05 07:00:00;4,743592;
2025-10-05 06:00:00;2025-10-05 08:00:00;504,341804;
2025-10-05 07:00:00;2025-10-05 09:00:00;579,183506;
2025-10-05 08:00:00;2025-10-05 10:00:00;193,183339;
2025-10-05 09:00:00;2025-10-05 11:00:00;192,474985;
2025-10-05 10:00:00;2025-10-05 12:00:00;150,619641;
2025-10-05 11:00:00;2025-10-05 13:00:00;177,350416;
2025-10-05 12:00:00;2025-10-05 14:00:00;131,810766;
2025-10-05 13:00:00;2025-10-05 15:00:00;188,395442;
2025-10-05 14:00:00;2025-10-05 16:00:00;637,423688;
2025-10-05 15:00:00;2025-10-05 17:00:00;1038,699112;
2025-10-05 16:00:00;2025-10-05 18:00:00;1276,155519;
2025-10-05 17:00:00;2025-10-05 19:00:00;1272,105396;
2025-10-05 18:00:00;2025-10-05 20:00:00;1285,724571;
2025-10-05 19:00:00;2025-10-05 21:00:00;1182,281548;
2025-10-05 20:00:00;2025-10-05 22:00:00;1162,444689;
2025-10-05 21:00:00;2025-10-05 23:00:00;1204,655419;
2025-10-05 22:00:00;2025-10-06 00:00:00;1209,126889;
2025-10-05 23:00:00;2025-10-06 01:00:00;1200,663653;
2025-10-06 00:00:00;2025-10-06 02:00:00;1202,915731;
2025-10-06 01:00:00;2025-10-06 03:00:00;1204,754227;
2025-10-06 02:00:00;2025-10-06 04:00:00;1271,782190;
2025-10-06 03:00:00;2025-10-06 05:00:00;1274,802505;
2025-10-06 04:00:00;2025-10-06 06:00:00;1270,136612;
2025-10-06 05:00:00;2025-10-06 07:00:00;1250,199667;
2025-10-06 06:00:00;2025-10-06 08:00:00;1195,873773;
2025-10-06 07:00:00;2025-10-06 09:00:00;1068,861242;
2025-10-06 08:00:00;2025-10-06 10:00:00;901,809928;
2025-10-06 09:00:00;2025-10-06 11:00:00;804,046494;
2025-10-06 10:00:00;2025-10-06 12:00:00;652,740098;
2025-10-06 11:00:00;2025-10-06 13:00:00;604,796181;
2025-10-06 12:00:00;2025-10-06 14:00:00;458,909538;
2025-10-06 13:00:00;2025-10-06 15:00:00;312,800165;
2025-10-06 14:00:00;2025-10-06 16:00:00;291,031550;
2025-10-06 15:00:00;2025-10-06 17:00:00;200,526049;
2025-10-06 16:00:00;2025-10-06 18:00:00;137,651872;
2025-10-06 17:00:00;2025-10-06 19:00:00;176,687715;
2025-10-06 18:00:00;2025-10-06 20:00:00;195,241337;
2025-10-06 19:00:00;2025-10-06 21:00:00;119,921553;
2025-10-06 20:00:00;2025-10-06 22:00:00;68,109432;
2025-10-06 21:00:00;2025-10-06 23:00:00;97,348785;
2025-10-06 22:00:00;2025-10-07 00:00:00;115,608957;
2025-10-06 23:00:00;2025-10-07 01:00:00;204,658969;
2025-10-07 00:00:00;2025-10-07 02:00:00;112,218490;
2025-10-07 01:00:00;2025-10-07 03:00:00;174,770078;
2025-10-07 02:00:00;2025-10-07 04:00:00;184,681746;
2025-10-07 03:00:00;2025-10-07 05:00:00;200,347916;
2025-10-07 04:00:00;2025-10-07 06:00:00;263,280394;
2025-10-07 05:00:00;2025-10-07 07:00:00;392,338477;
2025-10-07 06:00:00;2025-10-07 08:00:00;456,766289;
2025-10-07 07:00:00;2025-10-07 09:00:00;425,776170;
2025-10-07 08:00:00;2025-10-07 10:00:00;591,174476;
2025-10-07 09:00:00;2025-10-07 11:00:00;525,706887;
2025-10-07 10:00:00;2025-10-07 12:00:00;590,042972;
2025-10-07 11:00:00;2025-10-07 13:00:00;618,027974;
2025-10-07 12:00:00;2025-10-07 14:00:00;706,845523;
2025-10-07 13:00:00;2025-10-07 15:00:00;682,707086;
2025-10-07 14:00:00;2025-10-07 16:00:00;645,987476;
2025-10-07 15:00:00;2025-10-07 17:00:00;502,350247;
2025-10-07 16:00:00;2025-10-07 18:00:00;464,127775;
2025-10-07 17:00:00;2025-10-07 19:00:00;464,342595;
2025-10-07 18:00:00;2025-10-07 20:00:00;551,112415;
2025-10-07 19:00:00;2025-10-07 21:00:00;624,974672;
2025-10-07 20:00:00;2025-10-07 22:00:00;651,874911;
2025-10-07 21:00:00;2025-10-07 23:00:00;683,860587;
2025-10-07 22:00:00;2025-10-08 00:00:00;684,929261;
2025-10-07 23:00:00;2025-10-08 01:00:00;669,549562;
2025-10-08 00:00:00;2025-10-08 02:00:00;627,212914;
2025-10-08 01:00:00;2025-10-08 03:00:00;615,866889;
2025-10-08 02:00:00;2025-10-08 04:00:00;539,897913;
2025-10-08 03:00:00;2025-10-08 05:00:00;510,028888;
2025-10-08 04:00:00;2025-10-08 06:00:00;422,655210;
2025-10-08 05:00:00;2025-10-08 07:00:00;373,398620;
2025-10-08 06:00:00;2025-10-08 08:00:00;370,633017;
2025-10-08 07:00:00;2025-10-08 09:00:00;321,076776;
2025-10-08 08:00:00;2025-10-08 10:00:00;239,170020;
2025-10-08 09:00:00;2025-10-08 11:00:00;275,640902;
2025-10-08 10:00:00;2025-10-08 12:00:00;285,166338;
2025-10-08 11:00:00;2025-10-08 13:00:00;337,272139;
2025-10-08 12:00:00;2025-10-08 14:00:00;256,077150;
2025-10-08 13:00:00;2025-10-08 15:00:00;225,365904;
2025-10-08 14:00:00;2025-10-08 16:00:00;158,186288;
2025-10-08 15:00:00;2025-10-08 17:00:00;123,569226;
2025-10-08 16:00:00;2025-10-08 18:00:00;151,150981;
2025-10-08 17:00:00;2025-10-08 19:00:00;214,728431;
2025-10-08 18:00:00;2025-10-08 20:00:00;277,539083;
2025-10-08 19:00:00;2025-10-08 21:00:00;312,020035;
2025-10-08 20:00:00;2025-10-08 22:00:00;434,097191;
2025-10-08 21:00:00;2025-10-08 23:00:00;409,790578;
2025-10-08 22:00:00;2025-10-09 00:00:00;414,563761;
2025-10-08 23:00:00;2025-10-09 01:00:00;438,946259;
2025-10-09 00:00:00;2025-10-09 02:00:00;450,816978;
2025-10-09 01:00:00;2025-10-09 03:00:00;499,924243;
2025-10-09 02:00:00;2025-10-09 04:00:00;596,684621;
2025-10-09 03:00:00;2025-10-09 05:00:00;545,963103;
2025-10-09 04:00:00;2025-10-09 06:00:00;496,180077;
2025-10-09 05:00:00;2025-10-09 07:00:00;642,725308;
2025-10-09 06:00:00;2025-10-09 08:00:00;791,399378;
2025-10-09 07:00:00;2025-10-09 09:00:00;905,168754;
2025-10-09 08:00:00;2025-10-09 10:00:00;1016,316075;
2025-10-09 09:00:00;2025-10-09 11:00:00;1088,462607;
2025-10-09 10:00:00;2025-10-09 12:00:00;1151,773833;
2025-10-09 11:00:00;2025-10-09 13:00:00;1209,586841;
2025-10-09 12:00:00;2025-10-09 14:00:00;1273,206213;
2025-10-09 13:00:00;2025-10-09 15:00:00;1230,957081;
2025-10-09 14:00:00;2025-10-09 16:00:00;1256,301754;
2025-10-09 15:00:00;2025-10-09 17:00:00;1245,688497;
2025-10-09 16:00:00;2025-10-09 18:00:00;1184,693522;
2025-10-09 17:00:00;2025-10-09 19:00:00;1210,473840;
2025-10-09 18:00:00;2025-10-09 20:00:00;1319,789709;
2025-10-09 19:00:00;2025-10-09 21:00:00;1359,273532;
2025-10-09 20:00:00;2025-10-09 22:00:00;1368,931030;
2025-10-09 21:00:00;2025-10-09 23:00:00;1374,446738;
2025-10-09 22:00:00;2025-10-10 00:00:00;1365,728124;
2025-10-09 23:00:00;2025-10-10 01:00:00;1365,321200;
2025-10-10 00:00:00;2025-10-10 02:00:00;1365,857432;
2025-10-10 01:00:00;2025-10-10 03:00:00;1372,390516;
2025-10-10 02:00:00;2025-10-10 04:00:00;1378,222028;
2025-10-10 03:00:00;2025-10-10 05:00:00;1380,652871;
2025-10-10 04:00:00;2025-10-10 06:00:00;1379,560207;
2025-10-10 05:00:00;2025-10-10 07:00:00;1375,959211;
2025-10-10 06:00:00;2025-10-10 08:00:00;1368,678546;
2025-10-10 07:00:00;2025-10-10 09:00:00;1358,223580;
2025-10-10 08:00:00;2025-10-10 10:00:00;1370,275358;
2025-10-10 09:00:00;2025-10-10 11:00:00;1319,751976;
2025-10-10 10:00:00;2025-10-10 12:00:00;1265,780474;
2025-10-10 11:00:00;2025-10-10 13:00:00;1255,688184;
2025-10-10 12:00:00;2025-10-10 14:00:00;1307,169832;
2025-10-10 13:00:00;2025-10-10 15:00:00;1213,325722;
2025-10-10 14:00:00;2025-10-10 16:00:00;1111,216391;
2025-10-10 15:00:00;2025-10-10 17:00:00;1183,280122;
2025-10-10 16:00:00;2025-10-10 18:00:00;1176,684722;
2025-10-10 17:00:00;2025-10-10 19:00:00;1209,852399;
2025-10-10 18:00:00;2025-10-10 20:00:00;1292,027622;
2025-10-10 19:00:00;2025-10-10 21:00:00;1252,005071;
2025-10-10 20:00:00;2025-10-10 22:00:00;1240,282737;
2025-10-10 21:00:00;2025-10-10 23:00:00;1306,435017;
2025-10-10 22:00:00;2025-10-11 00:00:00;1278,977815;
2025-10-10 23:00:00;2025-10-11 01:00:00;1257,787211;
2025-10-11 00:00:00;2025-10-11 02:00:00;1229,036252;
2025-10-11 01:00:00;2025-10-11 03:00:00;1326,444785;
2025-10-11 02:00:00;2025-10-11 04:00:00;1311,244879;
2025-10-11 03:00:00;2025-10-11 05:00:00;1327,191675;
2025-10-11 04:00:00;2025-10-11 06:00:00;1346,970263;
2025-10-11 05:00:00;2025-10-11 07:00:00;1346,804288;
2025-10-11 06:00:00;2025-10-11 08:00:00;1344,032804;
2025-10-11 07:00:00;2025-10-11 09:00:00;1304,992243;
2025-10-11 08:00:00;2025-10-11 10:00:00;1312,604075;
2025-10-11 09:00:00;2025-10-11 11:00:00;1287,882684;
2025-10-11 10:00:00;2025-10-11 12:00:00;1230,139423;
2025-10-11 11:00:00;2025-10-11 13:00:00;1229,890013;
2025-10-11 12:00:00;2025-10-11 14:00:00;1214,567119;
2025-10-11 13:00:00;2025-10-11 15:00:00;1139,363142;
2025-10-11 14:00:00;2025-10-11 16:00:00;1181,624029;
2025-10-11 15:00:00;2025-10-11 17:00:00;1187,957482;
2025-10-11 16:00:00;2025-10-11 18:00:00;1185,856634;
2025-10-11 17:00:00;2025-10-11 19:00:00;1155,354960;
2025-10-11 18:00:00;2025-10-11 20:00:00;1108,681018;
2025-10-11 19:00:00;2025-10-11 21:00:00;1073,838702;
2025-10-11 20:00:00;2025-10-11 22:00:00;1070,195333;
2025-10-11 21:00:00;2025-10-11 23:00:00;1084,813807;
2025-10-11 22:00:00;2025-10-12 00:00:00;1113,572152;
2025-10-11 23:00:00;2025-10-12 01:00:00;1202,306606;
2025-10-12 00:00:00;2025-10-12 02:00:00;1294,753683;
2025-10-12 01:00:00;2025-10-12 03:00:00;1314,685294;
2025-10-12 02:00:00;2025-10-12 04:00:00;1265,726366;
2025-10-12 03:00:00;2025-10-12 05:00:00;1275,100148;
2025-10-12 04:00:00;2025-10-12 06:00:00;1215,073734;
2025-10-12 05:00:00;2025-10-12 07:00:00;1240,531211;
2025-10-12 06:00:00;2025-10-12 08:00:00;1313,578818;
2025-10-12 07:00:00;2025-10-12 09:00:00;1216,019652;
2025-10-12 08:00:00;2025-10-12 10:00:00;1122,885072;
2025-10-12 09:00:00;2025-10-12 11:00:00;1043,261198;
2025-10-12 10:00:00;2025-10-12 12:00:00;910,626418;
2025-10-12 11:00:00;2025-10-12 13:00:00;841,086677;
2025-10-12 12:00:00;2025-10-12 14:00:00;808,064292;
2025-10-12 13:00:00;2025-10-12 15:00:00;781,385911;
2025-10-12 14:00:00;2025-10-12 16:00:00;695,957075;
2025-10-12 15:00:00;2025-10-12 17:00:00;713,657856;
2025-10-12 16:00:00;2025-10-12 18:00:00;643,183377;
2025-10-12 17:00:00;2025-10-12 19:00:00;463,770439;
2025-10-12 18:00:00;2025-10-12 20:00:00;347,527778;
2025-10-12 19:00:00;2025-10-12 21:00:00;282,266985;
2025-10-12 20:00:00;2025-10-12 22:00:00;175,995642;
2025-10-12 21:00:00;2025-10-12 23:00:00;108,618558;
2025-10-12 22:00:00;2025-10-13 00:00:00;63,911065;
2025-10-12 23:00:00;2025-10-13 01:00:00;32,429921;
2025-10-13 00:00:00;2025-10-13 02:00:00;13,142364;
2025-10-13 01:00:00;2025-10-13 03:00:00;4,815955;
2025-10-13 02:00:00;2025-10-13 04:00:00;1,291295;
2025-10-13 03:00:00;2025-10-13 05:00:00;0,359300;
2025-10-13 04:00:00;2025-10-13 06:00:00;0,871400;
2025-10-13 05:00:00;2025-10-13 07:00:00;6,019300;
2025-10-13 06:00:00;2025-10-13 08:00:00;11,977800;
2025-10-13 07:00:00;2025-10-13 09:00:00;11,599000;
2025-10-13 08:00:00;2025-10-13 10:00:00;17,079609;
2025-10-13 09:00:00;2025-10-13 11:00:00;34,847108;
2025-10-13 10:00:00;2025-10-13 12:00:00;49,883651;
2025-10-13 11:00:00;2025-10-13 13:00:00;50,170984;
2025-10-13 12:00:00;2025-10-13 14:00:00;95,331995;
2025-10-13 13:00:00;2025-10-13 15:00:00;219,563933;
2025-10-13 14:00:00;2025-10-13 16:00:00;455,745710;
2025-10-13 15:00:00;2025-10-13 17:00:00;540,883352;
2025-10-13 16:00:00;2025-10-13 18:00:00;595,786805;
2025-10-13 17:00:00;2025-10-13 19:00:00;627,980479;
2025-10-13 18:00:00;2025-10-13 20:00:00;773,132594;
2025-10-13 19:00:00;2025-10-13 21:00:00;832,411427;
2025-10-13 20:00:00;2025-10-13 22:00:00;940,091356;
2025-10-13 21:00:00;2025-10-13 23:00:00;969,611611;
2025-10-13 22:00:00;2025-10-14 00:00:00;956,263085;
2025-10-13 23:00:00;2025-10-14 01:00:00;919,548815;
2025-10-14 00:00:00;2025-10-14 02:00:00;916,850151;
2025-10-14 01:00:00;2025-10-14 03:00:00;928,883900;
2025-10-14 02:00:00;2025-10-14 04:00:00;920,493305;
2025-10-14 03:00:00;2025-10-14 05:00:00;884,112753;
2025-10-14 04:00:00;2025-10-14 06:00:00;833,474883;
2025-10-14 05:00:00;2025-10-14 07:00:00;710,340389;
2025-10-14 06:00:00;2025-10-14 08:00:00;612,629754;
2025-10-14 07:00:00;2025-10-14 09:00:00;478,821654;
2025-10-14 08:00:00;2025-10-14 10:00:00;284,017947;
2025-10-14 09:00:00;2025-10-14 11:00:00;145,885019;
2025-10-14 10:00:00;2025-10-14 12:00:00;59,390785;
2025-10-14 11:00:00;2025-10-14 13:00:00;30,310727;
2025-10-14 12:00:00;2025-10-14 14:00:00;47,636041;
2025-10-14 13:00:00;2025-10-14 15:00:00;82,918143;
2025-10-14 14:00:00;2025-10-14 16:00:00;96,457133;
2025-10-14 15:00:00;2025-10-14 17:00:00;85,258416;
2025-10-14 16:00:00;2025-10-14 18:00:00;100,145116;
2025-10-14 17:00:00;2025-10-14 19:00:00;120,689876;
2025-10-14 18:00:00;2025-10-14 20:00:00;131,153264;
2025-10-14 19:00:00;2025-10-14 21:00:00;198,994818;
2025-10-14 20:00:00;2025-10-14 22:00:00;153,878672;
2025-10-14 21:00:00;2025-10-14 23:00:00;124,649791;
2025-10-14 22:00:00;2025-10-15 00:00:00;141,920849;
2025-10-14 23:00:00;2025-10-15 01:00:00;220,367780;
2025-10-15 00:00:00;2025-10-15 02:00:00;296,288000;
2025-10-15 01:00:00;2025-10-15 03:00:00;412,004339;
2025-10-15 02:00:00;2025-10-15 04:00:00;603,946952;
2025-10-15 03:00:00;2025-10-15 05:00:00;741,943197;
2025-10-15 04:00:00;2025-10-15 06:00:00;738,808256;
2025-10-15 05:00:00;2025-10-15 07:00:00;782,991538;
2025-10-15 06:00:00;2025-10-15 08:00:00;794,230429;
2025-10-15 07:00:00;2025-10-15 09:00:00;861,343518;
2025-10-15 08:00:00;2025-10-15 10:00:00;860,828637;
2025-10-15 09:00:00;2025-10-15 11:00:00;856,637758;
2025-10-15 10:00:00;2025-10-15 12:00:00;931,491647;
2025-10-15 11:00:00;2025-10-15 13:00:00;1007,887977;
2025-10-15 12:00:00;2025-10-15 14:00:00;1084,559533;
2025-10-15 13:00:00;2025-10-15 15:00:00;1170,512840;
2025-10-15 14:00:00;2025-10-15 16:00:00;1180,548177;
2025-10-15 15:00:00;2025-10-15 17:00:00;1173,775774;
2025-10-15 16:00:00;2025-10-15 18:00:00;1136,405441;
2025-10-15 17:00:00;2025-10-15 19:00:00;1036,888947;
2025-10-15 18:00:00;2025-10-15 20:00:00;1050,911557;
2025-10-15 19:00:00;2025-10-15 21:00:00;1063,280898;
2025-10-15 20:00:00;2025-10-15 22:00:00;1088,772931;
2025-10-15 21:00:00;2025-10-15 23:00:00;1038,087861;
2025-10-15 22:00:00;2025-10-16 00:00:00;1003,350097;
2025-10-15 23:00:00;2025-10-16 01:00:00;961,302851;
2025-10-16 00:00:00;2025-10-16 02:00:00;1030,891206;
2025-10-16 01:00:00;2025-10-16 03:00:00;1095,759343;
2025-10-16 02:00:00;2025-10-16 04:00:00;1117,619829;
2025-10-16 03:00:00;2025-10-16 05:00:00;1154,078387;
2025-10-16 04:00:00;2025-10-16 06:00:00;1173,277895;
2025-10-16 05:00:00;2025-10-16 07:00:00;1160,818790;
2025-10-16 06:00:00;2025-10-16 08:00:00;1136,173222;
2025-10-16 07:00:00;2025-10-16 09:00:00;1116,075671;
2025-10-16 08:00:00;2025-10-16 10:00:00;1122,036278;
2025-10-16 09:00:00;2025-10-16 11:00:00;1140,049542;
2025-10-16 10:00:00;2025-10-16 12:00:00;1184,223160;
2025-10-16 11:00:00;2025-10-16 13:00:00;1222,681854;
2025-10-16 12:00:00;2025-10-16 14:00:00;1274,961816;
2025-10-16 13:00:00;2025-10-16 15:00:00;1231,131344;
2025-10-16 14:00:00;2025-10-16 16:00:00;1226,064557;
2025-10-16 15:00:00;2025-10-16 17:00:00;1231,410645;
2025-10-16 16:00:00;2025-10-16 18:00:00;1263,677632;
2025-10-16 17:00:00;2025-10-16 19:00:00;1333,571413;
2025-10-16 18:00:00;2025-10-16 20:00:00;1303,762467;
2025-10-16 19:00:00;2025-10-16 21:00:00;1269,591356;
2025-10-16 20:00:00;2025-10-16 22:00:00;1237,464511;
2025-10-16 21:00:00;2025-10-16 23:00:00;1194,772122;
2025-10-16 22:00:00;2025-10-17 00:00:00;1126,326852;
2025-10-16 23:00:00;2025-10-17 01:00:00;1093,094762;
2025-10-17 00:00:00;2025-10-17 02:00:00;1049,204934;
2025-10-17 01:00:00;2025-10-17 03:00:00;1003,336797;
2025-10-17 02:00:00;2025-10-17 04:00:00;928,716669;
2025-10-17 03:00:00;2025-10-17 05:00:00;928,182754;
2025-10-17 04:00:00;2025-10-17 06:00:00;964,125037;
2025-10-17 05:00:00;2025-10-17 07:00:00;965,059148;
2025-10-17 06:00:00;2025-10-17 08:00:00;935,165730;
2025-10-17 07:00:00;2025-10-17 09:00:00;954,915940;
2025-10-17 08:00:00;2025-10-17 10:00:00;969,354844;
2025-10-17 09:00:00;2025-10-17 11:00:00;976,065631;
2025-10-17 10:00:00;2025-10-17 12:00:00;959,893221;
2025-10-17 11:00:00;2025-10-17 13:00:00;931,943152;
2025-10-17 12:00:00;2025-10-17 14:00:00;831,949939;
2025-10-17 13:00:00;2025-10-17 15:00:00;956,602828;
2025-10-17 14:00:00;2025-10-17 16:00:00;1092,260769;
2025-10-17 15:00:00;2025-10-17 17:00:00;867,959266;
2025-10-17 16:00:00;2025-10-17 18:00:00;904,039870;
2025-10-17 17:00:00;2025-10-17 19:00:00;889,182195;
2025-10-17 18:00:00;2025-10-17 20:00:00;844,171206;
2025-10-17 19:00:00;2025-10-17 21:00:00;606,960981;
2025-10-17 20:00:00;2025-10-17 22:00:00;489,193116;
2025-10-17 21:00:00;2025-10-17 23:00:00;401,948303;
2025-10-17 22:00:00;2025-10-18 00:00:00;315,018946;
2025-10-17 23:00:00;2025-10-18 01:00:00;233,262960;
2025-10-18 00:00:00;2025-10-18 02:00:00;156,465587;
2025-10-18 01:00:00;2025-10-18 03:00:00;112,822162;
2025-10-18 02:00:00;2025-10-18 04:00:00;84,106064;
2025-10-18 03:00:00;2025-10-18 05:00:00;54,631796;
2025-10-18 04:00:00;2025-10-18 06:00:00;35,135003;
2025-10-18 05:00:00;2025-10-18 07:00:00;35,085912;
2025-10-18 06:00:00;2025-10-18 08:00:00;37,556101;
2025-10-18 07:00:00;2025-10-18 09:00:00;29,945030;
2025-10-18 08:00:00;2025-10-18 10:00:00;33,793406;
2025-10-18 09:00:00;2025-10-18 11:00:00;32,351742;
2025-10-18 10:00:00;2025-10-18 12:00:00;34,067712;
2025-10-18 11:00:00;2025-10-18 13:00:00;46,997993;
2025-10-18 12:00:00;2025-10-18 14:00:00;58,139328;
2025-10-18 13:00:00;2025-10-18 15:00:00;52,561746;
2025-10-18 14:00:00;2025-10-18 16:00:00;42,923161;
2025-10-18 15:00:00;2025-10-18 17:00:00;50,239964;
2025-10-18 16:00:00;2025-10-18 18:00:00;66,453458;
2025-10-18 17:00:00;2025-10-18 19:00:00;96,987055;
2025-10-18 18:00:00;2025-10-18 20:00:00;132,809587;
2025-10-18 19:00:00;2025-10-18 21:00:00;176,218669;
2025-10-18 20:00:00;2025-10-18 22:00:00;210,450329;
2025-10-18 21:00:00;2025-10-18 23:00:00;227,276299;
2025-10-18 22:00:00;2025-10-19 00:00:00;231,815952;
2025-10-18 23:00:00;2025-10-19 01:00:00;275,118509;
2025-10-19 00:00:00;2025-10-19 02:00:00;288,742800;
2025-10-19 01:00:00;2025-10-19 03:00:00;389,849053;
2025-10-19 02:00:00;2025-10-19 04:00:00;484,390387;
2025-10-19 03:00:00;2025-10-19 05:00:00;568,816122;
2025-10-19 04:00:00;2025-10-19 06:00:00;624,047702;
2025-10-19 05:00:00;2025-10-19 07:00:00;710,160884;
2025-10-19 06:00:00;2025-10-19 08:00:00;802,582776;
2025-10-19 07:00:00;2025-10-19 09:00:00;834,392977;
2025-10-19 08:00:00;2025-10-19 10:00:00;947,638391;
2025-10-19 09:00:00;2025-10-19 11:00:00;1032,335293;
2025-10-19 10:00:00;2025-10-19 12:00:00;1018,322272;
2025-10-19 11:00:00;2025-10-19 13:00:00;1008,144562;
2025-10-19 12:00:00;2025-10-19 14:00:00;952,740116;
2025-10-19 13:00:00;2025-10-19 15:00:00;945,650605;
2025-10-19 14:00:00;2025-10-19 16:00:00;956,520459;
2025-10-19 15:00:00;2025-10-19 17:00:00;1024,913305;
2025-10-19 16:00:00;2025-10-19 18:00:00;1154,271224;
2025-10-19 17:00:00;2025-10-19 19:00:00;1269,979575;
2025-10-19 18:00:00;2025-10-19 20:00:00;1332,655090;
2025-10-19 19:00:00;2025-10-19 21:00:00;1340,067826;
2025-10-19 20:00:00;2025-10-19 22:00:00;1323,406974;
2025-10-19 21:00:00;2025-10-19 23:00:00;1337,761737;
2025-10-19 22:00:00;2025-10-20 00:00:00;1334,769463;
2025-10-19 23:00:00;2025-10-20 01:00:00;1315,438675;
2025-10-20 00:00:00;2025-10-20 02:00:00;1322,361695;
2025-10-20 01:00:00;2025-10-20 03:00:00;1340,784854;
2025-10-20 02:00:00;2025-10-20 04:00:00;1330,635122;
2025-10-20 03:00:00;2025-10-20 05:00:00;1318,553461;
2025-10-20 04:00:00;2025-10-20 06:00:00;1337,637928;
2025-10-20 05:00:00;2025-10-20 07:00:00;1320,527177;
2025-10-20 06:00:00;2025-10-20 08:00:00;1336,058307;
2025-10-20 07:00:00;2025-10-20 09:00:00;1329,178762;
2025-10-20 08:00:00;2025-10-20 10:00:00;1319,280677;
2025-10-20 09:00:00;2025-10-20 11:00:00;1324,338598;
2025-10-20 10:00:00;2025-10-20 12:00:00;1324,094997;
2025-10-20 11:00:00;2025-10-20 13:00:00;1332,547465;
2025-10-20 12:00:00;2025-10-20 14:00:00;1340,686240;
2025-10-20 13:00:00;2025-10-20 15:00:00;1337,782841;
2025-10-20 14:00:00;2025-10-20 16:00:00;1295,211950;
2025-10-20 15:00:00;2025-10-20 17:00:00;1302,233767;
2025-10-20 16:00:00;2025-10-20 18:00:00;1314,218403;
2025-10-20 17:00:00;2025-10-20 19:00:00;1307,473120;
2025-10-20 18:00:00;2025-10-20 20:00:00;1286,011821;
2025-10-20 19:00:00;2025-10-20 21:00:00;1251,111206;
2025-10-20 20:00:00;2025-10-20 22:00:00;1206,935166;
2025-10-20 21:00:00;2025-10-20 23:00:00;1164,791059;
2025-10-20 22:00:00;2025-10-21 00:00:00;1181,007872;
2025-10-20 23:00:00;2025-10-21 01:00:00;1195,931966;
2025-10-21 00:00:00;2025-10-21 02:00:00;1174,856488;
2025-10-21 01:00:00;2025-10-21 03:00:00;1144,584900;
2025-10-21 02:00:00;2025-10-21 04:00:00;1191,856648;
2025-10-21 03:00:00;2025-10-21 05:00:00;1186,888297;
2025-10-21 04:00:00;2025-10-21 06:00:00;1197,156053;
2025-10-21 05:00:00;2025-10-21 07:00:00;1197,100536;
2025-10-21 06:00:00;2025-10-21 08:00:00;1206,595788;
2025-10-21 07:00:00;2025-10-21 09:00:00;1213,795842;
2025-10-21 08:00:00;2025-10-21 10:00:00;1220,943757;
2025-10-21 09:00:00;2025-10-21 11:00:00;1223,412365;
2025-10-21 10:00:00;2025-10-21 12:00:00;1218,320390;
2025-10-21 11:00:00;2025-10-21 13:00:00;1181,747186;
2025-10-21 12:00:00;2025-10-21 14:00:00;1078,803397;
2025-10-21 13:00:00;2025-10-21 15:00:00;732,550173;
2025-10-21 14:00:00;2025-10-21 16:00:00;722,987185;
2025-10-21 15:00:00;2025-10-21 17:00:00;669,994109;
2025-10-21 16:00:00;2025-10-21 18:00:00;847,542970;
2025-10-21 17:00:00;2025-10-21 19:00:00;1068,081245;
2025-10-21 18:00:00;2025-10-21 20:00:00;1110,146518;
2025-10-21 19:00:00;2025-10-21 21:00:00;1151,231660;
2025-10-21 20:00:00;2025-10-21 22:00:00;1095,953957;
2025-10-21 21:00:00;2025-10-21 23:00:00;914,462290;
2025-10-21 22:00:00;2025-10-22 00:00:00;777,670477;
2025-10-21 23:00:00;2025-10-22 01:00:00;881,527586;
2025-10-22 00:00:00;2025-10-22 02:00:00;894,095962;
2025-10-22 01:00:00;2025-10-22 03:00:00;803,639192;
2025-10-22 02:00:00;2025-10-22 04:00:00;834,433662;
2025-10-22 03:00:00;2025-10-22 05:00:00;999,143170;
2025-10-22 04:00:00;2025-10-22 06:00:00;1042,403282;
2025-10-22 05:00:00;2025-10-22 07:00:00;1018,027035;
2025-10-22 06:00:00;2025-10-22 08:00:00;911,943688;
2025-10-22 07:00:00;2025-10-22 09:00:00;966,954314;
2025-10-22 08:00:00;2025-10-22 10:00:00;1071,419148;
2025-10-22 09:00:00;2025-10-22 11:00:00;1114,607684;
2025-10-22 10:00:00;2025-10-22 12:00:00;1147,257348;
2025-10-22 11:00:00;2025-10-22 13:00:00;1151,780031;
2025-10-22 12:00:00;2025-10-22 14:00:00;1121,787656;
2025-10-22 13:00:00;2025-10-22 15:00:00;1078,222489;
2025-10-22 14:00:00;2025-10-22 16:00:00;888,160863;
2025-10-22 15:00:00;2025-10-22 17:00:00;676,151177;
2025-10-22 16:00:00;2025-10-22 18:00:00;490,084126;
2025-10-22 17:00:00;2025-10-22 19:00:00;362,557291;
2025-10-22 18:00:00;2025-10-22 20:00:00;221,420091;
2025-10-22 19:00:00;2025-10-22 21:00:00;196,796555;
2025-10-22 20:00:00;2025-10-22 22:00:00;122,380081;
2025-10-22 21:00:00;2025-10-22 23:00:00;58,258099;
2025-10-22 22:00:00;2025-10-23 00:00:00;63,649790;
2025-10-22 23:00:00;2025-10-23 01:00:00;132,112444;
2025-10-23 00:00:00;2025-10-23 02:00:00;170,142345;
2025-10-23 01:00:00;2025-10-23 03:00:00;202,074358;
2025-10-23 02:00:00;2025-10-23 04:00:00;258,968483;
2025-10-23 03:00:00;2025-10-23 05:00:00;402,246634;
2025-10-23 04:00:00;2025-10-23 06:00:00;543,463927;
2025-10-23 05:00:00;2025-10-23 07:00:00;789,296857;
2025-10-23 06:00:00;2025-10-23 08:00:00;1034,279281;
2025-10-23 07:00:00;2025-10-23 09:00:00;1227,888502;
2025-10-23 08:00:00;2025-10-23 10:00:00;1295,008493;
2025-10-23 09:00:00;2025-10-23 11:00:00;1354,723501;
2025-10-23 10:00:00;2025-10-23 12:00:00;1365,135635;
2025-10-23 11:00:00;2025-10-23 13:00:00;1368,541859;
2025-10-23 12:00:00;2025-10-23 14:00:00;1370,594321;
2025-10-23 13:00:00;2025-10-23 15:00:00;1375,055542;
2025-10-23 14:00:00;2025-10-23 16:00:00;1307,585443;
2025-10-23 15:00:00;2025-10-23 17:00:00;1002,972444;
2025-10-23 16:00:00;2025-10-23 18:00:00;743,135089;
2025-10-23 17:00:00;2025-10-23 19:00:00;680,295772;
2025-10-23 18:00:00;2025-10-23 20:00:00;578,717436;
2025-10-23 19:00:00;2025-10-23 21:00:00;544,140660;
2025-10-23 20:00:00;2025-10-23 22:00:00;674,201562;
2025-10-23 21:00:00;2025-10-23 23:00:00;751,056136;
2025-10-23 22:00:00;2025-10-24 00:00:00;699,511982;
2025-10-23 23:00:00;2025-10-24 01:00:00;735,356091;
2025-10-24 00:00:00;2025-10-24 02:00:00;844,743944;
2025-10-24 01:00:00;2025-10-24 03:00:00;836,169907;
2025-10-24 02:00:00;2025-10-24 04:00:00;852,420379;
2025-10-24 03:00:00;2025-10-24 05:00:00;722,478571;
2025-10-24 04:00:00;2025-10-24 06:00:00;575,145595;
2025-10-24 05:00:00;2025-10-24 07:00:00;526,974630;
2025-10-24 06:00:00;2025-10-24 08:00:00;481,882985;
2025-10-24 07:00:00;2025-10-24 09:00:00;443,505234;
2025-10-24 08:00:00;2025-10-24 10:00:00;425,596578;
2025-10-24 09:00:00;2025-10-24 11:00:00;418,756455;
2025-10-24 10:00:00;2025-10-24 12:00:00;438,223958;
2025-10-24 11:00:00;2025-10-24 13:00:00;715,632803;
2025-10-24 12:00:00;2025-10-24 14:00:00;953,080574;
2025-10-24 13:00:00;2025-10-24 15:00:00;998,090607;
2025-10-24 14:00:00;2025-10-24 16:00:00;1008,072564;
2025-10-24 15:00:00;2025-10-24 17:00:00;1087,930338;
2025-10-24 16:00:00;2025-10-24 18:00:00;1261,275960;
2025-10-24 17:00:00;2025-10-24 19:00:00;1328,870247;
2025-10-24 18:00:00;2025-10-24 20:00:00;1245,694894;
2025-10-24 19:00:00;2025-10-24 21:00:00;1074,301746;
2025-10-24 20:00:00;2025-10-24 22:00:00;1047,835624;
2025-10-24 21:00:00;2025-10-24 23:00:00;1152,090754;
2025-10-24 22:00:00;2025-10-25 00:00:00;1099,702617;
2025-10-24 23:00:00;2025-10-25 01:00:00;451,049206;
2025-10-25 00:00:00;2025-10-25 02:00:00;365,283800;
2025-10-25 01:00:00;2025-10-25 03:00:00;375,044000;
2025-10-25 02:00:00;2025-10-25 04:00:00;336,817000;
2025-10-25 03:00:00;2025-10-25 05:00:00;363,395156;
2025-10-25 04:00:00;2025-10-25 06:00:00;407,271622;
2025-10-25 05:00:00;2025-10-25 07:00:00;329,250016;
2025-10-25 06:00:00;2025-10-25 08:00:00;574,080360;
2025-10-25 07:00:00;2025-10-25 09:00:00;586,233417;
2025-10-25 08:00:00;2025-10-25 10:00:00;531,258036;
2025-10-25 09:00:00;2025-10-25 11:00:00;504,258447;
2025-10-25 10:00:00;2025-10-25 12:00:00;513,554631;
2025-10-25 11:00:00;2025-10-25 13:00:00;545,663583;
2025-10-25 12:00:00;2025-10-25 14:00:00;703,834190;
2025-10-25 13:00:00;2025-10-25 15:00:00;1096,100137;
2025-10-25 14:00:00;2025-10-25 16:00:00;1170,857425;
2025-10-25 15:00:00;2025-10-25 17:00:00;1205,374319;
2025-10-25 16:00:00;2025-10-25 18:00:00;1232,814133;
2025-10-25 17:00:00;2025-10-25 19:00:00;1208,680983;
2025-10-25 18:00:00;2025-10-25 20:00:00;1214,618678;
2025-10-25 19:00:00;2025-10-25 21:00:00;1054,616963;
2025-10-25 20:00:00;2025-10-25 22:00:00;1119,932072;
2025-10-25 21:00:00;2025-10-25 23:00:00;1248,361312;
2025-10-25 22:00:00;2025-10-26 00:00:00;1242,446078;
2025-10-25 23:00:00;2025-10-26 01:00:00;1192,104234;
2025-10-26 00:00:00;2025-10-26 02:00:00;1031,609898;
2025-10-26 01:00:00;2025-10-26 02:00:00;414,994096;
2025-10-26 02:00:00;2025-10-26 03:00:00;72,758673;
2025-10-26 03:00:00;2025-10-26 04:00:00;73,837300;
2025-10-26 04:00:00;2025-10-26 05:00:00;116,939319;
2025-10-26 05:00:00;2025-10-26 06:00:00;188,164086;
2025-10-26 06:00:00;2025-10-26 07:00:00;672,060779;
2025-10-26 07:00:00;2025-10-26 08:00:00;1203,354614;
2025-10-26 08:00:00;2025-10-26 09:00:00;1198,198109;
2025-10-26 09:00:00;2025-10-26 10:00:00;1256,420681;
2025-10-26 10:00:00;2025-10-26 11:00:00;1199,427979;
2025-10-26 11:00:00;2025-10-26 12:00:00;1171,156738;
2025-10-26 12:00:00;2025-10-26 13:00:00;902,638919;
2025-10-26 13:00:00;2025-10-26 14:00:00;574,732581;
2025-10-26 14:00:00;2025-10-26 15:00:00;547,716642;
2025-10-26 15:00:00;2025-10-26 16:00:00;760,990963;
2025-10-26 16:00:00;2025-10-26 17:00:00;806,628661;
2025-10-26 17:00:00;2025-10-26 18:00:00;870,458141;
2025-10-26 18:00:00;2025-10-26 19:00:00;1126,366749;
2025-10-26 19:00:00;2025-10-26 20:00:00;1314,663178;
2025-10-26 20:00:00;2025-10-26 21:00:00;1212,455683;
2025-10-26 21:00:00;2025-10-26 22:00:00;1194,923343;
2025-10-26 22:00:00;2025-10-26 23:00:00;1137,425095;
2025-10-26 23:00:00;2025-10-27 00:00:00;754,150869;
2025-10-27 00:00:00;2025-10-27 01:00:00;649,687573;
2025-10-27 01:00:00;2025-10-27 02:00:00;504,120635;
2025-10-27 02:00:00;2025-10-27 03:00:00;485,251166;
2025-10-27 03:00:00;2025-10-27 04:00:00;443,703234;
2025-10-27 04:00:00;2025-10-27 05:00:00;575,026886;
2025-10-27 05:00:00;2025-10-27 06:00:00;661,564183;
2025-10-27 06:00:00;2025-10-27 07:00:00;855,928232;
2025-10-27 07:00:00;2025-10-27 08:00:00;863,853834;
2025-10-27 08:00:00;2025-10-27 09:00:00;932,278507;
2025-10-27 09:00:00;2025-10-27 10:00:00;997,864912;
2025-10-27 10:00:00;2025-10-27 11:00:00;826,256216;
2025-10-27 11:00:00;2025-10-27 12:00:00;911,188861;
2025-10-27 12:00:00;2025-10-27 13:00:00;817,249313;
2025-10-27 13:00:00;2025-10-27 14:00:00;822,767780;
2025-10-27 14:00:00;2025-10-27 15:00:00;808,292797;
2025-10-27 15:00:00;2025-10-27 16:00:00;893,012616;
2025-10-27 16:00:00;2025-10-27 17:00:00;955,496887;
2025-10-27 17:00:00;2025-10-27 18:00:00;961,426219;
2025-10-27 18:00:00;2025-10-27 19:00:00;978,954741;
2025-10-27 19:00:00;2025-10-27 20:00:00;1001,754876;
2025-10-27 20:00:00;2025-10-27 21:00:00;1022,843919;
2025-10-27 21:00:00;2025-10-27 22:00:00;1035,267364;
2025-10-27 22:00:00;2025-10-27 23:00:00;1042,687229;
2025-10-27 23:00:00;2025-10-28 00:00:00;1039,907482;
2025-10-28 00:00:00;2025-10-28 01:00:00;1089,983490;
2025-10-28 01:00:00;2025-10-28 02:00:00;1054,500124;
2025-10-28 02:00:00;2025-10-28 03:00:00;1132,075951;
2025-10-28 03:00:00;2025-10-28 04:00:00;1250,408131;
2025-10-28 04:00:00;2025-10-28 05:00:00;1128,991783;
2025-10-28 05:00:00;2025-10-28 06:00:00;1123,500029;
2025-10-28 06:00:00;2025-10-28 07:00:00;890,802852;
2025-10-28 07:00:00;2025-10-28 08:00:00;611,594886;
2025-10-28 08:00:00;2025-10-28 09:00:00;437,229266;
2025-10-28 09:00:00;2025-10-28 10:00:00;265,051081;
2025-10-28 10:00:00;2025-10-28 11:00:00;175,145439;
2025-10-28 11:00:00;2025-10-28 12:00:00;176,527163;
2025-10-28 12:00:00;2025-10-28 13:00:00;210,981718;
2025-10-28 13:00:00;2025-10-28 14:00:00;213,821406;
2025-10-28 14:00:00;2025-10-28 15:00:00;268,064847;
2025-10-28 15:00:00;2025-10-28 16:00:00;585,987234;
2025-10-28 16:00:00;2025-10-28 17:00:00;661,878542;
2025-10-28 17:00:00;2025-10-28 18:00:00;710,468432;
2025-10-28 18:00:00;2025-10-28 19:00:00;724,546613;
2025-10-28 19:00:00;2025-10-28 20:00:00;646,188982;
2025-10-28 20:00:00;2025-10-28 21:00:00;687,543224;
2025-10-28 21:00:00;2025-10-28 22:00:00;732,165450;
2025-10-28 22:00:00;2025-10-28 23:00:00;725,933784;
2025-10-28 23:00:00;2025-10-29 00:00:00;688,186781;
2025-10-29 00:00:00;2025-10-29 01:00:00;618,181276;
2025-10-29 01:00:00;2025-10-29 02:00:00;675,313822;
2025-10-29 02:00:00;2025-10-29 03:00:00;790,701947;
2025-10-29 03:00:00;2025-10-29 04:00:00;801,457587;
2025-10-29 04:00:00;2025-10-29 05:00:00;814,503145;
2025-10-29 05:00:00;2025-10-29 06:00:00;845,083628;
2025-10-29 06:00:00;2025-10-29 07:00:00;827,925811;
2025-10-29 07:00:00;2025-10-29 08:00:00;709,685007;
2025-10-29 08:00:00;2025-10-29 09:00:00;886,919974;
2025-10-29 09:00:00;2025-10-29 10:00:00;859,466308;
2025-10-29 10:00:00;2025-10-29 11:00:00;880,661933;
2025-10-29 11:00:00;2025-10-29 12:00:00;997,500606;
2025-10-29 12:00:00;2025-10-29 13:00:00;1040,674313;
2025-10-29 13:00:00;2025-10-29 14:00:00;844,708380;
2025-10-29 14:00:00;2025-10-29 15:00:00;665,280975;
2025-10-29 15:00:00;2025-10-29 16:00:00;685,327188;
2025-10-29 16:00:00;2025-10-29 17:00:00;550,183515;
2025-10-29 17:00:00;2025-10-29 18:00:00;482,535712;
2025-10-29 18:00:00;2025-10-29 19:00:00;175,850154;
2025-10-29 19:00:00;2025-10-29 20:00:00;61,379374;
2025-10-29 20:00:00;2025-10-29 21:00:00;75,244031;
2025-10-29 21:00:00;2025-10-29 22:00:00;99,052818;
2025-10-29 22:00:00;2025-10-29 23:00:00;110,470486;
2025-10-29 23:00:00;2025-10-30 00:00:00;231,325484;
2025-10-30 00:00:00;2025-10-30 01:00:00;188,050160;
2025-10-30 01:00:00;2025-10-30 02:00:00;198,547994;
2025-10-30 02:00:00;2025-10-30 03:00:00;221,578368;
2025-10-30 03:00:00;2025-10-30 04:00:00;733,440081;
2025-10-30 04:00:00;2025-10-30 05:00:00;740,613072;
2025-10-30 05:00:00;2025-10-30 06:00:00;645,666075;
2025-10-30 06:00:00;2025-10-30 07:00:00;633,005448;
2025-10-30 07:00:00;2025-10-30 08:00:00;817,264026;
2025-10-30 08:00:00;2025-10-30 09:00:00;903,726248;
2025-10-30 09:00:00;2025-10-30 10:00:00;875,080953;
2025-10-30 10:00:00;2025-10-30 11:00:00;1066,682178;
2025-10-30 11:00:00;2025-10-30 12:00:00;1169,937558;
2025-10-30 12:00:00;2025-10-30 13:00:00;1291,360526;
2025-10-30 13:00:00;2025-10-30 14:00:00;1338,647435;
2025-10-30 14:00:00;2025-10-30 15:00:00;1332,916963;
2025-10-30 15:00:00;2025-10-30 16:00:00;1249,530450;
2025-10-30 16:00:00;2025-10-30 17:00:00;1067,961364;
2025-10-30 17:00:00;2025-10-30 18:00:00;921,781934;
2025-10-30 18:00:00;2025-10-30 19:00:00;915,878255;
2025-10-30 19:00:00;2025-10-30 20:00:00;821,968157;
2025-10-30 20:00:00;2025-10-30 21:00:00;624,655572;
2025-10-30 21:00:00;2025-10-30 22:00:00;443,267120;
2025-10-30 22:00:00;2025-10-30 23:00:00;328,346558;
2025-10-30 23:00:00;2025-10-31 00:00:00;248,329880;
2025-10-31 00:00:00;2025-10-31 01:00:00;154,343379;
2025-10-31 01:00:00;2025-10-31 02:00:00;60,020264;
2025-10-31 02:00:00;2025-10-31 03:00:00;40,637639;
2025-10-31 03:00:00;2025-10-31 04:00:00;79,131479;
2025-10-31 04:00:00;2025-10-31 05:00:00;185,565992;
2025-10-31 05:00:00;2025-10-31 06:00:00;337,588691;
2025-10-31 06:00:00;2025-10-31 07:00:00;444,077836;
2025-10-31 07:00:00;2025-10-31 08:00:00;593,803832;
2025-10-31 08:00:00;2025-10-31 09:00:00;692,575689;
2025-10-31 09:00:00;2025-10-31 10:00:00;747,229507;
2025-10-31 10:00:00;2025-10-31 11:00:00;788,428120;
2025-10-31 11:00:00;2025-10-31 12:00:00;800,324331;
2025-10-31 12:00:00;2025-10-31 13:00:00;823,660923;
2025-10-31 13:00:00;2025-10-31 14:00:00;846,469416;
2025-10-31 14:00:00;2025-10-31 15:00:00;908,449318;
2025-10-31 15:00:00;2025-10-31 16:00:00;965,753042;
2025-10-31 16:00:00;2025-10-31 17:00:00;1060,274721;
2025-10-31 17:00:00;2025-10-31 18:00:00;1161,855315;
2025-10-31 18:00:00;2025-10-31 19:00:00;1223,474911;
2025-10-31 19:00:00;2025-10-31 20:00:00;1266,090427;
2025-10-31 20:00:00;2025-10-31 21:00:00;1269,648052;
2025-10-31 21:00:00;2025-10-31 22:00:00;1235,607463;
2025-10-31 22:00:00;2025-10-31 23:00:00;1175,484775;
2025-10-31 23:00:00;2025-11-01 00:00:00;1194,105384;
2025-11-01 00:00:00;2025-11-01 01:00:00;1127,446843;
2025-11-01 01:00:00;2025-11-01 02:00:00;1107,139489;
2025-11-01 02:00:00;2025-11-01 03:00:00;1148,997150;
2025-11-01 03:00:00;2025-11-01 04:00:00;1168,379537;
2025-11-01 04:00:00;2025-11-01 05:00:00;1182,121650;
2025-11-01 05:00:00;2025-11-01 06:00:00;1154,949532;
2025-11-01 06:00:00;2025-11-01 07:00:00;1220,720124;
2025-11-01 07:00:00;2025-11-01 08:00:00;1265,320909;
2025-11-01 08:00:00;2025-11-01 09:00:00;1302,612633;
2025-11-01 09:00:00;2025-11-01 10:00:00;1329,059887;
2025-11-01 10:00:00;2025-11-01 11:00:00;1341,886436;
2025-11-01 11:00:00;2025-11-01 12:00:00;1338,169187;
2025-11-01 12:00:00;2025-11-01 13:00:00;1294,116781;
2025-11-01 13:00:00;2025-11-01 14:00:00;1250,530583;
2025-11-01 14:00:00;2025-11-01 15:00:00;1156,109860;
2025-11-01 15:00:00;2025-11-01 16:00:00;1234,327027;
2025-11-01 16:00:00;2025-11-01 17:00:00;1347,752839;
2025-11-01 17:00:00;2025-11-01 18:00:00;1341,872721;
2025-11-01 18:00:00;2025-11-01 19:00:00;1332,985069;
2025-11-01 19:00:00;2025-11-01 20:00:00;1238,269789;
2025-11-01 20:00:00;2025-11-01 21:00:00;1147,005051;
2025-11-01 21:00:00;2025-11-01 22:00:00;1082,895019;
2025-11-01 22:00:00;2025-11-01 23:00:00;1035,395021;
2025-11-01 23:00:00;2025-11-02 00:00:00;853,757291;
2025-11-02 00:00:00;2025-11-02 01:00:00;676,703110;
2025-11-02 01:00:00;2025-11-02 02:00:00;446,950831;
2025-11-02 02:00:00;2025-11-02 03:00:00;505,266765;
2025-11-02 03:00:00;2025-11-02 04:00:00;447,006464;
2025-11-02 04:00:00;2025-11-02 05:00:00;578,247786;
2025-11-02 05:00:00;2025-11-02 06:00:00;761,929104;
2025-11-02 06:00:00;2025-11-02 07:00:00;966,151695;
2025-11-02 07:00:00;2025-11-02 08:00:00;961,393121;
2025-11-02 08:00:00;2025-11-02 09:00:00;899,997865;
2025-11-02 09:00:00;2025-11-02 10:00:00;908,714579;
2025-11-02 10:00:00;2025-11-02 11:00:00;874,202510;
2025-11-02 11:00:00;2025-11-02 12:00:00;746,979032;
2025-11-02 12:00:00;2025-11-02 13:00:00;596,979391;
2025-11-02 13:00:00;2025-11-02 14:00:00;558,184261;
2025-11-02 14:00:00;2025-11-02 15:00:00;378,355249;
2025-11-02 15:00:00;2025-11-02 16:00:00;366,985797;
2025-11-02 16:00:00;2025-11-02 17:00:00;327,560798;
2025-11-02 17:00:00;2025-11-02 18:00:00;354,460292;
2025-11-02 18:00:00;2025-11-02 19:00:00;356,494850;
2025-11-02 19:00:00;2025-11-02 20:00:00;544,026651;
2025-11-02 20:00:00;2025-11-02 21:00:00;452,897260;
2025-11-02 21:00:00;2025-11-02 22:00:00;331,561668;
2025-11-02 22:00:00;2025-11-02 23:00:00;352,040201;
2025-11-02 23:00:00;2025-11-03 00:00:00;451,934767;
2025-11-03 00:00:00;2025-11-03 01:00:00;430,680176;
2025-11-03 01:00:00;2025-11-03 02:00:00;650,524247;
2025-11-03 02:00:00;2025-11-03 03:00:00;795,232113;
2025-11-03 03:00:00;2025-11-03 04:00:00;629,821409;
2025-11-03 04:00:00;2025-11-03 05:00:00;599,149098;
2025-11-03 05:00:00;2025-11-03 06:00:00;793,641193;
2025-11-03 06:00:00;2025-11-03 07:00:00;941,629903;
2025-11-03 07:00:00;2025-11-03 08:00:00;1056,067366;
2025-11-03 08:00:00;2025-11-03 09:00:00;1192,813036;
2025-11-03 09:00:00;2025-11-03 10:00:00;1208,268662;
2025-11-03 10:00:00;2025-11-03 11:00:00;1299,736751;
2025-11-03 11:00:00;2025-11-03 12:00:00;1376,408450;
2025-11-03 12:00:00;2025-11-03 13:00:00;1374,078077;
2025-11-03 13:00:00;2025-11-03 14:00:00;1441,804274;
2025-11-03 14:00:00;2025-11-03 15:00:00;1492,611393;
2025-11-03 15:00:00;2025-11-03 16:00:00;1511,776997;
2025-11-03 16:00:00;2025-11-03 17:00:00;1514,512758;
2025-11-03 17:00:00;2025-11-03 18:00:00;1502,676382;
2025-11-03 18:00:00;2025-11-03 19:00:00;1513,686876;
2025-11-03 19:00:00;2025-11-03 20:00:00;1508,143229;
2025-11-03 20:00:00;2025-11-03 21:00:00;1512,464828;
2025-11-03 21:00:00;2025-11-03 22:00:00;1509,471221;
2025-11-03 22:00:00;2025-11-03 23:00:00;1502,347922;
2025-11-03 23:00:00;2025-11-04 00:00:00;1505,598869;
2025-11-04 00:00:00;2025-11-04 01:00:00;1509,463834;
2025-11-04 01:00:00;2025-11-04 02:00:00;1332,213707;
2025-11-04 02:00:00;2025-11-04 03:00:00;1456,307683;
2025-11-04 03:00:00;2025-11-04 04:00:00;1509,711277;
2025-11-04 04:00:00;2025-11-04 05:00:00;1494,645647;
2025-11-04 05:00:00;2025-11-04 06:00:00;1521,188568;
2025-11-04 06:00:00;2025-11-04 07:00:00;1517,450751;
2025-11-04 07:00:00;2025-11-04 08:00:00;1518,226529;
2025-11-04 08:00:00;2025-11-04 09:00:00;1463,512118;
2025-11-04 09:00:00;2025-11-04 10:00:00;1491,314040;
2025-11-04 10:00:00;2025-11-04 11:00:00;1454,635922;
2025-11-04 11:00:00;2025-11-04 12:00:00;1466,010709;
2025-11-04 12:00:00;2025-11-04 13:00:00;1441,324549;
2025-11-04 13:00:00;2025-11-04 14:00:00;1455,167240;
2025-11-04 14:00:00;2025-11-04 15:00:00;1415,552524;
2025-11-04 15:00:00;2025-11-04 16:00:00;1458,956776;
2025-11-04 16:00:00;2025-11-04 17:00:00;1501,410830;
2025-11-04 17:00:00;2025-11-04 18:00:00;1465,769893;
2025-11-04 18:00:00;2025-11-04 19:00:00;1486,198139;
2025-11-04 19:00:00;2025-11-04 20:00:00;1511,581441;
2025-11-04 20:00:00;2025-11-04 21:00:00;1501,025846;
2025-11-04 21:00:00;2025-11-04 22:00:00;1448,417543;
2025-11-04 22:00:00;2025-11-04 23:00:00;1441,739860;
2025-11-04 23:00:00;2025-11-05 00:00:00;1450,341994;
2025-11-05 00:00:00;2025-11-05 01:00:00;1357,082630;
2025-11-05 01:00:00;2025-11-05 02:00:00;1290,124779;
2025-11-05 02:00:00;2025-11-05 03:00:00;1314,860926;
2025-11-05 03:00:00;2025-11-05 04:00:00;1301,068975;
2025-11-05 04:00:00;2025-11-05 05:00:00;1370,018400;
2025-11-05 05:00:00;2025-11-05 06:00:00;1401,733544;
2025-11-05 06:00:00;2025-11-05 07:00:00;1418,454386;
2025-11-05 07:00:00;2025-11-05 08:00:00;1382,176725;
2025-11-05 08:00:00;2025-11-05 09:00:00;1203,116742;
2025-11-05 09:00:00;2025-11-05 10:00:00;1133,977197;
2025-11-05 10:00:00;2025-11-05 11:00:00;1176,432496;
2025-11-05 11:00:00;2025-11-05 12:00:00;1213,156656;
2025-11-05 12:00:00;2025-11-05 13:00:00;1133,823851;
2025-11-05 13:00:00;2025-11-05 14:00:00;999,732564;
2025-11-05 14:00:00;2025-11-05 15:00:00;999,640126;
2025-11-05 15:00:00;2025-11-05 16:00:00;1000,583975;
2025-11-05 16:00:00;2025-11-05 17:00:00;901,441093;
2025-11-05 17:00:00;2025-11-05 18:00:00;803,087696;
2025-11-05 18:00:00;2025-11-05 19:00:00;810,203424;
2025-11-05 19:00:00;2025-11-05 20:00:00;830,494273;
2025-11-05 20:00:00;2025-11-05 21:00:00;687,901453;
2025-11-05 21:00:00;2025-11-05 22:00:00;665,676511;
2025-11-05 22:00:00;2025-11-05 23:00:00;635,762069;
2025-11-05 23:00:00;2025-11-06 00:00:00;590,443825;
2025-11-06 00:00:00;2025-11-06 01:00:00;610,544688;
2025-11-06 01:00:00;2025-11-06 02:00:00;616,435360;
2025-11-06 02:00:00;2025-11-06 03:00:00;532,093635;
2025-11-06 03:00:00;2025-11-06 04:00:00;471,339201;
2025-11-06 04:00:00;2025-11-06 05:00:00;448,442935;
2025-11-06 05:00:00;2025-11-06 06:00:00;510,599910;
2025-11-06 06:00:00;2025-11-06 07:00:00;344,496913;
2025-11-06 07:00:00;2025-11-06 08:00:00;326,846002;
2025-11-06 08:00:00;2025-11-06 09:00:00;389,361939;
2025-11-06 09:00:00;2025-11-06 10:00:00;376,310774;
2025-11-06 10:00:00;2025-11-06 11:00:00;382,889367;
2025-11-06 11:00:00;2025-11-06 12:00:00;407,475641;
2025-11-06 12:00:00;2025-11-06 13:00:00;385,095328;
2025-11-06 13:00:00;2025-11-06 14:00:00;342,637028;
2025-11-06 14:00:00;2025-11-06 15:00:00;334,497701;
2025-11-06 15:00:00;2025-11-06 16:00:00;334,303386;
2025-11-06 16:00:00;2025-11-06 17:00:00;417,090206;
2025-11-06 17:00:00;2025-11-06 18:00:00;574,870708;
2025-11-06 18:00:00;2025-11-06 19:00:00;702,710750;
2025-11-06 19:00:00;2025-11-06 20:00:00;836,943190;
2025-11-06 20:00:00;2025-11-06 21:00:00;797,906643;
2025-11-06 21:00:00;2025-11-06 22:00:00;640,744696;
2025-11-06 22:00:00;2025-11-06 23:00:00;516,372669;
2025-11-06 23:00:00;2025-11-07 00:00:00;452,310828;
2025-11-07 00:00:00;2025-11-07 01:00:00;409,866915;
2025-11-07 01:00:00;2025-11-07 02:00:00;425,404201;
2025-11-07 02:00:00;2025-11-07 03:00:00;382,278437;
2025-11-07 03:00:00;2025-11-07 04:00:00;394,063391;
2025-11-07 04:00:00;2025-11-07 05:00:00;416,144717;
2025-11-07 05:00:00;2025-11-07 06:00:00;380,891225;
2025-11-07 06:00:00;2025-11-07 07:00:00;347,115435;
2025-11-07 07:00:00;2025-11-07 08:00:00;284,525756;
2025-11-07 08:00:00;2025-11-07 09:00:00;296,451345;
2025-11-07 09:00:00;2025-11-07 10:00:00;251,689306;
2025-11-07 10:00:00;2025-11-07 11:00:00;139,656428;
2025-11-07 11:00:00;2025-11-07 12:00:00;86,235706;
2025-11-07 12:00:00;2025-11-07 13:00:00;60,402144;
2025-11-07 13:00:00;2025-11-07 14:00:00;50,416863;
2025-11-07 14:00:00;2025-11-07 15:00:00;31,114977;
2025-11-07 15:00:00;2025-11-07 16:00:00;31,168605;
2025-11-07 16:00:00;2025-11-07 17:00:00;22,083807;
2025-11-07 17:00:00;2025-11-07 18:00:00;22,366974;
2025-11-07 18:00:00;2025-11-07 19:00:00;26,056559;
2025-11-07 19:00:00;2025-11-07 20:00:00;14,352825;
2025-11-07 20:00:00;2025-11-07 21:00:00;14,698670;
2025-11-07 21:00:00;2025-11-07 22:00:00;18,636632;
2025-11-07 22:00:00;2025-11-07 23:00:00;2,369432;
2025-11-07 23:00:00;2025-11-08 00:00:00;0,000000;
2025-11-08 00:00:00;2025-11-08 01:00:00;0,000000;
2025-11-08 01:00:00;2025-11-08 02:00:00;4,567749;
2025-11-08 02:00:00;2025-11-08 03:00:00;16,674379;
2025-11-08 03:00:00;2025-11-08 04:00:00;23,218349;
2025-11-08 04:00:00;2025-11-08 05:00:00;40,124598;
2025-11-08 05:00:00;2025-11-08 06:00:00;56,906318;
2025-11-08 06:00:00;2025-11-08 07:00:00;73,655594;
2025-11-08 07:00:00;2025-11-08 08:00:00;65,938973;
2025-11-08 08:00:00;2025-11-08 09:00:00;48,381284;
2025-11-08 09:00:00;2025-11-08 10:00:00;48,179748;
2025-11-08 10:00:00;2025-11-08 11:00:00;35,430927;
2025-11-08 11:00:00;2025-11-08 12:00:00;28,462760;
2025-11-08 12:00:00;2025-11-08 13:00:00;32,547185;
2025-11-08 13:00:00;2025-11-08 14:00:00;35,322815;
2025-11-08 14:00:00;2025-11-08 15:00:00;34,915767;
2025-11-08 15:00:00;2025-11-08 16:00:00;52,341307;
2025-11-08 16:00:00;2025-11-08 17:00:00;30,515045;
2025-11-08 17:00:00;2025-11-08 18:00:00;44,384764;
2025-11-08 18:00:00;2025-11-08 19:00:00;54,619746;
2025-11-08 19:00:00;2025-11-08 20:00:00;54,325424;
2025-11-08 20:00:00;2025-11-08 21:00:00;22,666366;
2025-11-08 21:00:00;2025-11-08 22:00:00;27,160140;
2025-11-08 22:00:00;2025-11-08 23:00:00;30,301244;
2025-11-08 23:00:00;2025-11-09 00:00:00;29,339748;
2025-11-09 00:00:00;2025-11-09 01:00:00;20,797459;
2025-11-09 01:00:00;2025-11-09 02:00:00;7,079958;
2025-11-09 02:00:00;2025-11-09 03:00:00;13,509149;
2025-11-09 03:00:00;2025-11-09 04:00:00;18,410078;
2025-11-09 04:00:00;2025-11-09 05:00:00;23,080681;
2025-11-09 05:00:00;2025-11-09 06:00:00;20,687360;
2025-11-09 06:00:00;2025-11-09 07:00:00;27,881764;
2025-11-09 07:00:00;2025-11-09 08:00:00;53,829214;
2025-11-09 08:00:00;2025-11-09 09:00:00;24,704962;
2025-11-09 09:00:00;2025-11-09 10:00:00;1,416000;
2025-11-09 10:00:00;2025-11-09 11:00:00;0,000000;
2025-11-09 11:00:00;2025-11-09 12:00:00;0,000000;
2025-11-09 12:00:00;2025-11-09 13:00:00;0,000000;
2025-11-09 13:00:00;2025-11-09 14:00:00;0,000000;
2025-11-09 14:00:00;2025-11-09 15:00:00;0,000000;
2025-11-09 15:00:00;2025-11-09 16:00:00;0,545300;
2025-11-09 16:00:00;2025-11-09 17:00:00;0,153000;
2025-11-09 17:00:00;2025-11-09 18:00:00;1,402000;
2025-11-09 18:00:00;2025-11-09 19:00:00;6,958644;
2025-11-09 19:00:00;2025-11-09 20:00:00;8,131826;
2025-11-09 20:00:00;2025-11-09 21:00:00;19,479036;
2025-11-09 21:00:00;2025-11-09 22:00:00;18,330375;
2025-11-09 22:00:00;2025-11-09 23:00:00;23,158668;
2025-11-09 23:00:00;2025-11-10 00:00:00;24,043952;
2025-11-10 00:00:00;2025-11-10 01:00:00;18,512591;
2025-11-10 01:00:00;2025-11-10 02:00:00;49,024906;
2025-11-10 02:00:00;2025-11-10 03:00:00;57,825549;
2025-11-10 03:00:00;2025-11-10 04:00:00;41,445831;
2025-11-10 04:00:00;2025-11-10 05:00:00;54,148911;
2025-11-10 05:00:00;2025-11-10 06:00:00;75,015860;
2025-11-10 06:00:00;2025-11-10 07:00:00;106,819308;
2025-11-10 07:00:00;2025-11-10 08:00:00;133,532470;
2025-11-10 08:00:00;2025-11-10 09:00:00;150,585518;
2025-11-10 09:00:00;2025-11-10 10:00:00;204,365484;
2025-11-10 10:00:00;2025-11-10 11:00:00;229,277911;
2025-11-10 11:00:00;2025-11-10 12:00:00;306,558364;
2025-11-10 12:00:00;2025-11-10 13:00:00;384,202249;
2025-11-10 13:00:00;2025-11-10 14:00:00;445,120772;
2025-11-10 14:00:00;2025-11-10 15:00:00;477,610178;
2025-11-10 15:00:00;2025-11-10 16:00:00;532,616642;
2025-11-10 16:00:00;2025-11-10 17:00:00;674,136839;
2025-11-10 17:00:00;2025-11-10 18:00:00;754,693948;
2025-11-10 18:00:00;2025-11-10 19:00:00;860,920796;
2025-11-10 19:00:00;2025-11-10 20:00:00;963,338849;
2025-11-10 20:00:00;2025-11-10 21:00:00;992,128651;
2025-11-10 21:00:00;2025-11-10 22:00:00;1023,489073;
2025-11-10 22:00:00;2025-11-10 23:00:00;1010,216651;
2025-11-10 23:00:00;2025-11-11 00:00:00;1072,232851;
2025-11-11 00:00:00;2025-11-11 01:00:00;1060,563354;
2025-11-11 01:00:00;2025-11-11 02:00:00;1061,485320;
2025-11-11 02:00:00;2025-11-11 03:00:00;1056,099667;
2025-11-11 03:00:00;2025-11-11 04:00:00;1060,443223;
2025-11-11 04:00:00;2025-11-11 05:00:00;1013,682723;
2025-11-11 05:00:00;2025-11-11 06:00:00;974,032490;
2025-11-11 06:00:00;2025-11-11 07:00:00;843,431212;
2025-11-11 07:00:00;2025-11-11 08:00:00;668,484724;
2025-11-11 08:00:00;2025-11-11 09:00:00;518,170952;
2025-11-11 09:00:00;2025-11-11 10:00:00;538,662296;
2025-11-11 10:00:00;2025-11-11 11:00:00;608,692896;
2025-11-11 11:00:00;2025-11-11 12:00:00;697,180963;
2025-11-11 12:00:00;2025-11-11 13:00:00;705,674954;
2025-11-11 13:00:00;2025-11-11 14:00:00;654,419812;
2025-11-11 14:00:00;2025-11-11 15:00:00;583,147515;
2025-11-11 15:00:00;2025-11-11 16:00:00;566,587889;
2025-11-11 16:00:00;2025-11-11 17:00:00;496,256367;
2025-11-11 17:00:00;2025-11-11 18:00:00;573,300962;
2025-11-11 18:00:00;2025-11-11 19:00:00;662,880297;
2025-11-11 19:00:00;2025-11-11 20:00:00;1002,301140;
2025-11-11 20:00:00;2025-11-11 21:00:00;1148,328776;
2025-11-11 21:00:00;2025-11-11 22:00:00;1206,170887;
2025-11-11 22:00:00;2025-11-11 23:00:00;1392,980393;
2025-11-11 23:00:00;2025-11-12 00:00:00;1350,876142;
2025-11-12 00:00:00;2025-11-12 01:00:00;1324,255613;
2025-11-12 01:00:00;2025-11-12 02:00:00;1419,910552;
2025-11-12 02:00:00;2025-11-12 03:00:00;1406,416532;
2025-11-12 03:00:00;2025-11-12 04:00:00;1461,037966;
2025-11-12 04:00:00;2025-11-12 05:00:00;1474,556925;
2025-11-12 05:00:00;2025-11-12 06:00:00;1484,196396;
2025-11-12 06:00:00;2025-11-12 07:00:00;1517,869648;
2025-11-12 07:00:00;2025-11-12 08:00:00;1522,934192;
2025-11-12 08:00:00;2025-11-12 09:00:00;1513,661304;
2025-11-12 09:00:00;2025-11-12 10:00:00;1512,359293;
2025-11-12 10:00:00;2025-11-12 11:00:00;1507,354767;
2025-11-12 11:00:00;2025-11-12 12:00:00;1495,243004;
2025-11-12 12:00:00;2025-11-12 13:00:00;1508,749383;
2025-11-12 13:00:00;2025-11-12 14:00:00;1486,215910;
2025-11-12 14:00:00;2025-11-12 15:00:00;1464,297303;
2025-11-12 15:00:00;2025-11-12 16:00:00;1444,477279;
2025-11-12 16:00:00;2025-11-12 17:00:00;1480,691886;
2025-11-12 17:00:00;2025-11-12 18:00:00;1459,290961;
2025-11-12 18:00:00;2025-11-12 19:00:00;1483,261638;
2025-11-12 19:00:00;2025-11-12 20:00:00;1455,893607;
2025-11-12 20:00:00;2025-11-12 21:00:00;1476,518850;
2025-11-12 21:00:00;2025-11-12 22:00:00;1450,813128;
2025-11-12 22:00:00;2025-11-12 23:00:00;1291,031065;
2025-11-12 23:00:00;2025-11-13 00:00:00;1185,314277;
2025-11-13 00:00:00;2025-11-13 01:00:00;1079,522015;
2025-11-13 01:00:00;2025-11-13 02:00:00;1083,743677;
2025-11-13 02:00:00;2025-11-13 03:00:00;931,273337;
2025-11-13 03:00:00;2025-11-13 04:00:00;970,966027;
2025-11-13 04:00:00;2025-11-13 05:00:00;1012,197058;
2025-11-13 05:00:00;2025-11-13 06:00:00;796,209068;
2025-11-13 06:00:00;2025-11-13 07:00:00;734,149662;
2025-11-13 07:00:00;2025-11-13 08:00:00;967,978903;
2025-11-13 08:00:00;2025-11-13 09:00:00;1096,237311;
2025-11-13 09:00:00;2025-11-13 10:00:00;1204,008634;
2025-11-13 10:00:00;2025-11-13 11:00:00;1297,468918;
2025-11-13 11:00:00;2025-11-13 12:00:00;1425,958092;
2025-11-13 12:00:00;2025-11-13 13:00:00;1435,731641;
2025-11-13 13:00:00;2025-11-13 14:00:00;1440,419132;
2025-11-13 14:00:00;2025-11-13 15:00:00;1295,751759;
2025-11-13 15:00:00;2025-11-13 16:00:00;1263,941390;
2025-11-13 16:00:00;2025-11-13 17:00:00;911,318035;
2025-11-13 17:00:00;2025-11-13 18:00:00;992,217180;
2025-11-13 18:00:00;2025-11-13 19:00:00;1072,522828;
2025-11-13 19:00:00;2025-11-13 20:00:00;1017,134578;
2025-11-13 20:00:00;2025-11-13 21:00:00;1070,761516;
2025-11-13 21:00:00;2025-11-13 22:00:00;887,814665;
2025-11-13 22:00:00;2025-11-13 23:00:00;647,827221;
2025-11-13 23:00:00;2025-11-14 00:00:00;526,650578;
2025-11-14 00:00:00;2025-11-14 01:00:00;462,045159;
2025-11-14 01:00:00;2025-11-14 02:00:00;379,314104;
2025-11-14 02:00:00;2025-11-14 03:00:00;316,366371;
2025-11-14 03:00:00;2025-11-14 04:00:00;311,216204;
2025-11-14 04:00:00;2025-11-14 05:00:00;231,256648;
2025-11-14 05:00:00;2025-11-14 06:00:00;142,310886;
2025-11-14 06:00:00;2025-11-14 07:00:00;106,004172;
2025-11-14 07:00:00;2025-11-14 08:00:00;116,129868;
2025-11-14 08:00:00;2025-11-14 09:00:00;101,935615;
2025-11-14 09:00:00;2025-11-14 10:00:00;113,062923;
2025-11-14 10:00:00;2025-11-14 11:00:00;117,521006;
2025-11-14 11:00:00;2025-11-14 12:00:00;149,865306;
2025-11-14 12:00:00;2025-11-14 13:00:00;228,109689;
2025-11-14 13:00:00;2025-11-14 14:00:00;262,711964;
2025-11-14 14:00:00;2025-11-14 15:00:00;377,250351;
2025-11-14 15:00:00;2025-11-14 16:00:00;519,160711;
2025-11-14 16:00:00;2025-11-14 17:00:00;568,553006;
2025-11-14 17:00:00;2025-11-14 18:00:00;668,615688;
2025-11-14 18:00:00;2025-11-14 19:00:00;771,485140;
2025-11-14 19:00:00;2025-11-14 20:00:00;952,712073;
2025-11-14 20:00:00;2025-11-14 21:00:00;1120,776060;
2025-11-14 21:00:00;2025-11-14 22:00:00;1225,251416;
2025-11-14 22:00:00;2025-11-14 23:00:00;1268,073010;
2025-11-14 23:00:00;2025-11-15 00:00:00;1249,917431;
2025-11-15 00:00:00;2025-11-15 01:00:00;1228,897817;
2025-11-15 01:00:00;2025-11-15 02:00:00;1101,548112;
2025-11-15 02:00:00;2025-11-15 03:00:00;997,587744;
2025-11-15 03:00:00;2025-11-15 04:00:00;1010,464261;
2025-11-15 04:00:00;2025-11-15 05:00:00;1022,628180;
2025-11-15 05:00:00;2025-11-15 06:00:00;1025,618609;
2025-11-15 06:00:00;2025-11-15 07:00:00;973,023438;
2025-11-15 07:00:00;2025-11-15 08:00:00;890,346775;
2025-11-15 08:00:00;2025-11-15 09:00:00;854,891828;
2025-11-15 09:00:00;2025-11-15 10:00:00;788,588269;
2025-11-15 10:00:00;2025-11-15 11:00:00;749,431458;
2025-11-15 11:00:00;2025-11-15 12:00:00;578,505787;
2025-11-15 12:00:00;2025-11-15 13:00:00;382,714011;
2025-11-15 13:00:00;2025-11-15 14:00:00;353,406119;
2025-11-15 14:00:00;2025-11-15 15:00:00;379,291424;
2025-11-15 15:00:00;2025-11-15 16:00:00;408,810565;
2025-11-15 16:00:00;2025-11-15 17:00:00;447,166030;
2025-11-15 17:00:00;2025-11-15 18:00:00;418,262430;
2025-11-15 18:00:00;2025-11-15 19:00:00;364,892180;
2025-11-15 19:00:00;2025-11-15 20:00:00;314,526049;
2025-11-15 20:00:00;2025-11-15 21:00:00;280,049070;
2025-11-15 21:00:00;2025-11-15 22:00:00;251,029803;
2025-11-15 22:00:00;2025-11-15 23:00:00;189,925685;
2025-11-15 23:00:00;2025-11-16 00:00:00;142,041741;
2025-11-16 00:00:00;2025-11-16 01:00:00;92,885674;
2025-11-16 01:00:00;2025-11-16 02:00:00;57,446184;
2025-11-16 02:00:00;2025-11-16 03:00:00;72,713980;
2025-11-16 03:00:00;2025-11-16 04:00:00;119,728614;
2025-11-16 04:00:00;2025-11-16 05:00:00;170,459368;
2025-11-16 05:00:00;2025-11-16 06:00:00;193,538792;
2025-11-16 06:00:00;2025-11-16 07:00:00;193,464406;
2025-11-16 07:00:00;2025-11-16 08:00:00;277,649950;
2025-11-16 08:00:00;2025-11-16 09:00:00;354,165604;
2025-11-16 09:00:00;2025-11-16 10:00:00;437,844289;
2025-11-16 10:00:00;2025-11-16 11:00:00;500,493384;
2025-11-16 11:00:00;2025-11-16 12:00:00;694,307416;
2025-11-16 12:00:00;2025-11-16 13:00:00;870,889798;
2025-11-16 13:00:00;2025-11-16 14:00:00;1009,252305;
2025-11-16 14:00:00;2025-11-16 15:00:00;1101,046851;
2025-11-16 15:00:00;2025-11-16 16:00:00;1192,120394;
2025-11-16 16:00:00;2025-11-16 17:00:00;1287,826796;
2025-11-16 17:00:00;2025-11-16 18:00:00;1364,819798;
2025-11-16 18:00:00;2025-11-16 19:00:00;1323,243356;
2025-11-16 19:00:00;2025-11-16 20:00:00;1331,628014;
2025-11-16 20:00:00;2025-11-16 21:00:00;1250,110507;
2025-11-16 21:00:00;2025-11-16 22:00:00;1295,473284;
2025-11-16 22:00:00;2025-11-16 23:00:00;1336,540836;
2025-11-16 23:00:00;2025-11-17 00:00:00;1361,842659;
2025-11-17 00:00:00;2025-11-17 01:00:00;1397,408308;
2025-11-17 01:00:00;2025-11-17 02:00:00;1330,894037;
2025-11-17 02:00:00;2025-11-17 03:00:00;1364,630703;
2025-11-17 03:00:00;2025-11-17 04:00:00;1314,016571;
2025-11-17 04:00:00;2025-11-17 05:00:00;1137,756724;
2025-11-17 05:00:00;2025-11-17 06:00:00;1266,243662;
2025-11-17 06:00:00;2025-11-17 07:00:00;1323,085869;
2025-11-17 07:00:00;2025-11-17 08:00:00;1121,366668;
2025-11-17 08:00:00;2025-11-17 09:00:00;1267,401436;
2025-11-17 09:00:00;2025-11-17 10:00:00;1204,098575;
2025-11-17 10:00:00;2025-11-17 11:00:00;1194,863232;
2025-11-17 11:00:00;2025-11-17 12:00:00;1029,955962;
2025-11-17 12:00:00;2025-11-17 13:00:00;1095,252053;
2025-11-17 13:00:00;2025-11-17 14:00:00;1267,177946;
2025-11-17 14:00:00;2025-11-17 15:00:00;1387,493243;
2025-11-17 15:00:00;2025-11-17 16:00:00;1392,046552;
2025-11-17 16:00:00;2025-11-17 17:00:00;1375,132605;
2025-11-17 17:00:00;2025-11-17 18:00:00;1349,718277;
2025-11-17 18:00:00;2025-11-17 19:00:00;1258,912730;
2025-11-17 19:00:00;2025-11-17 20:00:00;1203,815894;
2025-11-17 20:00:00;2025-11-17 21:00:00;1181,128726;
2025-11-17 21:00:00;2025-11-17 22:00:00;1154,893489;
2025-11-17 22:00:00;2025-11-17 23:00:00;1189,011758;
2025-11-17 23:00:00;2025-11-18 00:00:00;1186,232007;
2025-11-18 00:00:00;2025-11-18 01:00:00;1221,624228;
2025-11-18 01:00:00;2025-11-18 02:00:00;1253,767854;
2025-11-18 02:00:00;2025-11-18 03:00:00;1239,935792;
2025-11-18 03:00:00;2025-11-18 04:00:00;1130,589737;
2025-11-18 04:00:00;2025-11-18 05:00:00;1264,638485;
2025-11-18 05:00:00;2025-11-18 06:00:00;1123,680650;
2025-11-18 06:00:00;2025-11-18 07:00:00;1127,627713;
2025-11-18 07:00:00;2025-11-18 08:00:00;1047,894328;
2025-11-18 08:00:00;2025-11-18 09:00:00;951,222826;
2025-11-18 09:00:00;2025-11-18 10:00:00;835,887463;
2025-11-18 10:00:00;2025-11-18 11:00:00;738,325997;
2025-11-18 11:00:00;2025-11-18 12:00:00;650,342288;
2025-11-18 12:00:00;2025-11-18 13:00:00;592,042127;
2025-11-18 13:00:00;2025-11-18 14:00:00;516,193644;
2025-11-18 14:00:00;2025-11-18 15:00:00;438,909308;
2025-11-18 15:00:00;2025-11-18 16:00:00;304,713128;
2025-11-18 16:00:00;2025-11-18 17:00:00;321,532407;
2025-11-18 17:00:00;2025-11-18 18:00:00;221,145424;
2025-11-18 18:00:00;2025-11-18 19:00:00;217,073748;
2025-11-18 19:00:00;2025-11-18 20:00:00;189,760749;
2025-11-18 20:00:00;2025-11-18 21:00:00;103,979395;
2025-11-18 21:00:00;2025-11-18 22:00:00;62,526970;
2025-11-18 22:00:00;2025-11-18 23:00:00;44,463216;
2025-11-18 23:00:00;2025-11-19 00:00:00;56,791580;
2025-11-19 00:00:00;2025-11-19 01:00:00;130,009663;
2025-11-19 01:00:00;2025-11-19 02:00:00;144,639967;
2025-11-19 02:00:00;2025-11-19 03:00:00;184,365919;
2025-11-19 03:00:00;2025-11-19 04:00:00;155,569393;
2025-11-19 04:00:00;2025-11-19 05:00:00;213,041116;
2025-11-19 05:00:00;2025-11-19 06:00:00;151,972996;
2025-11-19 06:00:00;2025-11-19 07:00:00;60,942948;
2025-11-19 07:00:00;2025-11-19 08:00:00;69,058855;
2025-11-19 08:00:00;2025-11-19 09:00:00;117,489186;
2025-11-19 09:00:00;2025-11-19 10:00:00;189,699732;
2025-11-19 10:00:00;2025-11-19 11:00:00;232,917828;
2025-11-19 11:00:00;2025-11-19 12:00:00;289,429831;
2025-11-19 12:00:00;2025-11-19 13:00:00;314,675880;
2025-11-19 13:00:00;2025-11-19 14:00:00;369,984633;
2025-11-19 14:00:00;2025-11-19 15:00:00;451,379486;
2025-11-19 15:00:00;2025-11-19 16:00:00;507,682450;
2025-11-19 16:00:00;2025-11-19 17:00:00;535,783926;
2025-11-19 17:00:00;2025-11-19 18:00:00;630,042281;
2025-11-19 18:00:00;2025-11-19 19:00:00;644,099019;
2025-11-19 19:00:00;2025-11-19 20:00:00;706,848318;
2025-11-19 20:00:00;2025-11-19 21:00:00;694,502732;
2025-11-19 21:00:00;2025-11-19 22:00:00;688,599397;
2025-11-19 22:00:00;2025-11-19 23:00:00;708,646733;
2025-11-19 23:00:00;2025-11-20 00:00:00;793,249578;
2025-11-20 00:00:00;2025-11-20 01:00:00;981,217685;
2025-11-20 01:00:00;2025-11-20 02:00:00;999,683101;
2025-11-20 02:00:00;2025-11-20 03:00:00;906,317810;
2025-11-20 03:00:00;2025-11-20 04:00:00;937,571330;
2025-11-20 04:00:00;2025-11-20 05:00:00;1081,695253;
2025-11-20 05:00:00;2025-11-20 06:00:00;1036,499998;
2025-11-20 06:00:00;2025-11-20 07:00:00;1037,044797;
2025-11-20 07:00:00;2025-11-20 08:00:00;950,313778;
2025-11-20 08:00:00;2025-11-20 09:00:00;910,697056;
2025-11-20 09:00:00;2025-11-20 10:00:00;873,367718;
2025-11-20 10:00:00;2025-11-20 11:00:00;767,936803;
2025-11-20 11:00:00;2025-11-20 12:00:00;715,724318;
2025-11-20 12:00:00;2025-11-20 13:00:00;751,118295;
2025-11-20 13:00:00;2025-11-20 14:00:00;730,806408;
2025-11-20 14:00:00;2025-11-20 15:00:00;753,588231;
2025-11-20 15:00:00;2025-11-20 16:00:00;695,936779;
2025-11-20 16:00:00;2025-11-20 17:00:00;741,029425;
2025-11-20 17:00:00;2025-11-20 18:00:00;813,137771;
2025-11-20 18:00:00;2025-11-20 19:00:00;856,285043;
2025-11-20 19:00:00;2025-11-20 20:00:00;849,112292;
2025-11-20 20:00:00;2025-11-20 21:00:00;833,715919;
2025-11-20 21:00:00;2025-11-20 22:00:00;741,720900;
2025-11-20 22:00:00;2025-11-20 23:00:00;597,240493;
2025-11-20 23:00:00;2025-11-21 00:00:00;499,667835;
2025-11-21 00:00:00;2025-11-21 01:00:00;512,617193;
2025-11-21 01:00:00;2025-11-21 02:00:00;428,022047;
2025-11-21 02:00:00;2025-11-21 03:00:00;378,790958;
2025-11-21 03:00:00;2025-11-21 04:00:00;347,796846;
2025-11-21 04:00:00;2025-11-21 05:00:00;310,520294;
2025-11-21 05:00:00;2025-11-21 06:00:00;246,458304;
2025-11-21 06:00:00;2025-11-21 07:00:00;181,168696;
2025-11-21 07:00:00;2025-11-21 08:00:00;175,414560;
2025-11-21 08:00:00;2025-11-21 09:00:00;159,579566;
2025-11-21 09:00:00;2025-11-21 10:00:00;138,140177;
2025-11-21 10:00:00;2025-11-21 11:00:00;90,992884;
2025-11-21 11:00:00;2025-11-21 12:00:00;80,540791;
2025-11-21 12:00:00;2025-11-21 13:00:00;87,387927;
2025-11-21 13:00:00;2025-11-21 14:00:00;103,969233;
2025-11-21 14:00:00;2025-11-21 15:00:00;131,194655;
2025-11-21 15:00:00;2025-11-21 16:00:00;343,235923;
2025-11-21 16:00:00;2025-11-21 17:00:00;275,843109;
2025-11-21 17:00:00;2025-11-21 18:00:00;204,612542;
2025-11-21 18:00:00;2025-11-21 19:00:00;364,743228;
2025-11-21 19:00:00;2025-11-21 20:00:00;425,578971;
2025-11-21 20:00:00;2025-11-21 21:00:00;511,232853;
2025-11-21 21:00:00;2025-11-21 22:00:00;607,023377;
2025-11-21 22:00:00;2025-11-21 23:00:00;543,702114;
2025-11-21 23:00:00;2025-11-22 00:00:00;790,005168;
2025-11-22 00:00:00;2025-11-22 01:00:00;876,876532;
2025-11-22 01:00:00;2025-11-22 02:00:00;1022,444363;
2025-11-22 02:00:00;2025-11-22 03:00:00;1143,636184;
2025-11-22 03:00:00;2025-11-22 04:00:00;1222,049842;
2025-11-22 04:00:00;2025-11-22 05:00:00;1380,243177;
2025-11-22 05:00:00;2025-11-22 06:00:00;1355,219147;
2025-11-22 06:00:00;2025-11-22 07:00:00;1360,450437;
2025-11-22 07:00:00;2025-11-22 08:00:00;1489,478995;
2025-11-22 08:00:00;2025-11-22 09:00:00;1456,973120;
2025-11-22 09:00:00;2025-11-22 10:00:00;1464,093692;
2025-11-22 10:00:00;2025-11-22 11:00:00;1462,523716;
2025-11-22 11:00:00;2025-11-22 12:00:00;1497,186002;
2025-11-22 12:00:00;2025-11-22 13:00:00;1517,075698;
2025-11-22 13:00:00;2025-11-22 14:00:00;1497,705470;
2025-11-22 14:00:00;2025-11-22 15:00:00;1461,312820;
2025-11-22 15:00:00;2025-11-22 16:00:00;1515,134158;
2025-11-22 16:00:00;2025-11-22 17:00:00;1535,812218;
2025-11-22 17:00:00;2025-11-22 18:00:00;1546,059884;
2025-11-22 18:00:00;2025-11-22 19:00:00;1497,819974;
2025-11-22 19:00:00;2025-11-22 20:00:00;1509,143646;
2025-11-22 20:00:00;2025-11-22 21:00:00;1542,353840;
2025-11-22 21:00:00;2025-11-22 22:00:00;1546,123886;
2025-11-22 22:00:00;2025-11-22 23:00:00;1521,500413;
2025-11-22 23:00:00;2025-11-23 00:00:00;1554,248559;
2025-11-23 00:00:00;2025-11-23 01:00:00;1546,298157;
2025-11-23 01:00:00;2025-11-23 02:00:00;1555,659973;
2025-11-23 02:00:00;2025-11-23 03:00:00;1554,434059;
2025-11-23 03:00:00;2025-11-23 04:00:00;1549,416028;
2025-11-23 04:00:00;2025-11-23 05:00:00;1551,251967;
2025-11-23 05:00:00;2025-11-23 06:00:00;1543,056765;
2025-11-23 06:00:00;2025-11-23 07:00:00;1549,823812;
2025-11-23 07:00:00;2025-11-23 08:00:00;1465,539985;
2025-11-23 08:00:00;2025-11-23 09:00:00;1446,193768;
2025-11-23 09:00:00;2025-11-23 10:00:00;1436,360714;
2025-11-23 10:00:00;2025-11-23 11:00:00;1438,685017;
2025-11-23 11:00:00;2025-11-23 12:00:00;1435,875705;
2025-11-23 12:00:00;2025-11-23 13:00:00;1423,075909;
2025-11-23 13:00:00;2025-11-23 14:00:00;1429,303317;
2025-11-23 14:00:00;2025-11-23 15:00:00;1430,835717;
2025-11-23 15:00:00;2025-11-23 16:00:00;1414,846472;
2025-11-23 16:00:00;2025-11-23 17:00:00;1407,796806;
2025-11-23 17:00:00;2025-11-23 18:00:00;1414,355483;
2025-11-23 18:00:00;2025-11-23 19:00:00;1385,176452;
2025-11-23 19:00:00;2025-11-23 20:00:00;1404,043355;
2025-11-23 20:00:00;2025-11-23 21:00:00;1376,970620;
2025-11-23 21:00:00;2025-11-23 22:00:00;1337,170899;
2025-11-23 22:00:00;2025-11-23 23:00:00;1360,792459;
2025-11-23 23:00:00;2025-11-24 00:00:00;1362,218380;
2025-11-24 00:00:00;2025-11-24 01:00:00;1329,211637;
2025-11-24 01:00:00;2025-11-24 02:00:00;1354,992463;
2025-11-24 02:00:00;2025-11-24 03:00:00;1400,247875;
2025-11-24 03:00:00;2025-11-24 04:00:00;1418,026009;
2025-11-24 04:00:00;2025-11-24 05:00:00;1422,798861;
2025-11-24 05:00:00;2025-11-24 06:00:00;1378,249800;
2025-11-24 06:00:00;2025-11-24 07:00:00;1356,251551;
2025-11-24 07:00:00;2025-11-24 08:00:00;1322,289821;
2025-11-24 08:00:00;2025-11-24 09:00:00;1297,675932;
2025-11-24 09:00:00;2025-11-24 10:00:00;1205,140668;
2025-11-24 10:00:00;2025-11-24 11:00:00;1115,971571;
2025-11-24 11:00:00;2025-11-24 12:00:00;1024,276661;
2025-11-24 12:00:00;2025-11-24 13:00:00;1015,307244;
2025-11-24 13:00:00;2025-11-24 14:00:00;1102,171594;
2025-11-24 14:00:00;2025-11-24 15:00:00;1136,704638;
2025-11-24 15:00:00;2025-11-24 16:00:00;1239,218671;
2025-11-24 16:00:00;2025-11-24 17:00:00;1263,905315;
2025-11-24 17:00:00;2025-11-24 18:00:00;1253,846464;
2025-11-24 18:00:00;2025-11-24 19:00:00;1312,062334;
2025-11-24 19:00:00;2025-11-24 20:00:00;1296,554868;
2025-11-24 20:00:00;2025-11-24 21:00:00;1306,047639;
2025-11-24 21:00:00;2025-11-24 22:00:00;1313,931844;
2025-11-24 22:00:00;2025-11-24 23:00:00;1327,275953;
2025-11-24 23:00:00;2025-11-25 00:00:00;1350,463328;
2025-11-25 00:00:00;2025-11-25 01:00:00;1335,500175;
2025-11-25 01:00:00;2025-11-25 02:00:00;1325,759525;
2025-11-25 02:00:00;2025-11-25 03:00:00;1323,705502;
2025-11-25 03:00:00;2025-11-25 04:00:00;1326,460397;
2025-11-25 04:00:00;2025-11-25 05:00:00;1278,242129;
2025-11-25 05:00:00;2025-11-25 06:00:00;1260,286823;
2025-11-25 06:00:00;2025-11-25 07:00:00;1231,079953;
2025-11-25 07:00:00;2025-11-25 08:00:00;1168,365157;
2025-11-25 08:00:00;2025-11-25 09:00:00;1120,511191;
2025-11-25 09:00:00;2025-11-25 10:00:00;1084,434123;
2025-11-25 10:00:00;2025-11-25 11:00:00;1038,572596;
2025-11-25 11:00:00;2025-11-25 12:00:00;922,606076;
2025-11-25 12:00:00;2025-11-25 13:00:00;759,336510;
2025-11-25 13:00:00;2025-11-25 14:00:00;657,538581;
2025-11-25 14:00:00;2025-11-25 15:00:00;600,962609;
2025-11-25 15:00:00;2025-11-25 16:00:00;528,167384;
2025-11-25 16:00:00;2025-11-25 17:00:00;471,462116;
2025-11-25 17:00:00;2025-11-25 18:00:00;424,133053;
2025-11-25 18:00:00;2025-11-25 19:00:00;360,862096;
2025-11-25 19:00:00;2025-11-25 20:00:00;261,656932;
2025-11-25 20:00:00;2025-11-25 21:00:00;198,399682;
2025-11-25 21:00:00;2025-11-25 22:00:00;151,505191;
2025-11-25 22:00:00;2025-11-25 23:00:00;101,009014;
2025-11-25 23:00:00;2025-11-26 00:00:00;65,043213;
2025-11-26 00:00:00;2025-11-26 01:00:00;70,684209;
2025-11-26 01:00:00;2025-11-26 02:00:00;75,545592;
2025-11-26 02:00:00;2025-11-26 03:00:00;72,115695;
2025-11-26 03:00:00;2025-11-26 04:00:00;42,392554;
2025-11-26 04:00:00;2025-11-26 05:00:00;42,760760;
2025-11-26 05:00:00;2025-11-26 06:00:00;32,010684;
2025-11-26 06:00:00;2025-11-26 07:00:00;23,298294;
2025-11-26 07:00:00;2025-11-26 08:00:00;17,965956;
2025-11-26 08:00:00;2025-11-26 09:00:00;27,504207;
2025-11-26 09:00:00;2025-11-26 10:00:00;18,480885;
2025-11-26 10:00:00;2025-11-26 11:00:00;5,413001;
2025-11-26 11:00:00;2025-11-26 12:00:00;2,805179;
2025-11-26 12:00:00;2025-11-26 13:00:00;8,584200;
2025-11-26 13:00:00;2025-11-26 14:00:00;5,884900;
2025-11-26 14:00:00;2025-11-26 15:00:00;7,557744;
2025-11-26 15:00:00;2025-11-26 16:00:00;16,108757;
2025-11-26 16:00:00;2025-11-26 17:00:00;39,851889;
2025-11-26 17:00:00;2025-11-26 18:00:00;91,774762;
2025-11-26 18:00:00;2025-11-26 19:00:00;200,548276;
2025-11-26 19:00:00;2025-11-26 20:00:00;288,570854;
2025-11-26 20:00:00;2025-11-26 21:00:00;347,098368;
2025-11-26 21:00:00;2025-11-26 22:00:00;454,121763;
2025-11-26 22:00:00;2025-11-26 23:00:00;595,914130;
2025-11-26 23:00:00;2025-11-27 00:00:00;848,291935;
2025-11-27 00:00:00;2025-11-27 01:00:00;1131,721807;
2025-11-27 01:00:00;2025-11-27 02:00:00;1313,854824;
2025-11-27 02:00:00;2025-11-27 03:00:00;1409,456101;
2025-11-27 03:00:00;2025-11-27 04:00:00;1439,661277;
2025-11-27 04:00:00;2025-11-27 05:00:00;1459,961534;
2025-11-27 05:00:00;2025-11-27 06:00:00;1463,823947;
2025-11-27 06:00:00;2025-11-27 07:00:00;1464,159491;
2025-11-27 07:00:00;2025-11-27 08:00:00;1457,926072;
2025-11-27 08:00:00;2025-11-27 09:00:00;1460,921951;
2025-11-27 09:00:00;2025-11-27 10:00:00;1451,679763;
2025-11-27 10:00:00;2025-11-27 11:00:00;1429,759514;
2025-11-27 11:00:00;2025-11-27 12:00:00;1440,989210;
2025-11-27 12:00:00;2025-11-27 13:00:00;1440,738273;
2025-11-27 13:00:00;2025-11-27 14:00:00;1434,148186;
2025-11-27 14:00:00;2025-11-27 15:00:00;1412,959538;
2025-11-27 15:00:00;2025-11-27 16:00:00;1387,899321;
2025-11-27 16:00:00;2025-11-27 17:00:00;1422,176350;
2025-11-27 17:00:00;2025-11-27 18:00:00;1448,583615;
2025-11-27 18:00:00;2025-11-27 19:00:00;1450,333862;
2025-11-27 19:00:00;2025-11-27 20:00:00;1447,289539;
2025-11-27 20:00:00;2025-11-27 21:00:00;1453,512703;
2025-11-27 21:00:00;2025-11-27 22:00:00;1456,144712;
2025-11-27 22:00:00;2025-11-27 23:00:00;1458,189806;
2025-11-27 23:00:00;2025-11-28 00:00:00;1452,739560;
2025-11-28 00:00:00;2025-11-28 01:00:00;1456,306225;
2025-11-28 01:00:00;2025-11-28 02:00:00;1454,083716;
2025-11-28 02:00:00;2025-11-28 03:00:00;1453,602860;
2025-11-28 03:00:00;2025-11-28 04:00:00;1452,063764;
2025-11-28 04:00:00;2025-11-28 05:00:00;1445,544133;
2025-11-28 05:00:00;2025-11-28 06:00:00;1426,223590;
2025-11-28 06:00:00;2025-11-28 07:00:00;1395,062466;
2025-11-28 07:00:00;2025-11-28 08:00:00;1370,258912;
2025-11-28 08:00:00;2025-11-28 09:00:00;1364,147969;
2025-11-28 09:00:00;2025-11-28 10:00:00;1399,247629;
2025-11-28 10:00:00;2025-11-28 11:00:00;1415,315159;
2025-11-28 11:00:00;2025-11-28 12:00:00;1433,809236;
2025-11-28 12:00:00;2025-11-28 13:00:00;1422,975969;
2025-11-28 13:00:00;2025-11-28 14:00:00;1401,200709;
2025-11-28 14:00:00;2025-11-28 15:00:00;1418,100696;
2025-11-28 15:00:00;2025-11-28 16:00:00;1434,560131;
2025-11-28 16:00:00;2025-11-28 17:00:00;1441,368896;
2025-11-28 17:00:00;2025-11-28 18:00:00;1450,329308;
2025-11-28 18:00:00;2025-11-28 19:00:00;1449,901849;
2025-11-28 19:00:00;2025-11-28 20:00:00;1447,909960;
2025-11-28 20:00:00;2025-11-28 21:00:00;1450,921380;
2025-11-28 21:00:00;2025-11-28 22:00:00;1454,381369;
2025-11-28 22:00:00;2025-11-28 23:00:00;1449,381126;
2025-11-28 23:00:00;2025-11-29 00:00:00;1443,807289;
2025-11-29 00:00:00;2025-11-29 01:00:00;1441,955830;
2025-11-29 01:00:00;2025-11-29 02:00:00;1430,504816;
2025-11-29 02:00:00;2025-11-29 03:00:00;1427,281630;
2025-11-29 03:00:00;2025-11-29 04:00:00;1429,501096;
2025-11-29 04:00:00;2025-11-29 05:00:00;1411,907014;
2025-11-29 05:00:00;2025-11-29 06:00:00;1394,002200;
2025-11-29 06:00:00;2025-11-29 07:00:00;1367,449168;
2025-11-29 07:00:00;2025-11-29 08:00:00;1330,889824;
2025-11-29 08:00:00;2025-11-29 09:00:00;1266,839615;
2025-11-29 09:00:00;2025-11-29 10:00:00;1235,122409;
2025-11-29 10:00:00;2025-11-29 11:00:00;993,536311;
2025-11-29 11:00:00;2025-11-29 12:00:00;1000,096080;
2025-11-29 12:00:00;2025-11-29 13:00:00;1230,742930;
2025-11-29 13:00:00;2025-11-29 14:00:00;1149,432861;
2025-11-29 14:00:00;2025-11-29 15:00:00;1142,486697;
2025-11-29 15:00:00;2025-11-29 16:00:00;1246,987828;
2025-11-29 16:00:00;2025-11-29 17:00:00;1267,835163;
2025-11-29 17:00:00;2025-11-29 18:00:00;1183,154510;
2025-11-29 18:00:00;2025-11-29 19:00:00;1170,963983;
2025-11-29 19:00:00;2025-11-29 20:00:00;1123,743314;
2025-11-29 20:00:00;2025-11-29 21:00:00;1164,144366;
2025-11-29 21:00:00;2025-11-29 22:00:00;1085,921000;
2025-11-29 22:00:00;2025-11-29 23:00:00;1162,704379;
2025-11-29 23:00:00;2025-11-30 00:00:00;1271,709394;
2025-11-30 00:00:00;2025-11-30 01:00:00;1326,169146;
2025-11-30 01:00:00;2025-11-30 02:00:00;1316,372110;
2025-11-30 02:00:00;2025-11-30 03:00:00;1265,173355;
2025-11-30 03:00:00;2025-11-30 04:00:00;1322,795445;
2025-11-30 04:00:00;2025-11-30 05:00:00;1385,297527;
2025-11-30 05:00:00;2025-11-30 06:00:00;1392,233155;
2025-11-30 06:00:00;2025-11-30 07:00:00;1361,351665;
2025-11-30 07:00:00;2025-11-30 08:00:00;1414,649284;
2025-11-30 08:00:00;2025-11-30 09:00:00;1433,061306;
2025-11-30 09:00:00;2025-11-30 10:00:00;1446,873709;
2025-11-30 10:00:00;2025-11-30 11:00:00;1453,717140;
2025-11-30 11:00:00;2025-11-30 12:00:00;1448,044548;
2025-11-30 12:00:00;2025-11-30 13:00:00;1457,393318;
2025-11-30 13:00:00;2025-11-30 14:00:00;1455,136516;
2025-11-30 14:00:00;2025-11-30 15:00:00;1448,012552;
2025-11-30 15:00:00;2025-11-30 16:00:00;1452,164457;
2025-11-30 16:00:00;2025-11-30 17:00:00;1446,239481;
2025-11-30 17:00:00;2025-11-30 18:00:00;1435,045100;
2025-11-30 18:00:00;2025-11-30 19:00:00;1433,633564;
2025-11-30 19:00:00;2025-11-30 20:00:00;1435,997066;
2025-11-30 20:00:00;2025-11-30 21:00:00;1449,181397;
2025-11-30 21:00:00;2025-11-30 22:00:00;1454,303507;
2025-11-30 22:00:00;2025-11-30 23:00:00;1438,432977;
2025-11-30 23:00:00;2025-12-01 00:00:00;1449,497922;
2025-12-01 00:00:00;2025-12-01 01:00:00;1441,059952;
2025-12-01 01:00:00;2025-12-01 02:00:00;1396,664328;
2025-12-01 02:00:00;2025-12-01 03:00:00;1359,604129;
2025-12-01 03:00:00;2025-12-01 04:00:00;1369,428972;
2025-12-01 04:00:00;2025-12-01 05:00:00;1216,599106;
2025-12-01 05:00:00;2025-12-01 06:00:00;1181,430119;
2025-12-01 06:00:00;2025-12-01 07:00:00;1142,836875;
2025-12-01 07:00:00;2025-12-01 08:00:00;1204,435252;
2025-12-01 08:00:00;2025-12-01 09:00:00;1336,311471;
2025-12-01 09:00:00;2025-12-01 10:00:00;1388,371755;
2025-12-01 10:00:00;2025-12-01 11:00:00;1402,777196;
2025-12-01 11:00:00;2025-12-01 12:00:00;1442,868869;
2025-12-01 12:00:00;2025-12-01 13:00:00;1446,273471;
2025-12-01 13:00:00;2025-12-01 14:00:00;1438,012777;
2025-12-01 14:00:00;2025-12-01 15:00:00;1429,564207;
2025-12-01 15:00:00;2025-12-01 16:00:00;1434,177898;
2025-12-01 16:00:00;2025-12-01 17:00:00;1442,719046;
2025-12-01 17:00:00;2025-12-01 18:00:00;1448,449025;
2025-12-01 18:00:00;2025-12-01 19:00:00;1444,957051;
2025-12-01 19:00:00;2025-12-01 20:00:00;1442,802433;
2025-12-01 20:00:00;2025-12-01 21:00:00;1448,629302;
2025-12-01 21:00:00;2025-12-01 22:00:00;1435,067150;
2025-12-01 22:00:00;2025-12-01 23:00:00;1446,186059;
2025-12-01 23:00:00;2025-12-02 00:00:00;1443,233262;
2025-12-02 00:00:00;2025-12-02 01:00:00;1443,000106;
2025-12-02 01:00:00;2025-12-02 02:00:00;1439,042673;
2025-12-02 02:00:00;2025-12-02 03:00:00;1447,046079;
2025-12-02 03:00:00;2025-12-02 04:00:00;1437,767716;
2025-12-02 04:00:00;2025-12-02 05:00:00;1440,546478;
2025-12-02 05:00:00;2025-12-02 06:00:00;1440,255661;
2025-12-02 06:00:00;2025-12-02 07:00:00;1445,512580;
2025-12-02 07:00:00;2025-12-02 08:00:00;1441,397766;
2025-12-02 08:00:00;2025-12-02 09:00:00;1433,319351;
2025-12-02 09:00:00;2025-12-02 10:00:00;1447,011979;
2025-12-02 10:00:00;2025-12-02 11:00:00;1436,751183;
2025-12-02 11:00:00;2025-12-02 12:00:00;1415,574707;
2025-12-02 12:00:00;2025-12-02 13:00:00;1362,374546;
2025-12-02 13:00:00;2025-12-02 14:00:00;1306,461693;
2025-12-02 14:00:00;2025-12-02 15:00:00;1187,130639;
2025-12-02 15:00:00;2025-12-02 16:00:00;1015,098914;
2025-12-02 16:00:00;2025-12-02 17:00:00;878,056795;
2025-12-02 17:00:00;2025-12-02 18:00:00;762,276928;
2025-12-02 18:00:00;2025-12-02 19:00:00;638,032432;
2025-12-02 19:00:00;2025-12-02 20:00:00;563,606057;
2025-12-02 20:00:00;2025-12-02 21:00:00;499,936787;
2025-12-02 21:00:00;2025-12-02 22:00:00;486,912520;
2025-12-02 22:00:00;2025-12-02 23:00:00;386,764444;
2025-12-02 23:00:00;2025-12-03 00:00:00;310,791302;
2025-12-03 00:00:00;2025-12-03 01:00:00;210,503012;
2025-12-03 01:00:00;2025-12-03 02:00:00;201,460747;
2025-12-03 02:00:00;2025-12-03 03:00:00;207,230192;
2025-12-03 03:00:00;2025-12-03 04:00:00;281,223634;
2025-12-03 04:00:00;2025-12-03 05:00:00;386,496346;
2025-12-03 05:00:00;2025-12-03 06:00:00;266,178041;
2025-12-03 06:00:00;2025-12-03 07:00:00;213,293625;
2025-12-03 07:00:00;2025-12-03 08:00:00;248,889137;
2025-12-03 08:00:00;2025-12-03 09:00:00;285,515532;
2025-12-03 09:00:00;2025-12-03 10:00:00;299,708293;
2025-12-03 10:00:00;2025-12-03 11:00:00;300,755602;
2025-12-03 11:00:00;2025-12-03 12:00:00;334,923575;
2025-12-03 12:00:00;2025-12-03 13:00:00;364,034460;
2025-12-03 13:00:00;2025-12-03 14:00:00;328,738970;
2025-12-03 14:00:00;2025-12-03 15:00:00;289,259234;
2025-12-03 15:00:00;2025-12-03 16:00:00;273,984524;
2025-12-03 16:00:00;2025-12-03 17:00:00;296,641666;
2025-12-03 17:00:00;2025-12-03 18:00:00;280,281141;
2025-12-03 18:00:00;2025-12-03 19:00:00;255,090979;
2025-12-03 19:00:00;2025-12-03 20:00:00;222,081099;
2025-12-03 20:00:00;2025-12-03 21:00:00;223,592449;
2025-12-03 21:00:00;2025-12-03 22:00:00;222,026053;
2025-12-03 22:00:00;2025-12-03 23:00:00;208,220416;
2025-12-03 23:00:00;2025-12-04 00:00:00;223,502276;
2025-12-04 00:00:00;2025-12-04 01:00:00;232,645325;
2025-12-04 01:00:00;2025-12-04 02:00:00;209,669423;
2025-12-04 02:00:00;2025-12-04 03:00:00;194,711742;
2025-12-04 03:00:00;2025-12-04 04:00:00;191,994964;
2025-12-04 04:00:00;2025-12-04 05:00:00;207,428337;
2025-12-04 05:00:00;2025-12-04 06:00:00;232,665594;
2025-12-04 06:00:00;2025-12-04 07:00:00;269,295480;
2025-12-04 07:00:00;2025-12-04 08:00:00;327,985912;
2025-12-04 08:00:00;2025-12-04 09:00:00;368,742041;
2025-12-04 09:00:00;2025-12-04 10:00:00;386,288344;
2025-12-04 10:00:00;2025-12-04 11:00:00;437,044309;
2025-12-04 11:00:00;2025-12-04 12:00:00;427,916739;
2025-12-04 12:00:00;2025-12-04 13:00:00;350,927038;
2025-12-04 13:00:00;2025-12-04 14:00:00;343,082079;
2025-12-04 14:00:00;2025-12-04 15:00:00;411,743284;
2025-12-04 15:00:00;2025-12-04 16:00:00;485,236820;
2025-12-04 16:00:00;2025-12-04 17:00:00;533,011702;
2025-12-04 17:00:00;2025-12-04 18:00:00;546,501036;
2025-12-04 18:00:00;2025-12-04 19:00:00;433,571263;
2025-12-04 19:00:00;2025-12-04 20:00:00;403,839381;
2025-12-04 20:00:00;2025-12-04 21:00:00;454,319620;
2025-12-04 21:00:00;2025-12-04 22:00:00;436,741827;
2025-12-04 22:00:00;2025-12-04 23:00:00;469,668011;
2025-12-04 23:00:00;2025-12-05 00:00:00;661,310911;
2025-12-05 00:00:00;2025-12-05 01:00:00;718,940083;
2025-12-05 01:00:00;2025-12-05 02:00:00;723,332850;
2025-12-05 02:00:00;2025-12-05 03:00:00;636,942248;
2025-12-05 03:00:00;2025-12-05 04:00:00;626,995706;
2025-12-05 04:00:00;2025-12-05 05:00:00;702,759663;
2025-12-05 05:00:00;2025-12-05 06:00:00;699,630213;
2025-12-05 06:00:00;2025-12-05 07:00:00;636,451694;
2025-12-05 07:00:00;2025-12-05 08:00:00;587,278865;
2025-12-05 08:00:00;2025-12-05 09:00:00;484,183487;
2025-12-05 09:00:00;2025-12-05 10:00:00;436,121601;
2025-12-05 10:00:00;2025-12-05 11:00:00;363,040135;
2025-12-05 11:00:00;2025-12-05 12:00:00;275,661794;
2025-12-05 12:00:00;2025-12-05 13:00:00;305,802306;
2025-12-05 13:00:00;2025-12-05 14:00:00;374,092760;
2025-12-05 14:00:00;2025-12-05 15:00:00;355,237467;
2025-12-05 15:00:00;2025-12-05 16:00:00;317,218354;
2025-12-05 16:00:00;2025-12-05 17:00:00;305,141107;
2025-12-05 17:00:00;2025-12-05 18:00:00;348,402280;
2025-12-05 18:00:00;2025-12-05 19:00:00;394,499247;
2025-12-05 19:00:00;2025-12-05 20:00:00;360,637646;
2025-12-05 20:00:00;2025-12-05 21:00:00;288,210162;
2025-12-05 21:00:00;2025-12-05 22:00:00;268,240656;
2025-12-05 22:00:00;2025-12-05 23:00:00;316,231006;
2025-12-05 23:00:00;2025-12-06 00:00:00;477,512122;
2025-12-06 00:00:00;2025-12-06 01:00:00;627,550132;
2025-12-06 01:00:00;2025-12-06 02:00:00;719,580950;
2025-12-06 02:00:00;2025-12-06 03:00:00;919,167676;
2025-12-06 03:00:00;2025-12-06 04:00:00;1005,557942;
2025-12-06 04:00:00;2025-12-06 05:00:00;976,820851;
2025-12-06 05:00:00;2025-12-06 06:00:00;1039,125223;
2025-12-06 06:00:00;2025-12-06 07:00:00;1111,164157;
2025-12-06 07:00:00;2025-12-06 08:00:00;1131,162274;
2025-12-06 08:00:00;2025-12-06 09:00:00;1086,125789;
2025-12-06 09:00:00;2025-12-06 10:00:00;1107,877636;
2025-12-06 10:00:00;2025-12-06 11:00:00;1140,761402;
2025-12-06 11:00:00;2025-12-06 12:00:00;1097,910919;
2025-12-06 12:00:00;2025-12-06 13:00:00;1096,112213;
2025-12-06 13:00:00;2025-12-06 14:00:00;1189,183085;
2025-12-06 14:00:00;2025-12-06 15:00:00;1243,164923;
2025-12-06 15:00:00;2025-12-06 16:00:00;1284,502270;
2025-12-06 16:00:00;2025-12-06 17:00:00;1314,773262;
2025-12-06 17:00:00;2025-12-06 18:00:00;1312,450563;
2025-12-06 18:00:00;2025-12-06 19:00:00;1291,924765;
2025-12-06 19:00:00;2025-12-06 20:00:00;1260,353662;
2025-12-06 20:00:00;2025-12-06 21:00:00;1244,825927;
2025-12-06 21:00:00;2025-12-06 22:00:00;1196,508862;
2025-12-06 22:00:00;2025-12-06 23:00:00;1161,427828;
2025-12-06 23:00:00;2025-12-07 00:00:00;1209,500985;
2025-12-07 00:00:00;2025-12-07 01:00:00;1087,052120;
2025-12-07 01:00:00;2025-12-07 02:00:00;889,253520;
2025-12-07 02:00:00;2025-12-07 03:00:00;890,553729;
2025-12-07 03:00:00;2025-12-07 04:00:00;892,047644;
2025-12-07 04:00:00;2025-12-07 05:00:00;842,802874;
2025-12-07 05:00:00;2025-12-07 06:00:00;816,908222;
2025-12-07 06:00:00;2025-12-07 07:00:00;800,317462;
2025-12-07 07:00:00;2025-12-07 08:00:00;699,781812;
2025-12-07 08:00:00;2025-12-07 09:00:00;716,089751;
2025-12-07 09:00:00;2025-12-07 10:00:00;667,532927;
2025-12-07 10:00:00;2025-12-07 11:00:00;514,791318;
2025-12-07 11:00:00;2025-12-07 12:00:00;582,992825;
2025-12-07 12:00:00;2025-12-07 13:00:00;524,674289;
2025-12-07 13:00:00;2025-12-07 14:00:00;461,375226;
2025-12-07 14:00:00;2025-12-07 15:00:00;450,974988;
2025-12-07 15:00:00;2025-12-07 16:00:00;460,221989;
2025-12-07 16:00:00;2025-12-07 17:00:00;547,125514;
2025-12-07 17:00:00;2025-12-07 18:00:00;645,763223;
2025-12-07 18:00:00;2025-12-07 19:00:00;807,518934;
2025-12-07 19:00:00;2025-12-07 20:00:00;1050,644699;
2025-12-07 20:00:00;2025-12-07 21:00:00;1177,787039;
2025-12-07 21:00:00;2025-12-07 22:00:00;1201,656679;
2025-12-07 22:00:00;2025-12-07 23:00:00;1181,919685;
2025-12-07 23:00:00;2025-12-08 00:00:00;1366,582330;
2025-12-08 00:00:00;2025-12-08 01:00:00;1437,917236;
2025-12-08 01:00:00;2025-12-08 02:00:00;1438,934129;
2025-12-08 02:00:00;2025-12-08 03:00:00;1330,289572;
2025-12-08 03:00:00;2025-12-08 04:00:00;1407,473685;
2025-12-08 04:00:00;2025-12-08 05:00:00;1455,863654;
2025-12-08 05:00:00;2025-12-08 06:00:00;1458,689828;
2025-12-08 06:00:00;2025-12-08 07:00:00;1374,317927;
2025-12-08 07:00:00;2025-12-08 08:00:00;1309,677802;
2025-12-08 08:00:00;2025-12-08 09:00:00;1307,558079;
2025-12-08 09:00:00;2025-12-08 10:00:00;1368,614082;
2025-12-08 10:00:00;2025-12-08 11:00:00;1403,497033;
2025-12-08 11:00:00;2025-12-08 12:00:00;1423,655195;
2025-12-08 12:00:00;2025-12-08 13:00:00;1434,217996;
2025-12-08 13:00:00;2025-12-08 14:00:00;1430,848135;
2025-12-08 14:00:00;2025-12-08 15:00:00;1448,774378;
2025-12-08 15:00:00;2025-12-08 16:00:00;1449,354375;
2025-12-08 16:00:00;2025-12-08 17:00:00;1382,267243;
2025-12-08 17:00:00;2025-12-08 18:00:00;1375,280667;
2025-12-08 18:00:00;2025-12-08 19:00:00;1349,864838;
2025-12-08 19:00:00;2025-12-08 20:00:00;1355,400168;
2025-12-08 20:00:00;2025-12-08 21:00:00;1352,162584;
2025-12-08 21:00:00;2025-12-08 22:00:00;1311,399555;
2025-12-08 22:00:00;2025-12-08 23:00:00;1374,611776;
2025-12-08 23:00:00;2025-12-09 00:00:00;1327,956310;
2025-12-09 00:00:00;2025-12-09 01:00:00;1270,425352;
2025-12-09 01:00:00;2025-12-09 02:00:00;1127,806507;
2025-12-09 02:00:00;2025-12-09 03:00:00;1080,993240;
2025-12-09 03:00:00;2025-12-09 04:00:00;941,499218;
2025-12-09 04:00:00;2025-12-09 05:00:00;815,643083;
2025-12-09 05:00:00;2025-12-09 06:00:00;737,242295;
2025-12-09 06:00:00;2025-12-09 07:00:00;580,605974;
2025-12-09 07:00:00;2025-12-09 08:00:00;540,339717;
2025-12-09 08:00:00;2025-12-09 09:00:00;616,545274;
2025-12-09 09:00:00;2025-12-09 10:00:00;561,877008;
2025-12-09 10:00:00;2025-12-09 11:00:00;454,199676;
2025-12-09 11:00:00;2025-12-09 12:00:00;584,043302;
2025-12-09 12:00:00;2025-12-09 13:00:00;755,095038;
2025-12-09 13:00:00;2025-12-09 14:00:00;741,722654;
2025-12-09 14:00:00;2025-12-09 15:00:00;841,153465;
2025-12-09 15:00:00;2025-12-09 16:00:00;987,853640;
2025-12-09 16:00:00;2025-12-09 17:00:00;1044,447714;
2025-12-09 17:00:00;2025-12-09 18:00:00;1151,039910;
2025-12-09 18:00:00;2025-12-09 19:00:00;1293,352209;
2025-12-09 19:00:00;2025-12-09 20:00:00;1384,947202;
2025-12-09 20:00:00;2025-12-09 21:00:00;1419,426942;
2025-12-09 21:00:00;2025-12-09 22:00:00;1435,603574;
2025-12-09 22:00:00;2025-12-09 23:00:00;1451,477356;
2025-12-09 23:00:00;2025-12-10 00:00:00;1457,069734;
2025-12-10 00:00:00;2025-12-10 01:00:00;1455,015481;
2025-12-10 01:00:00;2025-12-10 02:00:00;1455,789480;
2025-12-10 02:00:00;2025-12-10 03:00:00;1454,018213;
2025-12-10 03:00:00;2025-12-10 04:00:00;1441,645114;
2025-12-10 04:00:00;2025-12-10 05:00:00;1380,860486;
2025-12-10 05:00:00;2025-12-10 06:00:00;1379,821677;
2025-12-10 06:00:00;2025-12-10 07:00:00;1335,113920;
2025-12-10 07:00:00;2025-12-10 08:00:00;1325,371886;
2025-12-10 08:00:00;2025-12-10 09:00:00;1393,380817;
2025-12-10 09:00:00;2025-12-10 10:00:00;1385,932717;
2025-12-10 10:00:00;2025-12-10 11:00:00;1401,788392;
2025-12-10 11:00:00;2025-12-10 12:00:00;1400,407362;
2025-12-10 12:00:00;2025-12-10 13:00:00;1394,047902;
2025-12-10 13:00:00;2025-12-10 14:00:00;1349,383494;
2025-12-10 14:00:00;2025-12-10 15:00:00;1341,247551;
2025-12-10 15:00:00;2025-12-10 16:00:00;1406,542755;
2025-12-10 16:00:00;2025-12-10 17:00:00;1434,388746;
2025-12-10 17:00:00;2025-12-10 18:00:00;1441,345189;
2025-12-10 18:00:00;2025-12-10 19:00:00;1446,816948;
2025-12-10 19:00:00;2025-12-10 20:00:00;1456,955573;
2025-12-10 20:00:00;2025-12-10 21:00:00;1450,969648;
2025-12-10 21:00:00;2025-12-10 22:00:00;1439,906585;
2025-12-10 22:00:00;2025-12-10 23:00:00;1439,023534;
2025-12-10 23:00:00;2025-12-11 00:00:00;1462,657568;
2025-12-11 00:00:00;2025-12-11 01:00:00;1457,640644;
2025-12-11 01:00:00;2025-12-11 02:00:00;1457,916206;
2025-12-11 02:00:00;2025-12-11 03:00:00;1459,830359;
2025-12-11 03:00:00;2025-12-11 04:00:00;1462,583464;
2025-12-11 04:00:00;2025-12-11 05:00:00;1455,237328;
2025-12-11 05:00:00;2025-12-11 06:00:00;1435,260478;
2025-12-11 06:00:00;2025-12-11 07:00:00;1428,936202;
2025-12-11 07:00:00;2025-12-11 08:00:00;1389,145871;
2025-12-11 08:00:00;2025-12-11 09:00:00;1373,536132;
2025-12-11 09:00:00;2025-12-11 10:00:00;1384,926249;
2025-12-11 10:00:00;2025-12-11 11:00:00;1365,405660;
2025-12-11 11:00:00;2025-12-11 12:00:00;1278,552071;
2025-12-11 12:00:00;2025-12-11 13:00:00;1392,491417;
2025-12-11 13:00:00;2025-12-11 14:00:00;1381,632696;
2025-12-11 14:00:00;2025-12-11 15:00:00;1346,556580;
2025-12-11 15:00:00;2025-12-11 16:00:00;1308,505746;
2025-12-11 16:00:00;2025-12-11 17:00:00;1298,433868;
2025-12-11 17:00:00;2025-12-11 18:00:00;1341,887815;
2025-12-11 18:00:00;2025-12-11 19:00:00;1348,698122;
2025-12-11 19:00:00;2025-12-11 20:00:00;1280,819837;
2025-12-11 20:00:00;2025-12-11 21:00:00;1205,717933;
2025-12-11 21:00:00;2025-12-11 22:00:00;1167,450423;
2025-12-11 22:00:00;2025-12-11 23:00:00;1177,459281;
2025-12-11 23:00:00;2025-12-12 00:00:00;1062,199856;
2025-12-12 00:00:00;2025-12-12 01:00:00;977,439454;
2025-12-12 01:00:00;2025-12-12 02:00:00;952,129820;
2025-12-12 02:00:00;2025-12-12 03:00:00;798,268792;
2025-12-12 03:00:00;2025-12-12 04:00:00;557,052895;
2025-12-12 04:00:00;2025-12-12 05:00:00;480,181115;
2025-12-12 05:00:00;2025-12-12 06:00:00;449,264526;
2025-12-12 06:00:00;2025-12-12 07:00:00;412,136790;
2025-12-12 07:00:00;2025-12-12 08:00:00;395,221075;
2025-12-12 08:00:00;2025-12-12 09:00:00;348,096204;
2025-12-12 09:00:00;2025-12-12 10:00:00;291,265330;
2025-12-12 10:00:00;2025-12-12 11:00:00;303,091323;
2025-12-12 11:00:00;2025-12-12 12:00:00;255,146278;
2025-12-12 12:00:00;2025-12-12 13:00:00;203,485376;
2025-12-12 13:00:00;2025-12-12 14:00:00;235,950969;
2025-12-12 14:00:00;2025-12-12 15:00:00;264,194364;
2025-12-12 15:00:00;2025-12-12 16:00:00;381,434616;
2025-12-12 16:00:00;2025-12-12 17:00:00;496,938521;
2025-12-12 17:00:00;2025-12-12 18:00:00;528,610176;
2025-12-12 18:00:00;2025-12-12 19:00:00;571,193370;
2025-12-12 19:00:00;2025-12-12 20:00:00;753,426151;
2025-12-12 20:00:00;2025-12-12 21:00:00;815,922810;
2025-12-12 21:00:00;2025-12-12 22:00:00;822,449881;
2025-12-12 22:00:00;2025-12-12 23:00:00;598,835054;
2025-12-12 23:00:00;2025-12-13 00:00:00;394,569831;
2025-12-13 00:00:00;2025-12-13 01:00:00;387,650465;
2025-12-13 01:00:00;2025-12-13 02:00:00;457,663399;
2025-12-13 02:00:00;2025-12-13 03:00:00;602,087743;
2025-12-13 03:00:00;2025-12-13 04:00:00;748,907276;
2025-12-13 04:00:00;2025-12-13 05:00:00;887,741604;
2025-12-13 05:00:00;2025-12-13 06:00:00;909,947040;
2025-12-13 06:00:00;2025-12-13 07:00:00;886,591039;
2025-12-13 07:00:00;2025-12-13 08:00:00;946,278449;
2025-12-13 08:00:00;2025-12-13 09:00:00;986,514250;
2025-12-13 09:00:00;2025-12-13 10:00:00;901,636794;
2025-12-13 10:00:00;2025-12-13 11:00:00;911,498647;
2025-12-13 11:00:00;2025-12-13 12:00:00;943,851736;
2025-12-13 12:00:00;2025-12-13 13:00:00;879,649449;
2025-12-13 13:00:00;2025-12-13 14:00:00;909,893977;
2025-12-13 14:00:00;2025-12-13 15:00:00;863,250277;
2025-12-13 15:00:00;2025-12-13 16:00:00;790,025018;
2025-12-13 16:00:00;2025-12-13 17:00:00;722,977897;
2025-12-13 17:00:00;2025-12-13 18:00:00;855,335406;
2025-12-13 18:00:00;2025-12-13 19:00:00;1031,400968;
2025-12-13 19:00:00;2025-12-13 20:00:00;1194,765007;
2025-12-13 20:00:00;2025-12-13 21:00:00;1273,618060;
2025-12-13 21:00:00;2025-12-13 22:00:00;1287,784981;
2025-12-13 22:00:00;2025-12-13 23:00:00;1325,529173;
2025-12-13 23:00:00;2025-12-14 00:00:00;1377,890153;
2025-12-14 00:00:00;2025-12-14 01:00:00;1341,622857;
2025-12-14 01:00:00;2025-12-14 02:00:00;1425,886255;
2025-12-14 02:00:00;2025-12-14 03:00:00;1445,217431;
2025-12-14 03:00:00;2025-12-14 04:00:00;1452,735516;
2025-12-14 04:00:00;2025-12-14 05:00:00;1450,356581;
2025-12-14 05:00:00;2025-12-14 06:00:00;1450,312651;
2025-12-14 06:00:00;2025-12-14 07:00:00;1444,254382;
2025-12-14 07:00:00;2025-12-14 08:00:00;1452,482044;
2025-12-14 08:00:00;2025-12-14 09:00:00;1457,980937;
2025-12-14 09:00:00;2025-12-14 10:00:00;1457,093530;
2025-12-14 10:00:00;2025-12-14 11:00:00;1450,687792;
2025-12-14 11:00:00;2025-12-14 12:00:00;1460,086079;
2025-12-14 12:00:00;2025-12-14 13:00:00;1434,722824;
2025-12-14 13:00:00;2025-12-14 14:00:00;1390,245100;
2025-12-14 14:00:00;2025-12-14 15:00:00;1366,801374;
2025-12-14 15:00:00;2025-12-14 16:00:00;1369,645611;
2025-12-14 16:00:00;2025-12-14 17:00:00;1401,992842;
2025-12-14 17:00:00;2025-12-14 18:00:00;1436,081014;
2025-12-14 18:00:00;2025-12-14 19:00:00;1444,490098;
2025-12-14 19:00:00;2025-12-14 20:00:00;1450,686621;
2025-12-14 20:00:00;2025-12-14 21:00:00;1458,719491;
2025-12-14 21:00:00;2025-12-14 22:00:00;1461,687247;
2025-12-14 22:00:00;2025-12-14 23:00:00;1458,474428;
2025-12-14 23:00:00;2025-12-15 00:00:00;1458,117071;
2025-12-15 00:00:00;2025-12-15 01:00:00;1452,559720;
2025-12-15 01:00:00;2025-12-15 02:00:00;1457,509914;
2025-12-15 02:00:00;2025-12-15 03:00:00;1455,942622;
2025-12-15 03:00:00;2025-12-15 04:00:00;1453,927270;
2025-12-15 04:00:00;2025-12-15 05:00:00;1453,083113;
2025-12-15 05:00:00;2025-12-15 06:00:00;1450,611738;
2025-12-15 06:00:00;2025-12-15 07:00:00;1454,341959;
2025-12-15 07:00:00;2025-12-15 08:00:00;1442,507097;
2025-12-15 08:00:00;2025-12-15 09:00:00;1446,158958;
2025-12-15 09:00:00;2025-12-15 10:00:00;1448,100472;
2025-12-15 10:00:00;2025-12-15 11:00:00;1446,918837;
2025-12-15 11:00:00;2025-12-15 12:00:00;1448,570898;
2025-12-15 12:00:00;2025-12-15 13:00:00;1437,407155;
2025-12-15 13:00:00;2025-12-15 14:00:00;1410,182594;
2025-12-15 14:00:00;2025-12-15 15:00:00;1394,425433;
2025-12-15 15:00:00;2025-12-15 16:00:00;1402,543955;
2025-12-15 16:00:00;2025-12-15 17:00:00;1380,691726;
2025-12-15 17:00:00;2025-12-15 18:00:00;1368,937328;
2025-12-15 18:00:00;2025-12-15 19:00:00;1276,507210;
2025-12-15 19:00:00;2025-12-15 20:00:00;1161,093279;
2025-12-15 20:00:00;2025-12-15 21:00:00;1054,735725;
2025-12-15 21:00:00;2025-12-15 22:00:00;945,453916;
2025-12-15 22:00:00;2025-12-15 23:00:00;861,446213;
2025-12-15 23:00:00;2025-12-16 00:00:00;693,681797;
2025-12-16 00:00:00;2025-12-16 01:00:00;669,965229;
2025-12-16 01:00:00;2025-12-16 02:00:00;774,136120;
2025-12-16 02:00:00;2025-12-16 03:00:00;710,850787;
2025-12-16 03:00:00;2025-12-16 04:00:00;567,924143;
2025-12-16 04:00:00;2025-12-16 05:00:00;541,937595;
2025-12-16 05:00:00;2025-12-16 06:00:00;705,833165;
2025-12-16 06:00:00;2025-12-16 07:00:00;660,734921;
2025-12-16 07:00:00;2025-12-16 08:00:00;570,229860;
2025-12-16 08:00:00;2025-12-16 09:00:00;610,154869;
2025-12-16 09:00:00;2025-12-16 10:00:00;752,166254;
2025-12-16 10:00:00;2025-12-16 11:00:00;744,301966;
2025-12-16 11:00:00;2025-12-16 12:00:00;699,327671;
2025-12-16 12:00:00;2025-12-16 13:00:00;504,805836;
2025-12-16 13:00:00;2025-12-16 14:00:00;368,643269;
2025-12-16 14:00:00;2025-12-16 15:00:00;495,901542;
2025-12-16 15:00:00;2025-12-16 16:00:00;622,442927;
2025-12-16 16:00:00;2025-12-16 17:00:00;525,468095;
2025-12-16 17:00:00;2025-12-16 18:00:00;508,755168;
2025-12-16 18:00:00;2025-12-16 19:00:00;544,550334;
2025-12-16 19:00:00;2025-12-16 20:00:00;644,319336;
2025-12-16 20:00:00;2025-12-16 21:00:00;826,431695;
2025-12-16 21:00:00;2025-12-16 22:00:00;883,965832;
2025-12-16 22:00:00;2025-12-16 23:00:00;949,858108;
2025-12-16 23:00:00;2025-12-17 00:00:00;828,394182;
2025-12-17 00:00:00;2025-12-17 01:00:00;589,211300;
2025-12-17 01:00:00;2025-12-17 02:00:00;446,009093;
2025-12-17 02:00:00;2025-12-17 03:00:00;285,331555;
2025-12-17 03:00:00;2025-12-17 04:00:00;248,158860;
2025-12-17 04:00:00;2025-12-17 05:00:00;225,877055;
2025-12-17 05:00:00;2025-12-17 06:00:00;145,928493;
2025-12-17 06:00:00;2025-12-17 07:00:00;68,385699;
2025-12-17 07:00:00;2025-12-17 08:00:00;32,145413;
2025-12-17 08:00:00;2025-12-17 09:00:00;22,639399;
2025-12-17 09:00:00;2025-12-17 10:00:00;10,070933;
2025-12-17 10:00:00;2025-12-17 11:00:00;15,611800;
2025-12-17 11:00:00;2025-12-17 12:00:00;22,899483;
2025-12-17 12:00:00;2025-12-17 13:00:00;32,701800;
2025-12-17 13:00:00;2025-12-17 14:00:00;49,144662;
2025-12-17 14:00:00;2025-12-17 15:00:00;94,293730;
2025-12-17 15:00:00;2025-12-17 16:00:00;146,355612;
2025-12-17 16:00:00;2025-12-17 17:00:00;225,274624;
2025-12-17 17:00:00;2025-12-17 18:00:00;328,750678;
2025-12-17 18:00:00;2025-12-17 19:00:00;435,382977;
2025-12-17 19:00:00;2025-12-17 20:00:00;538,039374;
2025-12-17 20:00:00;2025-12-17 21:00:00;745,686175;
2025-12-17 21:00:00;2025-12-17 22:00:00;911,405451;
2025-12-17 22:00:00;2025-12-17 23:00:00;1091,439841;
2025-12-17 23:00:00;2025-12-18 00:00:00;1223,467986;
2025-12-18 00:00:00;2025-12-18 01:00:00;1165,082210;
2025-12-18 01:00:00;2025-12-18 02:00:00;1348,130525;
2025-12-18 02:00:00;2025-12-18 03:00:00;1408,285422;
2025-12-18 03:00:00;2025-12-18 04:00:00;1422,817175;
2025-12-18 04:00:00;2025-12-18 05:00:00;1429,346987;
2025-12-18 05:00:00;2025-12-18 06:00:00;1447,750105;
2025-12-18 06:00:00;2025-12-18 07:00:00;1447,372986;
2025-12-18 07:00:00;2025-12-18 08:00:00;1446,222374;
2025-12-18 08:00:00;2025-12-18 09:00:00;1435,580661;
2025-12-18 09:00:00;2025-12-18 10:00:00;1432,780080;
2025-12-18 10:00:00;2025-12-18 11:00:00;1435,705955;
2025-12-18 11:00:00;2025-12-18 12:00:00;1423,979633;
2025-12-18 12:00:00;2025-12-18 13:00:00;1251,805005;
2025-12-18 13:00:00;2025-12-18 14:00:00;1226,902880;
2025-12-18 14:00:00;2025-12-18 15:00:00;1173,963354;
2025-12-18 15:00:00;2025-12-18 16:00:00;1053,449565;
2025-12-18 16:00:00;2025-12-18 17:00:00;1039,848699;
2025-12-18 17:00:00;2025-12-18 18:00:00;1133,895846;
2025-12-18 18:00:00;2025-12-18 19:00:00;1270,274903;
2025-12-18 19:00:00;2025-12-18 20:00:00;1286,589612;
2025-12-18 20:00:00;2025-12-18 21:00:00;1295,012616;
2025-12-18 21:00:00;2025-12-18 22:00:00;1318,198824;
2025-12-18 22:00:00;2025-12-18 23:00:00;1313,906719;
2025-12-18 23:00:00;2025-12-19 00:00:00;1340,692347;
2025-12-19 00:00:00;2025-12-19 01:00:00;1258,987052;
2025-12-19 01:00:00;2025-12-19 02:00:00;1275,439459;
2025-12-19 02:00:00;2025-12-19 03:00:00;1239,910874;
2025-12-19 03:00:00;2025-12-19 04:00:00;1320,154976;
2025-12-19 04:00:00;2025-12-19 05:00:00;1348,094423;
2025-12-19 05:00:00;2025-12-19 06:00:00;1337,459574;
2025-12-19 06:00:00;2025-12-19 07:00:00;1331,999192;
2025-12-19 07:00:00;2025-12-19 08:00:00;1270,677293;
2025-12-19 08:00:00;2025-12-19 09:00:00;1169,730612;
2025-12-19 09:00:00;2025-12-19 10:00:00;1067,472609;
2025-12-19 10:00:00;2025-12-19 11:00:00;1158,522373;
2025-12-19 11:00:00;2025-12-19 12:00:00;1283,971838;
2025-12-19 12:00:00;2025-12-19 13:00:00;1293,622306;
2025-12-19 13:00:00;2025-12-19 14:00:00;1280,074480;
2025-12-19 14:00:00;2025-12-19 15:00:00;1355,808147;
2025-12-19 15:00:00;2025-12-19 16:00:00;1361,876504;
2025-12-19 16:00:00;2025-12-19 17:00:00;1292,025826;
2025-12-19 17:00:00;2025-12-19 18:00:00;1303,964837;
2025-12-19 18:00:00;2025-12-19 19:00:00;1333,722484;
2025-12-19 19:00:00;2025-12-19 20:00:00;1289,677631;
2025-12-19 20:00:00;2025-12-19 21:00:00;1237,846099;
2025-12-19 21:00:00;2025-12-19 22:00:00;1340,888903;
2025-12-19 22:00:00;2025-12-19 23:00:00;1352,440391;
2025-12-19 23:00:00;2025-12-20 00:00:00;1379,205838;
2025-12-20 00:00:00;2025-12-20 01:00:00;1366,272940;
2025-12-20 01:00:00;2025-12-20 02:00:00;1384,630903;
2025-12-20 02:00:00;2025-12-20 03:00:00;1362,785742;
2025-12-20 03:00:00;2025-12-20 04:00:00;1241,686222;
2025-12-20 04:00:00;2025-12-20 05:00:00;1157,284317;
2025-12-20 05:00:00;2025-12-20 06:00:00;1034,815189;
2025-12-20 06:00:00;2025-12-20 07:00:00;902,136159;
2025-12-20 07:00:00;2025-12-20 08:00:00;813,183300;
2025-12-20 08:00:00;2025-12-20 09:00:00;690,087883;
2025-12-20 09:00:00;2025-12-20 10:00:00;607,359394;
2025-12-20 10:00:00;2025-12-20 11:00:00;567,749394;
2025-12-20 11:00:00;2025-12-20 12:00:00;535,842168;
2025-12-20 12:00:00;2025-12-20 13:00:00;453,060724;
2025-12-20 13:00:00;2025-12-20 14:00:00;290,069714;
2025-12-20 14:00:00;2025-12-20 15:00:00;227,874297;
2025-12-20 15:00:00;2025-12-20 16:00:00;186,910379;
2025-12-20 16:00:00;2025-12-20 17:00:00;138,798376;
2025-12-20 17:00:00;2025-12-20 18:00:00;124,821835;
2025-12-20 18:00:00;2025-12-20 19:00:00;129,119109;
2025-12-20 19:00:00;2025-12-20 20:00:00;136,701645;
2025-12-20 20:00:00;2025-12-20 21:00:00;174,904300;
2025-12-20 21:00:00;2025-12-20 22:00:00;177,970007;
2025-12-20 22:00:00;2025-12-20 23:00:00;164,332035;
2025-12-20 23:00:00;2025-12-21 00:00:00;143,965736;
2025-12-21 00:00:00;2025-12-21 01:00:00;142,134109;
2025-12-21 01:00:00;2025-12-21 02:00:00;127,363488;
2025-12-21 02:00:00;2025-12-21 03:00:00;157,485023;
2025-12-21 03:00:00;2025-12-21 04:00:00;201,627883;
2025-12-21 04:00:00;2025-12-21 05:00:00;331,571428;
2025-12-21 05:00:00;2025-12-21 06:00:00;496,322707;
2025-12-21 06:00:00;2025-12-21 07:00:00;626,548686;
2025-12-21 07:00:00;2025-12-21 08:00:00;689,815541;
2025-12-21 08:00:00;2025-12-21 09:00:00;644,492179;
2025-12-21 09:00:00;2025-12-21 10:00:00;577,353257;
2025-12-21 10:00:00;2025-12-21 11:00:00;566,070542;
2025-12-21 11:00:00;2025-12-21 12:00:00;601,314015;
2025-12-21 12:00:00;2025-12-21 13:00:00;682,645072;
2025-12-21 13:00:00;2025-12-21 14:00:00;708,806541;
2025-12-21 14:00:00;2025-12-21 15:00:00;788,250114;
2025-12-21 15:00:00;2025-12-21 16:00:00;916,585350;
2025-12-21 16:00:00;2025-12-21 17:00:00;972,175048;
2025-12-21 17:00:00;2025-12-21 18:00:00;958,494495;
2025-12-21 18:00:00;2025-12-21 19:00:00;961,325573;
2025-12-21 19:00:00;2025-12-21 20:00:00;952,848675;
2025-12-21 20:00:00;2025-12-21 21:00:00;988,256140;
2025-12-21 21:00:00;2025-12-21 22:00:00;940,445547;
2025-12-21 22:00:00;2025-12-21 23:00:00;911,728661;
2025-12-21 23:00:00;2025-12-22 00:00:00;883,394310;
2025-12-22 00:00:00;2025-12-22 01:00:00;927,075198;
2025-12-22 01:00:00;2025-12-22 02:00:00;966,516054;
2025-12-22 02:00:00;2025-12-22 03:00:00;1013,695542;
2025-12-22 03:00:00;2025-12-22 04:00:00;1063,970680;
2025-12-22 04:00:00;2025-12-22 05:00:00;1100,945342;
2025-12-22 05:00:00;2025-12-22 06:00:00;1045,996748;
2025-12-22 06:00:00;2025-12-22 07:00:00;982,430725;
2025-12-22 07:00:00;2025-12-22 08:00:00;1081,188944;
2025-12-22 08:00:00;2025-12-22 09:00:00;1072,446477;
2025-12-22 09:00:00;2025-12-22 10:00:00;1025,430202;
2025-12-22 10:00:00;2025-12-22 11:00:00;1033,799087;
2025-12-22 11:00:00;2025-12-22 12:00:00;1032,889131;
2025-12-22 12:00:00;2025-12-22 13:00:00;1098,091413;
2025-12-22 13:00:00;2025-12-22 14:00:00;1116,577198;
2025-12-22 14:00:00;2025-12-22 15:00:00;1166,736034;
2025-12-22 15:00:00;2025-12-22 16:00:00;1215,167574;
2025-12-22 16:00:00;2025-12-22 17:00:00;1239,986308;
2025-12-22 17:00:00;2025-12-22 18:00:00;1303,447126;
2025-12-22 18:00:00;2025-12-22 19:00:00;1286,460106;
2025-12-22 19:00:00;2025-12-22 20:00:00;1279,284243;
2025-12-22 20:00:00;2025-12-22 21:00:00;1278,982585;
2025-12-22 21:00:00;2025-12-22 22:00:00;1337,351235;
2025-12-22 22:00:00;2025-12-22 23:00:00;1390,475475;
2025-12-22 23:00:00;2025-12-23 00:00:00;1365,363019;
2025-12-23 00:00:00;2025-12-23 01:00:00;1384,316890;
2025-12-23 01:00:00;2025-12-23 02:00:00;1458,404867;
2025-12-23 02:00:00;2025-12-23 03:00:00;1448,512669;
2025-12-23 03:00:00;2025-12-23 04:00:00;1381,880108;
2025-12-23 04:00:00;2025-12-23 05:00:00;1365,604205;
2025-12-23 05:00:00;2025-12-23 06:00:00;1352,262482;
2025-12-23 06:00:00;2025-12-23 07:00:00;1389,567542;
2025-12-23 07:00:00;2025-12-23 08:00:00;1327,233582;
2025-12-23 08:00:00;2025-12-23 09:00:00;1351,439550;
2025-12-23 09:00:00;2025-12-23 10:00:00;1286,627946;
2025-12-23 10:00:00;2025-12-23 11:00:00;1181,479103;
2025-12-23 11:00:00;2025-12-23 12:00:00;1050,103722;
2025-12-23 12:00:00;2025-12-23 13:00:00;1022,186906;
2025-12-23 13:00:00;2025-12-23 14:00:00;1132,364301;
2025-12-23 14:00:00;2025-12-23 15:00:00;1124,863936;
2025-12-23 15:00:00;2025-12-23 16:00:00;1176,401237;
2025-12-23 16:00:00;2025-12-23 17:00:00;1116,588061;
2025-12-23 17:00:00;2025-12-23 18:00:00;1096,961320;
2025-12-23 18:00:00;2025-12-23 19:00:00;1089,593300;
2025-12-23 19:00:00;2025-12-23 20:00:00;1043,752618;
2025-12-23 20:00:00;2025-12-23 21:00:00;919,453275;
2025-12-23 21:00:00;2025-12-23 22:00:00;703,576801;
2025-12-23 22:00:00;2025-12-23 23:00:00;551,896007;
2025-12-23 23:00:00;2025-12-24 00:00:00;427,081054;
2025-12-24 00:00:00;2025-12-24 01:00:00;376,507329;
2025-12-24 01:00:00;2025-12-24 02:00:00;498,953640;
2025-12-24 02:00:00;2025-12-24 03:00:00;402,232888;
2025-12-24 03:00:00;2025-12-24 04:00:00;333,445774;
2025-12-24 04:00:00;2025-12-24 05:00:00;383,947413;
2025-12-24 05:00:00;2025-12-24 06:00:00;376,675915;
2025-12-24 06:00:00;2025-12-24 07:00:00;333,679954;
2025-12-24 07:00:00;2025-12-24 08:00:00;377,871127;
2025-12-24 08:00:00;2025-12-24 09:00:00;419,276132;
2025-12-24 09:00:00;2025-12-24 10:00:00;381,039185;
2025-12-24 10:00:00;2025-12-24 11:00:00;348,608928;
2025-12-24 11:00:00;2025-12-24 12:00:00;309,933786;
2025-12-24 12:00:00;2025-12-24 13:00:00;292,860635;
2025-12-24 13:00:00;2025-12-24 14:00:00;319,668881;
2025-12-24 14:00:00;2025-12-24 15:00:00;343,857161;
2025-12-24 15:00:00;2025-12-24 16:00:00;367,767353;
2025-12-24 16:00:00;2025-12-24 17:00:00;349,358010;
2025-12-24 17:00:00;2025-12-24 18:00:00;305,740187;
2025-12-24 18:00:00;2025-12-24 19:00:00;223,953572;
2025-12-24 19:00:00;2025-12-24 20:00:00;153,577066;
2025-12-24 20:00:00;2025-12-24 21:00:00;127,751720;
2025-12-24 21:00:00;2025-12-24 22:00:00;113,583398;
2025-12-24 22:00:00;2025-12-24 23:00:00;94,512202;
2025-12-24 23:00:00;2025-12-25 00:00:00;92,820091;
2025-12-25 00:00:00;2025-12-25 01:00:00;87,040047;
2025-12-25 01:00:00;2025-12-25 02:00:00;62,727547;
2025-12-25 02:00:00;2025-12-25 03:00:00;63,962034;
2025-12-25 03:00:00;2025-12-25 04:00:00;68,111153;
2025-12-25 04:00:00;2025-12-25 05:00:00;81,986131;
2025-12-25 05:00:00;2025-12-25 06:00:00;88,914036;
2025-12-25 06:00:00;2025-12-25 07:00:00;70,815529;
2025-12-25 07:00:00;2025-12-25 08:00:00;63,406231;
2025-12-25 08:00:00;2025-12-25 09:00:00;71,165683;
2025-12-25 09:00:00;2025-12-25 10:00:00;58,517287;
2025-12-25 10:00:00;2025-12-25 11:00:00;87,143426;
2025-12-25 11:00:00;2025-12-25 12:00:00;90,405382;
2025-12-25 12:00:00;2025-12-25 13:00:00;108,337907;
2025-12-25 13:00:00;2025-12-25 14:00:00;78,861272;
2025-12-25 14:00:00;2025-12-25 15:00:00;60,088310;
2025-12-25 15:00:00;2025-12-25 16:00:00;76,470147;
2025-12-25 16:00:00;2025-12-25 17:00:00;101,918755;
2025-12-25 17:00:00;2025-12-25 18:00:00;110,958229;
2025-12-25 18:00:00;2025-12-25 19:00:00;116,862960;
2025-12-25 19:00:00;2025-12-25 20:00:00;125,680734;
2025-12-25 20:00:00;2025-12-25 21:00:00;144,029419;
2025-12-25 21:00:00;2025-12-25 22:00:00;131,354867;
2025-12-25 22:00:00;2025-12-25 23:00:00;137,596335;
2025-12-25 23:00:00;2025-12-26 00:00:00;142,146836;
2025-12-26 00:00:00;2025-12-26 01:00:00;172,843996;
2025-12-26 01:00:00;2025-12-26 02:00:00;145,830297;
2025-12-26 02:00:00;2025-12-26 03:00:00;140,350209;
2025-12-26 03:00:00;2025-12-26 04:00:00;155,191559;
2025-12-26 04:00:00;2025-12-26 05:00:00;136,870063;
2025-12-26 05:00:00;2025-12-26 06:00:00;168,203976;
2025-12-26 06:00:00;2025-12-26 07:00:00;134,278665;
2025-12-26 07:00:00;2025-12-26 08:00:00;94,350688;
2025-12-26 08:00:00;2025-12-26 09:00:00;52,477028;
2025-12-26 09:00:00;2025-12-26 10:00:00;62,643731;
2025-12-26 10:00:00;2025-12-26 11:00:00;70,889781;
2025-12-26 11:00:00;2025-12-26 12:00:00;73,454808;
2025-12-26 12:00:00;2025-12-26 13:00:00;50,511114;
2025-12-26 13:00:00;2025-12-26 14:00:00;51,774504;
2025-12-26 14:00:00;2025-12-26 15:00:00;57,169011;
2025-12-26 15:00:00;2025-12-26 16:00:00;92,753658;
2025-12-26 16:00:00;2025-12-26 17:00:00;140,751954;
2025-12-26 17:00:00;2025-12-26 18:00:00;203,407887;
2025-12-26 18:00:00;2025-12-26 19:00:00;217,819216;
2025-12-26 19:00:00;2025-12-26 20:00:00;235,821542;
2025-12-26 20:00:00;2025-12-26 21:00:00;298,119124;
2025-12-26 21:00:00;2025-12-26 22:00:00;425,704283;
2025-12-26 22:00:00;2025-12-26 23:00:00;511,965581;
2025-12-26 23:00:00;2025-12-27 00:00:00;672,370960;
2025-12-27 00:00:00;2025-12-27 01:00:00;990,336263;
2025-12-27 01:00:00;2025-12-27 02:00:00;1144,587452;
2025-12-27 02:00:00;2025-12-27 03:00:00;1294,468616;
2025-12-27 03:00:00;2025-12-27 04:00:00;1308,263049;
2025-12-27 04:00:00;2025-12-27 05:00:00;1467,940017;
2025-12-27 05:00:00;2025-12-27 06:00:00;1488,900936;
2025-12-27 06:00:00;2025-12-27 07:00:00;1484,034097;
2025-12-27 07:00:00;2025-12-27 08:00:00;1517,229051;
2025-12-27 08:00:00;2025-12-27 09:00:00;1551,880156;
2025-12-27 09:00:00;2025-12-27 10:00:00;1540,375742;
2025-12-27 10:00:00;2025-12-27 11:00:00;1546,060419;
2025-12-27 11:00:00;2025-12-27 12:00:00;1507,593286;
2025-12-27 12:00:00;2025-12-27 13:00:00;1376,992950;
2025-12-27 13:00:00;2025-12-27 14:00:00;1227,827879;
2025-12-27 14:00:00;2025-12-27 15:00:00;1187,105690;
2025-12-27 15:00:00;2025-12-27 16:00:00;1112,292366;
2025-12-27 16:00:00;2025-12-27 17:00:00;964,212752;
2025-12-27 17:00:00;2025-12-27 18:00:00;761,582337;
2025-12-27 18:00:00;2025-12-27 19:00:00;611,921389;
2025-12-27 19:00:00;2025-12-27 20:00:00;518,443225;
2025-12-27 20:00:00;2025-12-27 21:00:00;440,611160;
2025-12-27 21:00:00;2025-12-27 22:00:00;580,281951;
2025-12-27 22:00:00;2025-12-27 23:00:00;635,634854;
2025-12-27 23:00:00;2025-12-28 00:00:00;557,578041;
2025-12-28 00:00:00;2025-12-28 01:00:00;476,662968;
2025-12-28 01:00:00;2025-12-28 02:00:00;377,883193;
2025-12-28 02:00:00;2025-12-28 03:00:00;173,637072;
2025-12-28 03:00:00;2025-12-28 04:00:00;98,701436;
2025-12-28 04:00:00;2025-12-28 05:00:00;99,189681;
2025-12-28 05:00:00;2025-12-28 06:00:00;46,025444;
2025-12-28 06:00:00;2025-12-28 07:00:00;90,339720;
2025-12-28 07:00:00;2025-12-28 08:00:00;140,717238;
2025-12-28 08:00:00;2025-12-28 09:00:00;280,990441;
2025-12-28 09:00:00;2025-12-28 10:00:00;414,428328;
2025-12-28 10:00:00;2025-12-28 11:00:00;549,579394;
2025-12-28 11:00:00;2025-12-28 12:00:00;927,683886;
2025-12-28 12:00:00;2025-12-28 13:00:00;1235,509779;
2025-12-28 13:00:00;2025-12-28 14:00:00;1249,636368;
2025-12-28 14:00:00;2025-12-28 15:00:00;1319,450131;
2025-12-28 15:00:00;2025-12-28 16:00:00;1484,622406;
2025-12-28 16:00:00;2025-12-28 17:00:00;1526,803591;
2025-12-28 17:00:00;2025-12-28 18:00:00;1534,861176;
2025-12-28 18:00:00;2025-12-28 19:00:00;1532,347313;
2025-12-28 19:00:00;2025-12-28 20:00:00;1537,211869;
2025-12-28 20:00:00;2025-12-28 21:00:00;1447,692435;
2025-12-28 21:00:00;2025-12-28 22:00:00;1322,298077;
2025-12-28 22:00:00;2025-12-28 23:00:00;1263,251577;
2025-12-28 23:00:00;2025-12-29 00:00:00;1311,741928;
2025-12-29 00:00:00;2025-12-29 01:00:00;1349,034084;
2025-12-29 01:00:00;2025-12-29 02:00:00;1361,364286;
2025-12-29 02:00:00;2025-12-29 03:00:00;1378,340692;
2025-12-29 03:00:00;2025-12-29 04:00:00;1392,900806;
2025-12-29 04:00:00;2025-12-29 05:00:00;1349,245389;
2025-12-29 05:00:00;2025-12-29 06:00:00;1380,664533;
2025-12-29 06:00:00;2025-12-29 07:00:00;1339,191583;
2025-12-29 07:00:00;2025-12-29 08:00:00;1318,116708;
2025-12-29 08:00:00;2025-12-29 09:00:00;1352,160439;
2025-12-29 09:00:00;2025-12-29 10:00:00;1357,055063;
2025-12-29 10:00:00;2025-12-29 11:00:00;1405,178933;
2025-12-29 11:00:00;2025-12-29 12:00:00;1366,569479;
2025-12-29 12:00:00;2025-12-29 13:00:00;1284,097982;
2025-12-29 13:00:00;2025-12-29 14:00:00;1194,125916;
2025-12-29 14:00:00;2025-12-29 15:00:00;1278,641530;
2025-12-29 15:00:00;2025-12-29 16:00:00;1265,635742;
2025-12-29 16:00:00;2025-12-29 17:00:00;1243,395813;
2025-12-29 17:00:00;2025-12-29 18:00:00;1203,475570;
2025-12-29 18:00:00;2025-12-29 19:00:00;1195,214436;
2025-12-29 19:00:00;2025-12-29 20:00:00;1218,156045;
2025-12-29 20:00:00;2025-12-29 21:00:00;1335,102302;
2025-12-29 21:00:00;2025-12-29 22:00:00;1307,627316;
2025-12-29 22:00:00;2025-12-29 23:00:00;1194,058229;
2025-12-29 23:00:00;2025-12-30 00:00:00;1042,375690;
2025-12-30 00:00:00;2025-12-30 01:00:00;1031,996724;
2025-12-30 01:00:00;2025-12-30 02:00:00;1015,397291;
2025-12-30 02:00:00;2025-12-30 03:00:00;1028,126495;
2025-12-30 03:00:00;2025-12-30 04:00:00;947,091513;
2025-12-30 04:00:00;2025-12-30 05:00:00;871,672887;
2025-12-30 05:00:00;2025-12-30 06:00:00;820,447695;
2025-12-30 06:00:00;2025-12-30 07:00:00;825,845187;
2025-12-30 07:00:00;2025-12-30 08:00:00;804,195932;
2025-12-30 08:00:00;2025-12-30 09:00:00;752,135966;
2025-12-30 09:00:00;2025-12-30 10:00:00;665,281704;
2025-12-30 10:00:00;2025-12-30 11:00:00;609,505913;
2025-12-30 11:00:00;2025-12-30 12:00:00;580,594675;
2025-12-30 12:00:00;2025-12-30 13:00:00;615,110565;
2025-12-30 13:00:00;2025-12-30 14:00:00;657,774392;
2025-12-30 14:00:00;2025-12-30 15:00:00;714,527598;
2025-12-30 15:00:00;2025-12-30 16:00:00;803,981150;
2025-12-30 16:00:00;2025-12-30 17:00:00;967,128099;
2025-12-30 17:00:00;2025-12-30 18:00:00;1147,471038;
2025-12-30 18:00:00;2025-12-30 19:00:00;1162,326055;
2025-12-30 19:00:00;2025-12-30 20:00:00;1143,657612;
2025-12-30 20:00:00;2025-12-30 21:00:00;1111,928927;
2025-12-30 21:00:00;2025-12-30 22:00:00;1298,703906;
2025-12-30 22:00:00;2025-12-30 23:00:00;1191,128862;
2025-12-30 23:00:00;2025-12-31 00:00:00;1169,097207;
2025-12-31 00:00:00;2025-12-31 01:00:00;1362,070133;
2025-12-31 01:00:00;2025-12-31 02:00:00;1411,825887;
2025-12-31 02:00:00;2025-12-31 03:00:00;1299,732535;
2025-12-31 03:00:00;2025-12-31 04:00:00;1260,761766;
2025-12-31 04:00:00;2025-12-31 05:00:00;1244,880878;
2025-12-31 05:00:00;2025-12-31 06:00:00;1241,749332;
2025-12-31 06:00:00;2025-12-31 07:00:00;1236,223537;
2025-12-31 07:00:00;2025-12-31 08:00:00;1204,413592;
2025-12-31 08:00:00;2025-12-31 09:00:00;1186,079934;
2025-12-31 09:00:00;2025-12-31 10:00:00;1184,122492;
2025-12-31 10:00:00;2025-12-31 11:00:00;1183,267840;
2025-12-31 11:00:00;2025-12-31 12:00:00;1141,731350;
2025-12-31 12:00:00;2025-12-31 13:00:00;1100,665720;
2025-12-31 13:00:00;2025-12-31 14:00:00;976,113788;
2025-12-31 14:00:00;2025-12-31 15:00:00;900,054415;
2025-12-31 15:00:00;2025-12-31 16:00:00;698,038353;
2025-12-31 16:00:00;2025-12-31 17:00:00;617,822339;
2025-12-31 17:00:00;2025-12-31 18:00:00;720,368715;
2025-12-31 18:00:00;2025-12-31 19:00:00;1088,828321;
2025-12-31 19:00:00;2025-12-31 20:00:00;1255,361742;
2025-12-31 20:00:00;2025-12-31 21:00:00;1300,711627;
2025-12-31 21:00:00;2025-12-31 22:00:00;1351,586014;
2025-12-31 22:00:00;2025-12-31 23:00:00;1492,637014;
