t_s,price_eur_per_kWh
0.0,0.00216
3600.0,0.0016
7200.0,0.00163
10800.0,0.00109
14400.0,0.00047
18000.0,0.0
21600.0,0.00076
25200.0,0.00079
28800.0,0.00189
32400.0,0.00212
36000.0,0.00354
39600.0,0.0037
43200.0,0.00375
46800.0,0.00381
50400.0,0.00537
54000.0,0.01228
57600.0,0.019719999000000002
61200.0,0.02218
64800.0,0.017440001
68400.0,0.010199999999999999
72000.0,0.008
75600.0,0.006730000000000001
79200.0,0.01005
82800.0,0.00701
86400.0,0.00283
90000.0,0.0027
93600.0,0.00357
97200.0,0.007019999999999999
100800.0,0.01275
104400.0,0.03007
108000.0,0.067129997
111600.0,0.098830002
115200.0,0.121529999
118800.0,0.127230003
122400.0,0.124529999
126000.0,0.111580002
129600.0,0.100400002
133200.0,0.105099998
136800.0,0.11120999899999999
140400.0,0.12618000000000001
144000.0,0.135259995
147600.0,0.149729996
151200.0,0.145270004
154800.0,0.10737000299999999
158400.0,0.102599998
162000.0,0.07794000200000001
165600.0,0.065660004
169200.0,0.04977
172800.0,0.042689999
176400.0,0.038130001
180000.0,0.035209999000000006
183600.0,0.03343
187200.0,0.028730000000000002
190800.0,0.031280001
194400.0,0.038439999
198000.0,0.052119999
201600.0,0.080279999
205200.0,0.075010002
208800.0,0.07543000000000001
212400.0,0.062360001
216000.0,0.053889999
219600.0,0.05238999900000001
223200.0,0.053650002
226800.0,0.072379997
230400.0,0.100309998
234000.0,0.10543000000000001
237600.0,0.108089996
241200.0,0.10036000099999999
244800.0,0.081779999
248400.0,0.080489998
252000.0,0.067120003
255600.0,0.07494999699999999
259200.0,0.09043000000000001
262800.0,0.09029000100000001
266400.0,0.09019999699999999
270000.0,0.091519997
273600.0,0.095949997
277200.0,0.10211000099999999
280800.0,0.110660004
284400.0,0.119959999
288000.0,0.12838999899999998
291600.0,0.13075
295200.0,0.130339996
298800.0,0.12828999300000002
302400.0,0.130029999
306000.0,0.12985000600000002
309600.0,0.136399994
313200.0,0.138720001
316800.0,0.142
320400.0,0.15124000499999998
324000.0,0.143850006
327600.0,0.137960007
331200.0,0.129490005
334800.0,0.122830002
338400.0,0.118290001
342000.0,0.109489998
345600.0,0.113839996
349200.0,0.10033000199999999
352800.0,0.093610001
356400.0,0.093870003
360000.0,0.089379997
363600.0,0.083550003
367200.0,0.08391999800000001
370800.0,0.082529999
374400.0,0.084050003
378000.0,0.088099998
381600.0,0.082949997
385200.0,0.08882
388800.0,0.081660004
392400.0,0.077529999
396000.0,0.068
399600.0,0.050639999000000005
403200.0,0.049909999999999996
406800.0,0.063389999
410400.0,0.061830002
414000.0,0.050650002
417600.0,0.036849998
421200.0,0.036720001
424800.0,0.03468
428400.0,0.028139999
432000.0,0.02752
435600.0,0.019260000000000003
439200.0,0.011349999999999999
442800.0,0.0092
446400.0,0.01
450000.0,0.01481
453600.0,0.02382
457200.0,0.031719999
460800.0,0.039580002
464400.0,0.036080002
468000.0,0.034689999
471600.0,0.032830002
475200.0,0.031280001
478800.0,0.0286
482400.0,0.025610001
486000.0,0.02632
489600.0,0.026870000999999998
493200.0,0.03166
496800.0,0.03158
500400.0,0.02801
504000.0,0.024860001
507600.0,0.01382
511200.0,0.02042
514800.0,0.01011
518400.0,0.0136
522000.0,0.00871
525600.0,0.0089
529200.0,0.00501
532800.0,0.00513
536400.0,0.0058
540000.0,0.044810001
543600.0,0.038029998999999995
547200.0,0.037200001
550800.0,0.035009998
554400.0,0.03427
558000.0,0.034650002
561600.0,0.033330002
565200.0,0.03327
568800.0,0.033279999
572400.0,0.03325
576000.0,0.035049999
579600.0,0.038450001
583200.0,0.035009998
586800.0,0.03318
590400.0,0.025200001
594000.0,0.02002
597600.0,0.022600000000000002
601200.0,0.03718
604800.0,0.0205
608400.0,0.02334
612000.0,0.02393
615600.0,0.02307
619200.0,0.026379999
622800.0,0.028459999
626400.0,0.030989999999999997
630000.0,0.0465
633600.0,0.05898
637200.0,0.067110001
640800.0,0.071349998
644400.0,0.07405999799999999
648000.0,0.072660004
651600.0,0.07798000299999999
655200.0,0.085
658800.0,0.105400002
662400.0,0.125519997
666000.0,0.152779999
669600.0,0.149229996
673200.0,0.145259995
676800.0,0.118300003
680400.0,0.10068
684000.0,0.091910004
687600.0,0.091410004
691200.0,0.101440002
694800.0,0.1
698400.0,0.098769997
702000.0,0.095220001
705600.0,0.098279999
709200.0,0.102650002
712800.0,0.13353999300000002
716400.0,0.14880000300000001
720000.0,0.16488000500000002
723600.0,0.156149994
727200.0,0.147639999
730800.0,0.140210007
734400.0,0.128179993
738000.0,0.121150002
741600.0,0.12394999699999999
745200.0,0.127860001
748800.0,0.127360001
752400.0,0.13216999799999998
756000.0,0.136080002
759600.0,0.129440002
763200.0,0.119230003
766800.0,0.104989998
770400.0,0.101099998
774000.0,0.088190002
777600.0,0.084790001
781200.0,0.080230003
784800.0,0.071290001
788400.0,0.069050003
792000.0,0.06988999900000001
795600.0,0.083900002
799200.0,0.099089996
802800.0,0.123919998
806400.0,0.139470001
810000.0,0.136919998
813600.0,0.12357
817200.0,0.113589996
820800.0,0.10743000000000001
824400.0,0.105010002
828000.0,0.110010002
831600.0,0.128690002
835200.0,0.134869995
838800.0,0.14255999800000002
842400.0,0.144119995
846000.0,0.141050003
849600.0,0.128809998
853200.0,0.109699997
856800.0,0.11633000199999999
860400.0,0.10987999700000001
864000.0,0.099309998
867600.0,0.10163999900000001
871200.0,0.094419998
874800.0,0.08944999699999999
878400.0,0.076260002
882000.0,0.067099998
885600.0,0.077139999
889200.0,0.09468
892800.0,0.107650002
896400.0,0.10313999900000001
900000.0,0.101129997
903600.0,0.09105999799999999
907200.0,0.09105999799999999
910800.0,0.091029999
914400.0,0.089300003
918000.0,0.102559998
921600.0,0.112120003
925200.0,0.119800003
928800.0,0.12233999599999999
932400.0,0.114849998
936000.0,0.108099998
939600.0,0.104800003
943200.0,0.10307
946800.0,0.105690002
950400.0,0.08358000199999999
954000.0,0.083790001
957600.0,0.08675
961200.0,0.084199997
964800.0,0.085
968400.0,0.08375
972000.0,0.085900002
975600.0,0.10175
979200.0,0.11466999800000001
982800.0,0.12007
986400.0,0.117769997
990000.0,0.105610001
993600.0,0.102989998
997200.0,0.099610001
1000800.0,0.104739998
1004400.0,0.118699997
1008000.0,0.13291999799999998
1011600.0,0.141
1015200.0,0.14666000399999998
1018800.0,0.14366000399999998
1022400.0,0.134860001
1026000.0,0.127489998
1029600.0,0.12119999699999999
1033200.0,0.114900002
1036800.0,0.112389999
1040400.0,0.10507
1044000.0,0.104459999
1047600.0,0.100370003
1051200.0,0.090510002
1054800.0,0.05966
1058400.0,0.08513999900000001
1062000.0,0.122
1065600.0,0.152850006
1069200.0,0.115150002
1072800.0,0.092010002
1076400.0,0.06744000200000001
1080000.0,0.057189999
1083600.0,0.056220001000000006
1087200.0,0.06257
1090800.0,0.056709999000000004
1094400.0,0.064669998
1098000.0,0.067099998
1101600.0,0.050150002
1105200.0,0.040389999
1108800.0,0.024719999000000003
1112400.0,0.022879999
1116000.0,0.02109
1119600.0,0.01777
1123200.0,0.03691
1126800.0,0.04
1130400.0,0.041599998
1134000.0,0.04225
1137600.0,0.040220001000000005
1141200.0,0.046209999
1144800.0,0.050400002
1148400.0,0.060290000999999996
1152000.0,0.068510002
1155600.0,0.06302
1159200.0,0.055110001
1162800.0,0.056130001
1166400.0,0.048229999999999995
1170000.0,0.052189999
1173600.0,0.060400002
1177200.0,0.056990002
1180800.0,0.069459999
1184400.0,0.073889999
1188000.0,0.06986000099999999
1191600.0,0.062029998999999995
1195200.0,0.058939999
1198800.0,0.059419998
1202400.0,0.05884
1206000.0,0.068839996
1209600.0,0.062029998999999995
1213200.0,0.063299999
1216800.0,0.064830002
1220400.0,0.077540001
1224000.0,0.105349998
1227600.0,0.11491999800000001
1231200.0,0.133490005
1234800.0,0.19178999300000002
1238400.0,0.30723998999999996
1242000.0,0.315019989
1245600.0,0.311029999
1249200.0,0.30479998799999997
1252800.0,0.311019989
1256400.0,0.309339996
1260000.0,0.285829987
1263600.0,0.262480011
1267200.0,0.260470001
1270800.0,0.29525
1274400.0,0.270019989
1278000.0,0.22325
1281600.0,0.171240005
1285200.0,0.129300003
1288800.0,0.133490005
1292400.0,0.088550003
1296000.0,0.12481999999999999
1299600.0,0.110779999
1303200.0,0.09606999999999999
1306800.0,0.058610000999999995
1310400.0,0.05825
1314000.0,0.067099998
1317600.0,0.102660004
1321200.0,0.125790001
1324800.0,0.150100006
1328400.0,0.141919998
1332000.0,0.119
1335600.0,0.074010002
1339200.0,0.070540001
1342800.0,0.067970001
1346400.0,0.07047000099999999
1350000.0,0.086849998
1353600.0,0.135080002
1357200.0,0.161
1360800.0,0.159529999
1364400.0,0.088519997
1368000.0,0.076589996
1371600.0,0.069550003
1375200.0,0.068849998
1378800.0,0.063490002
1382400.0,0.05559
1386000.0,0.057740002
1389600.0,0.060490001999999994
1393200.0,0.060470001
1396800.0,0.06405999799999999
1400400.0,0.069940002
1404000.0,0.094870003
1407600.0,0.108519997
1411200.0,0.10594999699999999
1414800.0,0.09659999799999999
1418400.0,0.077669998
1422000.0,0.06943
1425600.0,0.06481999999999999
1429200.0,0.063759998
1432800.0,0.067790001
1436400.0,0.074519997
1440000.0,0.092010002
1443600.0,0.1675
1447200.0,0.174990005
1450800.0,0.167710007
1454400.0,0.146449997
1458000.0,0.136869995
1461600.0,0.11916999800000001
1465200.0,0.103480003
1468800.0,0.124949997
1472400.0,0.121050003
1476000.0,0.120980003
1479600.0,0.118849998
1483200.0,0.116300003
1486800.0,0.119769997
1490400.0,0.119519997
1494000.0,0.105089996
1497600.0,0.13858999600000002
1501200.0,0.144100006
1504800.0,0.131210007
1508400.0,0.12155999799999999
1512000.0,0.118870003
1515600.0,0.115010002
1519200.0,0.11932
1522800.0,0.133320007
1526400.0,0.14971000699999998
1530000.0,0.16458999600000002
1533600.0,0.167570007
1537200.0,0.167850006
1540800.0,0.15611999499999998
1544400.0,0.143419998
1548000.0,0.136399994
1551600.0,0.129360001
1555200.0,0.129729996
1558800.0,0.12419999699999999
1562400.0,0.123050003
1566000.0,0.121239998
1569600.0,0.12018000000000001
1573200.0,0.12
1576800.0,0.12157
1580400.0,0.123330002
1584000.0,0.123599998
1587600.0,0.125160004
1591200.0,0.125190002
1594800.0,0.12155999799999999
1598400.0,0.11225
1602000.0,0.107510002
1605600.0,0.116809998
1609200.0,0.126290001
1612800.0,0.140149994
1616400.0,0.149669998
1620000.0,0.15903999300000002
1623600.0,0.156600006
1627200.0,0.149059998
1630800.0,0.139259995
1634400.0,0.130990005
1638000.0,0.122940002
1641600.0,0.122269997
1645200.0,0.119440002
1648800.0,0.116559998
1652400.0,0.114410004
1656000.0,0.115449997
1659600.0,0.12754000100000001
1663200.0,0.161710007
1666800.0,0.27648001099999997
1670400.0,0.43198999
1674000.0,0.291700012
1677600.0,0.236289993
1681200.0,0.187479996
1684800.0,0.176
1688400.0,0.171389999
1692000.0,0.192729996
1695600.0,0.277170013
1699200.0,0.402119995
1702800.0,0.583400024
1706400.0,0.47327999899999995
1710000.0,0.29557000699999997
1713600.0,0.22
1717200.0,0.17
1720800.0,0.152509995
1724400.0,0.137979996
1728000.0,0.127519997
1731600.0,0.12165000200000001
1735200.0,0.11666999800000001
1738800.0,0.113860001
1742400.0,0.111489998
1746000.0,0.106599998
1749600.0,0.106970001
1753200.0,0.165350006
1756800.0,0.2095
1760400.0,0.21033000200000002
1764000.0,0.198050003
1767600.0,0.1615
1771200.0,0.147440002
1774800.0,0.142830002
1778400.0,0.15005000300000002
1782000.0,0.173429993
1785600.0,0.202389999
1789200.0,0.282519989
1792800.0,0.24396000699999998
1796400.0,0.199940002
1800000.0,0.17483999600000003
1803600.0,0.155190002
1807200.0,0.138600006
1810800.0,0.109699997
1814400.0,0.106889999
1818000.0,0.10152999900000001
1821600.0,0.105019997
1825200.0,0.103860001
1828800.0,0.09375
1832400.0,0.10744999699999999
1836000.0,0.129029999
1839600.0,0.195470001
1843200.0,0.238600006
1846800.0,0.19941000399999997
1850400.0,0.179059998
1854000.0,0.17294000199999998
1857600.0,0.165
1861200.0,0.17
1864800.0,0.179919998
1868400.0,0.19566999799999998
1872000.0,0.199039993
1875600.0,0.208990005
1879200.0,0.18042999299999998
1882800.0,0.167080002
1886400.0,0.134490005
1890000.0,0.127779999
1893600.0,0.128089996
1897200.0,0.11312999700000001
1900800.0,0.11280000300000001
1904400.0,0.108879997
1908000.0,0.10558000199999999
1911600.0,0.100010002
1915200.0,0.097589996
1918800.0,0.100010002
1922400.0,0.106410004
1926000.0,0.136600006
1929600.0,0.159029999
1933200.0,0.155419998
1936800.0,0.130940002
1940400.0,0.116099998
1944000.0,0.09475
1947600.0,0.08345999899999999
1951200.0,0.072349998
1954800.0,0.067599998
1958400.0,0.08369000200000001
1962000.0,0.091190002
1965600.0,0.085089996
1969200.0,0.077879997
1972800.0,0.065169998
1976400.0,0.057419998
1980000.0,0.055950001
1983600.0,0.044560001
1987200.0,0.037279998999999994
1990800.0,0.04
1994400.0,0.041540001
1998000.0,0.037740001999999995
2001600.0,0.036110000999999996
2005200.0,0.036880001
2008800.0,0.040709999000000004
2012400.0,0.07027999900000001
2016000.0,0.080059998
2019600.0,0.05952999899999999
2023200.0,0.047060001
2026800.0,0.041830002
2030400.0,0.037150002
2034000.0,0.025120001
2037600.0,0.02318
2041200.0,0.023389998999999998
2044800.0,0.02
2048400.0,0.0269
2052000.0,0.02866
2055600.0,0.020620001
2059200.0,0.0211
2062800.0,0.02
2066400.0,0.013099999999999999
2070000.0,0.010119999999999999
2073600.0,0.01692
2077200.0,0.021219999
2080800.0,0.019889999
2084400.0,0.027260000000000003
2088000.0,0.02459
2091600.0,0.021209999
2095200.0,0.029799999
2098800.0,0.047139999
2102400.0,0.059900002
2106000.0,0.066639999
2109600.0,0.079169998
2113200.0,0.072269997
2116800.0,0.08181999999999999
2120400.0,0.081980003
2124000.0,0.085089996
2127600.0,0.103540001
2131200.0,0.124110001
2134800.0,0.138600006
2138400.0,0.147100006
2142000.0,0.144350006
2145600.0,0.13075
2149200.0,0.12675
2152800.0,0.1245
2156400.0,0.114989998
2160000.0,0.126209999
2163600.0,0.115790001
2167200.0,0.11130000300000001
2170800.0,0.106849998
2174400.0,0.10543000000000001
2178000.0,0.103059998
2181600.0,0.09943
2185200.0,0.10582
2188800.0,0.108360001
2192400.0,0.118510002
2196000.0,0.105510002
2199600.0,0.10257
2203200.0,0.096730003
2206800.0,0.090019997
2210400.0,0.092519997
2214000.0,0.11162999700000001
2217600.0,0.125919998
2221200.0,0.132770004
2224800.0,0.109650002
2228400.0,0.082510002
2232000.0,0.069510002
2235600.0,0.059340000000000004
2239200.0,0.043279999
2242800.0,0.023889999
2246400.0,0.039119999
2250000.0,0.035259998
2253600.0,0.026379999
2257200.0,0.014070000000000001
2260800.0,0.0101
2264400.0,0.02152
2268000.0,0.033400002
2271600.0,0.051349998
2275200.0,0.060490001999999994
2278800.0,0.038560000999999997
2282400.0,0.040759998000000006
2286000.0,0.036939999
2289600.0,0.034189999
2293200.0,0.035919998
2296800.0,0.039970001000000005
2300400.0,0.047169998
2304000.0,0.05
2307600.0,0.054060000999999996
2311200.0,0.054310001
2314800.0,0.050310001
2318400.0,0.045279998999999994
2322000.0,0.040459999
2325600.0,0.038529998999999995
2329200.0,0.037630001
2332800.0,0.038889999
2336400.0,0.038029998999999995
2340000.0,0.035700001
2343600.0,0.038049999
2347200.0,0.040860001
2350800.0,0.042619999
2354400.0,0.057450001
2358000.0,0.10587000299999999
2361600.0,0.11886000099999999
2365200.0,0.115
2368800.0,0.112870003
2372400.0,0.108830002
2376000.0,0.10708999599999999
2379600.0,0.108989998
2383200.0,0.11270999899999999
2386800.0,0.125169998
2390400.0,0.130279999
2394000.0,0.13972000099999998
2397600.0,0.1205
2401200.0,0.110139999
2404800.0,0.085400002
2408400.0,0.072089996
2412000.0,0.062020000000000006
2415600.0,0.05084
2419200.0,0.08772000099999999
2422800.0,0.083389999
2426400.0,0.078160004
2430000.0,0.075639999
2433600.0,0.07580999799999999
2437200.0,0.080470001
2440800.0,0.092860001
2444400.0,0.141419998
2448000.0,0.142539993
2451600.0,0.13044999699999998
2455200.0,0.105050003
2458800.0,0.08925
2462400.0,0.085
2466000.0,0.08552999900000001
2469600.0,0.08766999800000001
2473200.0,0.10275
2476800.0,0.132300003
2480400.0,0.149570007
2484000.0,0.150089996
2487600.0,0.13863999899999999
2491200.0,0.109160004
2494800.0,0.10291999800000001
2498400.0,0.107110001
2502000.0,0.09933000199999999
2505600.0,0.085150002
2509200.0,0.083889999
2512800.0,0.08
2516400.0,0.076190002
2520000.0,0.07632
2523600.0,0.09451999700000001
2527200.0,0.112510002
2530800.0,0.130089996
2534400.0,0.143919998
2538000.0,0.138270004
2541600.0,0.125010002
2545200.0,0.107389999
2548800.0,0.107690002
2552400.0,0.10956999999999999
2556000.0,0.123389999
2559600.0,0.140740005
2563200.0,0.146029999
2566800.0,0.172860001
2570400.0,0.166460007
2574000.0,0.152089996
2577600.0,0.140710007
2581200.0,0.12607
2584800.0,0.119230003
2588400.0,0.109849998
2592000.0,0.107879997
2595600.0,0.09494000200000001
2599200.0,0.094900002
2602800.0,0.093699997
2606400.0,0.08143
2610000.0,0.074379997
2613600.0,0.104019997
2617200.0,0.153979996
2620800.0,0.16369999699999999
2624400.0,0.154820007
2628000.0,0.13010000600000002
2631600.0,0.126199997
2635200.0,0.12005999799999999
2638800.0,0.121190002
2642400.0,0.119760002
2646000.0,0.14986999499999998
2649600.0,0.168259995
2653200.0,0.185259995
2656800.0,0.184479996
2660400.0,0.178990005
2664000.0,0.162660004
2667600.0,0.152699997
2671200.0,0.144309998
2674800.0,0.131410004
2678400.0,0.136929993
2682000.0,0.128910004
2685600.0,0.124239998
2689200.0,0.119120003
2692800.0,0.110459999
2696400.0,0.099410004
2700000.0,0.116400002
2703600.0,0.125459999
2707200.0,0.14764999399999998
2710800.0,0.14244000199999998
2714400.0,0.128399994
2718000.0,0.12008000199999999
2721600.0,0.110290001
2725200.0,0.103400002
2728800.0,0.113699997
2732400.0,0.12810000600000002
2736000.0,0.15211000100000002
2739600.0,0.166350006
2743200.0,0.167509995
2746800.0,0.162979996
2750400.0,0.155949997
2754000.0,0.145240005
2757600.0,0.141729996
2761200.0,0.131740005
2764800.0,0.133259995
2768400.0,0.126910004
2772000.0,0.122989998
2775600.0,0.120660004
2779200.0,0.12233999599999999
2782800.0,0.123410004
2786400.0,0.128089996
2790000.0,0.135899994
2793600.0,0.137300003
2797200.0,0.137699997
2800800.0,0.13003999300000002
2804400.0,0.129330002
2808000.0,0.122239998
2811600.0,0.11187999700000001
2815200.0,0.11641999800000001
2818800.0,0.127970001
2822400.0,0.15121000699999998
2826000.0,0.164029999
2829600.0,0.172490005
2833200.0,0.173949997
2836800.0,0.165059998
2840400.0,0.145929993
2844000.0,0.123150002
2847600.0,0.12169999699999999
2851200.0,0.125300003
2854800.0,0.126629997
2858400.0,0.124720001
2862000.0,0.12004000100000001
2865600.0,0.110910004
2869200.0,0.116900002
2872800.0,0.159179993
2876400.0,0.207880005
2880000.0,0.243229996
2883600.0,0.178039993
2887200.0,0.149949997
2890800.0,0.126050003
2894400.0,0.117269997
2898000.0,0.115290001
2901600.0,0.12418000000000001
2905200.0,0.144740005
2908800.0,0.170710007
2912400.0,0.216
2916000.0,0.200729996
2919600.0,0.200789993
2923200.0,0.167149994
2926800.0,0.143580002
2930400.0,0.122160004
2934000.0,0.093510002
2937600.0,0.11866999800000001
2941200.0,0.12057
2944800.0,0.11030999799999999
2948400.0,0.0975
2952000.0,0.07769000200000001
2955600.0,0.080529999
2959200.0,0.106580002
2962800.0,0.155199997
2966400.0,0.197320007
2970000.0,0.150600006
2973600.0,0.134720001
2977200.0,0.11291999800000001
2980800.0,0.097339996
2984400.0,0.086059998
2988000.0,0.07826999700000001
2991600.0,0.080760002
2995200.0,0.095410004
2998800.0,0.099910004
3002400.0,0.098970001
3006000.0,0.08607
3009600.0,0.07548000299999999
3013200.0,0.06793
3016800.0,0.06505000300000001
3020400.0,0.052790000999999996
3024000.0,0.059459999000000006
3027600.0,0.058419998
3031200.0,0.058779999
3034800.0,0.058490002
3038400.0,0.061540001
3042000.0,0.07593000000000001
3045600.0,0.087059998
3049200.0,0.098769997
3052800.0,0.107519997
3056400.0,0.10038999900000001
3060000.0,0.088
3063600.0,0.06868
3067200.0,0.068110001
3070800.0,0.06831999999999999
3074400.0,0.08268
3078000.0,0.093900002
3081600.0,0.10862000299999999
3085200.0,0.130440002
3088800.0,0.1385
3092400.0,0.13766000399999997
3096000.0,0.12243000000000001
3099600.0,0.115790001
3103200.0,0.106690002
3106800.0,0.091279999
3110400.0,0.10944000200000001
3114000.0,0.116690002
3117600.0,0.12055999799999999
3121200.0,0.122639999
3124800.0,0.115269997
3128400.0,0.122260002
3132000.0,0.119839996
3135600.0,0.173759995
3139200.0,0.212990005
3142800.0,0.17761000100000002
3146400.0,0.15825999500000001
3150000.0,0.135300003
3153600.0,0.11836000099999999
3157200.0,0.117839996
3160800.0,0.11095999899999999
3164400.0,0.13003999300000002
3168000.0,0.139990005
3171600.0,0.170169998
3175200.0,0.170479996
3178800.0,0.162649994
3182400.0,0.14077999900000002
3186000.0,0.13110000600000002
3189600.0,0.12193000000000001
3193200.0,0.11502999900000001
3196800.0,0.113410004
3200400.0,0.108550003
3204000.0,0.10882
3207600.0,0.105
3211200.0,0.087730003
3214800.0,0.089860001
3218400.0,0.11043
3222000.0,0.14141000399999998
3225600.0,0.16388999899999998
3229200.0,0.149949997
3232800.0,0.129149994
3236400.0,0.099989998
3240000.0,0.089110001
3243600.0,0.089190002
3247200.0,0.088879997
3250800.0,0.08643
3254400.0,0.097790001
3258000.0,0.107279999
3261600.0,0.108709999
3265200.0,0.09168000000000001
3268800.0,0.074959999
3272400.0,0.068839996
3276000.0,0.063400002
3279600.0,0.063540001
3283200.0,0.056759998000000006
3286800.0,0.056310001
3290400.0,0.058929999999999996
3294000.0,0.058040000999999994
3297600.0,0.05898
3301200.0,0.058939999
3304800.0,0.061009998
3308400.0,0.062950001
3312000.0,0.069589996
3315600.0,0.06606999999999999
3319200.0,0.062400002
3322800.0,0.05793
3326400.0,0.058200001
3330000.0,0.06173
3333600.0,0.07163999900000001
3337200.0,0.08736000099999999
3340800.0,0.089800003
3344400.0,0.11225
3348000.0,0.113099998
3351600.0,0.10798000299999999
3355200.0,0.10712000299999999
3358800.0,0.11306999999999999
3362400.0,0.127839996
3366000.0,0.112639999
3369600.0,0.135
3373200.0,0.13003999300000002
3376800.0,0.114629997
3380400.0,0.119300003
3384000.0,0.116010002
3387600.0,0.11312999700000001
3391200.0,0.115260002
3394800.0,0.11958000199999999
3398400.0,0.121940002
3402000.0,0.120089996
3405600.0,0.111
3409200.0,0.10391999800000001
3412800.0,0.09043000000000001
3416400.0,0.086949997
3420000.0,0.091879997
3423600.0,0.10494999699999999
3427200.0,0.116910004
3430800.0,0.13
3434400.0,0.119910004
3438000.0,0.1055
3441600.0,0.090849998
3445200.0,0.086370003
3448800.0,0.08137999700000001
3452400.0,0.071949997
3456000.0,0.06906999999999999
3459600.0,0.065099998
3463200.0,0.062919998
3466800.0,0.06377999899999999
3470400.0,0.063599998
3474000.0,0.067110001
3477600.0,0.085849998
3481200.0,0.11541999800000001
3484800.0,0.130729996
3488400.0,0.121110001
3492000.0,0.102160004
3495600.0,0.08325
3499200.0,0.076470001
3502800.0,0.075800003
3506400.0,0.07905000300000001
3510000.0,0.078389999
3513600.0,0.084550003
3517200.0,0.087620003
3520800.0,0.09058000199999999
3524400.0,0.078120003
3528000.0,0.06952999900000001
3531600.0,0.067300003
3535200.0,0.065110001
3538800.0,0.06393
3542400.0,0.054090000000000006
3546000.0,0.055919998
3549600.0,0.055720001000000005
3553200.0,0.056189999
3556800.0,0.056240002
3560400.0,0.059919998
3564000.0,0.069800003
3567600.0,0.08169000200000001
3571200.0,0.099410004
3574800.0,0.08602999900000001
3578400.0,0.07304000100000001
3582000.0,0.071160004
3585600.0,0.070690002
3589200.0,0.072519997
3592800.0,0.074510002
3596400.0,0.077889999
3600000.0,0.081699997
3603600.0,0.093889999
3607200.0,0.105910004
3610800.0,0.089989998
3614400.0,0.080980003
3618000.0,0.079720001
3621600.0,0.08055000300000001
3625200.0,0.076800003
3628800.0,0.079739998
3632400.0,0.078660004
3636000.0,0.078050003
3639600.0,0.07769999699999999
3643200.0,0.07943
3646800.0,0.081110001
3650400.0,0.108050003
3654000.0,0.14908000200000002
3657600.0,0.164360001
3661200.0,0.158070007
3664800.0,0.131029999
3668400.0,0.113769997
3672000.0,0.11125
3675600.0,0.117309998
3679200.0,0.129190002
3682800.0,0.137619995
3686400.0,0.168
3690000.0,0.183009995
3693600.0,0.193809998
3697200.0,0.191240005
3700800.0,0.16991000399999998
3704400.0,0.15211000100000002
3708000.0,0.146
3711600.0,0.1175
3715200.0,0.140330002
3718800.0,0.13775
3722400.0,0.140789993
3726000.0,0.13658999600000002
3729600.0,0.120010002
3733200.0,0.11941999800000001
3736800.0,0.141710007
3740400.0,0.18978999300000002
3744000.0,0.219679993
3747600.0,0.214690002
3751200.0,0.198600006
3754800.0,0.178979996
3758400.0,0.166979996
3762000.0,0.142119995
3765600.0,0.14027999900000002
3769200.0,0.143449997
3772800.0,0.152100006
3776400.0,0.198029999
3780000.0,0.195649994
3783600.0,0.179100006
3787200.0,0.15703999300000002
3790800.0,0.145889999
3794400.0,0.136800003
3798000.0,0.125199997
3801600.0,0.137570007
3805200.0,0.132800003
3808800.0,0.1285
3812400.0,0.127650002
3816000.0,0.127269997
3819600.0,0.13958999600000002
3823200.0,0.160899994
3826800.0,0.227080002
3830400.0,0.265640015
3834000.0,0.21511000100000002
3837600.0,0.181029999
3841200.0,0.163009995
3844800.0,0.14986000100000002
3848400.0,0.14861000100000002
3852000.0,0.155800003
3855600.0,0.175050003
3859200.0,0.2
3862800.0,0.298910004
3866400.0,0.293059998
3870000.0,0.22569999699999999
3873600.0,0.18355000300000002
3877200.0,0.16378999300000002
3880800.0,0.153
3884400.0,0.14002999900000002
3888000.0,0.135289993
3891600.0,0.130339996
3895200.0,0.12
3898800.0,0.118239998
3902400.0,0.118449997
3906000.0,0.120300003
3909600.0,0.12953999300000002
3913200.0,0.145070007
3916800.0,0.150669998
3920400.0,0.137009995
3924000.0,0.124589996
3927600.0,0.11836000099999999
3931200.0,0.112389999
3934800.0,0.110010002
3938400.0,0.116150002
3942000.0,0.128830002
3945600.0,0.14
3949200.0,0.158660004
3952800.0,0.17052999900000002
3956400.0,0.163910004
3960000.0,0.147289993
3963600.0,0.128059998
3967200.0,0.13163000500000002
3970800.0,0.124540001
3974400.0,0.134110001
3978000.0,0.128899994
3981600.0,0.12357
3985200.0,0.119900002
3988800.0,0.11957
3992400.0,0.12018000000000001
3996000.0,0.119919998
3999600.0,0.127510002
4003200.0,0.12960000600000002
4006800.0,0.130490005
4010400.0,0.127699997
4014000.0,0.124029999
4017600.0,0.124669998
4021200.0,0.118769997
4024800.0,0.121019997
4028400.0,0.129550003
4032000.0,0.137679993
4035600.0,0.153979996
4039200.0,0.169979996
4042800.0,0.16028999300000002
4046400.0,0.153720001
4050000.0,0.13933999600000002
4053600.0,0.137619995
4057200.0,0.131509995
4060800.0,0.128050003
4064400.0,0.12105999799999999
4068000.0,0.120339996
4071600.0,0.125519997
4075200.0,0.128940002
4078800.0,0.13153999300000002
4082400.0,0.150669998
4086000.0,0.204740005
4089600.0,0.209789993
4093200.0,0.171300003
4096800.0,0.139669998
4100400.0,0.117190002
4104000.0,0.109470001
4107600.0,0.106779999
4111200.0,0.111889999
4114800.0,0.12732
4118400.0,0.155429993
4122000.0,0.221610001
4125600.0,0.271
4129200.0,0.21536000100000002
4132800.0,0.17786000100000002
4136400.0,0.155190002
4140000.0,0.139389999
4143600.0,0.12957000700000001
4147200.0,0.132949997
4150800.0,0.125
4154400.0,0.12355999799999999
4158000.0,0.11711000099999999
4161600.0,0.115660004
4165200.0,0.121519997
4168800.0,0.140389999
4172400.0,0.190339996
4176000.0,0.193800003
4179600.0,0.143529999
4183200.0,0.124239998
4186800.0,0.109709999
4190400.0,0.09641000400000001
4194000.0,0.088529999
4197600.0,0.098349998
4201200.0,0.11
4204800.0,0.128160004
4208400.0,0.176820007
4212000.0,0.174320007
4215600.0,0.155910004
4219200.0,0.142419998
4222800.0,0.129410004
4226400.0,0.12190000200000001
4230000.0,0.114449997
4233600.0,0.10454000100000001
4237200.0,0.099290001
4240800.0,0.099599998
4244400.0,0.097290001
4248000.0,0.0945
4251600.0,0.097480003
4255200.0,0.115
4258800.0,0.1495
4262400.0,0.166369995
4266000.0,0.12875999500000002
4269600.0,0.107910004
4273200.0,0.089279999
4276800.0,0.081519997
4280400.0,0.082739998
4284000.0,0.085199997
4287600.0,0.090629997
4291200.0,0.110029999
4294800.0,0.131279999
4298400.0,0.142979996
4302000.0,0.136320007
4305600.0,0.113529999
4309200.0,0.09868
4312800.0,0.08775
4316400.0,0.081160004
4320000.0,0.070900002
4323600.0,0.069730003
4327200.0,0.068879997
4330800.0,0.067080002
4334400.0,0.06537999700000001
4338000.0,0.0645
4341600.0,0.075769997
4345200.0,0.102849998
4348800.0,0.10582
4352400.0,0.065110001
4356000.0,0.061220001
4359600.0,0.06032
4363200.0,0.057830002
4366800.0,0.058470001
4370400.0,0.06512999700000001
4374000.0,0.06570999899999999
4377600.0,0.067739998
4381200.0,0.071199997
4384800.0,0.06641999800000001
4388400.0,0.060340000000000005
4392000.0,0.056830002
4395600.0,0.050029999
4399200.0,0.044810001
4402800.0,0.043869999
4406400.0,0.038990001999999996
4410000.0,0.041150002
4413600.0,0.046560001
4417200.0,0.04441
4420800.0,0.047799999
4424400.0,0.054220001000000004
4428000.0,0.067099998
4431600.0,0.111730003
4435200.0,0.135020004
4438800.0,0.112199997
4442400.0,0.092010002
4446000.0,0.07793000000000001
4449600.0,0.069
4453200.0,0.069
4456800.0,0.06947000099999999
4460400.0,0.075489998
4464000.0,0.073190002
4467600.0,0.084269997
4471200.0,0.07357
4474800.0,0.061450001
4478400.0,0.055560001
4482000.0,0.052040000999999995
4485600.0,0.04943
4489200.0,0.048599998
4492800.0,0.04025
4496400.0,0.041830002
4500000.0,0.042029999
4503600.0,0.04134
4507200.0,0.039790001
4510800.0,0.040950001
4514400.0,0.047400002000000004
4518000.0,0.052119999
4521600.0,0.052790000999999996
4525200.0,0.060389999
4528800.0,0.053209999
4532400.0,0.047130001
4536000.0,0.040400002
4539600.0,0.052689999
4543200.0,0.061669998
4546800.0,0.066110001
4550400.0,0.090379997
4554000.0,0.108080002
4557600.0,0.10698000299999999
4561200.0,0.105879997
4564800.0,0.091690002
4568400.0,0.091769997
4572000.0,0.09426999700000001
4575600.0,0.083510002
4579200.0,0.091099998
4582800.0,0.084989998
4586400.0,0.086209999
4590000.0,0.083629997
4593600.0,0.084300003
4597200.0,0.085790001
4600800.0,0.086620003
4604400.0,0.085
4608000.0,0.098059998
4611600.0,0.093
4615200.0,0.076129997
4618800.0,0.060459999
4622400.0,0.049810001
4626000.0,0.048939999
4629600.0,0.0475
4633200.0,0.05241
4636800.0,0.067099998
4640400.0,0.092589996
4644000.0,0.113339996
4647600.0,0.087269997
4651200.0,0.067099998
4654800.0,0.04657
4658400.0,0.048869999
4662000.0,0.044939999
4665600.0,0.01
4669200.0,0.011890000000000001
4672800.0,0.00902
4676400.0,0.00409
4680000.0,0.00393
4683600.0,0.005059999999999999
4687200.0,0.03191
4690800.0,0.048740002
4694400.0,0.05293
4698000.0,0.05091
4701600.0,0.050330002
4705200.0,0.045
4708800.0,0.041880001
4712400.0,0.039990002
4716000.0,0.04002
4719600.0,0.042630001
4723200.0,0.049990002
4726800.0,0.062669998
4730400.0,0.07775
4734000.0,0.087209999
4737600.0,0.07719999699999999
4741200.0,0.099910004
4744800.0,0.11195999899999999
4748400.0,0.10648000299999999
4752000.0,0.086459999
4755600.0,0.089910004
4759200.0,0.092419998
4762800.0,0.09244000200000001
4766400.0,0.09431999999999999
4770000.0,0.1035
4773600.0,0.14
4777200.0,0.16228999300000002
4780800.0,0.169050003
4784400.0,0.151160004
4788000.0,0.13488000500000003
4791600.0,0.12183000199999999
4795200.0,0.1185
4798800.0,0.117559998
4802400.0,0.124389999
4806000.0,0.13466999799999999
4809600.0,0.15796000699999999
4813200.0,0.194929993
4816800.0,0.215800003
4820400.0,0.179449997
4824000.0,0.155270004
4827600.0,0.138970001
4831200.0,0.12754000100000001
4834800.0,0.115129997
4838400.0,0.122989998
4842000.0,0.11982
4845600.0,0.116940002
4849200.0,0.115980003
4852800.0,0.116559998
4856400.0,0.117269997
4860000.0,0.13000999500000002
4863600.0,0.159929993
4867200.0,0.17519000199999998
4870800.0,0.160220001
4874400.0,0.141369995
4878000.0,0.125760002
4881600.0,0.120529999
4885200.0,0.11533000199999999
4888800.0,0.11470999899999999
4892400.0,0.132899994
4896000.0,0.14975
4899600.0,0.153160004
4903200.0,0.172570007
4906800.0,0.16282000700000002
4910400.0,0.147380005
4914000.0,0.118440002
4917600.0,0.120940002
4921200.0,0.11245999899999999
4924800.0,0.101480003
4928400.0,0.10380999799999999
4932000.0,0.101239998
4935600.0,0.099599998
4939200.0,0.10043
4942800.0,0.10562000299999999
4946400.0,0.115150002
4950000.0,0.15124000499999998
4953600.0,0.159050003
4957200.0,0.142580002
4960800.0,0.126010002
4964400.0,0.11
4968000.0,0.101099998
4971600.0,0.100800003
4975200.0,0.11
4978800.0,0.118760002
4982400.0,0.142619995
4986000.0,0.158690002
4989600.0,0.174710007
4993200.0,0.16316999799999998
4996800.0,0.14461000100000002
5000400.0,0.136539993
5004000.0,0.12469000200000001
5007600.0,0.114889999
5011200.0,0.115470001
5014800.0,0.110540001
5018400.0,0.109379997
5022000.0,0.10693000000000001
5025600.0,0.112029999
5029200.0,0.11262999700000001
5032800.0,0.123970001
5036400.0,0.14883000200000002
5040000.0,0.16182000700000002
5043600.0,0.1455
5047200.0,0.127440002
5050800.0,0.11
5054400.0,0.098339996
5058000.0,0.0915
5061600.0,0.092
5065200.0,0.101150002
5068800.0,0.124099998
5072400.0,0.147720001
5076000.0,0.15663000500000002
5079600.0,0.158
5083200.0,0.143960007
5086800.0,0.131309998
5090400.0,0.125540001
5094000.0,0.117209999
5097600.0,0.128190002
5101200.0,0.120379997
5104800.0,0.117089996
5108400.0,0.112150002
5112000.0,0.10975
5115600.0,0.11187999700000001
5119200.0,0.117099998
5122800.0,0.133820007
5126400.0,0.138300003
5130000.0,0.137740005
5133600.0,0.125080002
5137200.0,0.112110001
5140800.0,0.098629997
5144400.0,0.09144999699999999
5148000.0,0.089099998
5151600.0,0.0975
5155200.0,0.12018000000000001
5158800.0,0.133860001
5162400.0,0.152
5166000.0,0.146759995
5169600.0,0.133410004
5173200.0,0.12543
5176800.0,0.122029999
5180400.0,0.119919998
5184000.0,0.108669998
5187600.0,0.10754000100000001
5191200.0,0.09931999999999999
5194800.0,0.104839996
5198400.0,0.09423000299999999
5202000.0,0.09398000299999999
5205600.0,0.095889999
5209200.0,0.102599998
5212800.0,0.10311000099999999
5216400.0,0.089
5220000.0,0.068300003
5223600.0,0.049
5227200.0,0.021370001
5230800.0,0.00313
5234400.0,0.00285
5238000.0,0.044
5241600.0,0.07425
5245200.0,0.099699997
5248800.0,0.136580002
5252400.0,0.117230003
5256000.0,0.089099998
5259600.0,0.065169998
5263200.0,0.052
5266800.0,0.041869999
5270400.0,0.045040000999999996
5274000.0,0.045549999
5277600.0,0.045540001
5281200.0,0.045580002
5284800.0,0.031309999
5288400.0,0.035209999000000006
5292000.0,0.041810001
5295600.0,0.058700001
5299200.0,0.070099998
5302800.0,0.044599998
5306400.0,0.023350000000000003
5310000.0,0.0064
5313600.0,0.00033
5317200.0,1e-05
5320800.0,0.01247
5324400.0,0.036060001
5328000.0,0.070650002
5331600.0,0.121720001
5335200.0,0.145559998
5338800.0,0.1085
5342400.0,0.095839996
5346000.0,0.083910004
5349600.0,0.08275
5353200.0,0.070620003
5356800.0,0.065059998
5360400.0,0.065389999
5364000.0,0.065949997
5367600.0,0.060950001000000004
5371200.0,0.052009998
5374800.0,0.050790000999999994
5378400.0,0.051389999000000006
5382000.0,0.065900002
5385600.0,0.062849998
5389200.0,0.06123
5392800.0,0.025299999
5396400.0,0.01326
5400000.0,0.004
5403600.0,0.00404
5407200.0,0.01011
5410800.0,0.03007
5414400.0,0.05
5418000.0,0.074910004
5421600.0,0.064540001
5425200.0,0.042310001
5428800.0,0.02985
5432400.0,0.02533
5436000.0,0.02552
5439600.0,0.020690001
5443200.0,0.023209999
5446800.0,0.022870000999999997
5450400.0,0.021309999
5454000.0,0.018559999
5457600.0,0.01924
5461200.0,0.017879999
5464800.0,0.031290001
5468400.0,0.04393
5472000.0,0.047709999
5475600.0,0.022
5479200.0,2e-05
5482800.0,-7.000000000000001e-05
5486400.0,-0.00428
5490000.0,-0.0037
5493600.0,5e-05
5497200.0,0.0039700000000000004
5500800.0,0.01323
5504400.0,0.060400002
5508000.0,0.06041
5511600.0,0.055869999
5515200.0,0.035080002
5518800.0,0.033549999
5522400.0,0.031309999
5526000.0,0.03116
5529600.0,0.030299999
5533200.0,0.029530001
5536800.0,0.035470001
5540400.0,0.03925
5544000.0,0.047400002000000004
5547600.0,0.065970001
5551200.0,0.093150002
5554800.0,0.12978999300000002
5558400.0,0.1085
5562000.0,0.078699997
5565600.0,0.050470001
5569200.0,0.004019999999999999
5572800.0,8e-05
5576400.0,2e-05
5580000.0,0.01316
5583600.0,0.063610001
5587200.0,0.09919000200000001
5590800.0,0.129690002
5594400.0,0.155729996
5598000.0,0.132330002
5601600.0,0.11262999700000001
5605200.0,0.103370003
5608800.0,0.096400002
5612400.0,0.086
5616000.0,0.08458000199999999
5619600.0,0.086
5623200.0,0.087
5626800.0,0.085879997
5630400.0,0.09
5634000.0,0.101300003
5637600.0,0.10719999699999999
5641200.0,0.131369995
5644800.0,0.12223000299999999
5648400.0,0.083
5652000.0,0.06530000300000001
5655600.0,0.031809999
5659200.0,0.01279
5662800.0,0.00808
5666400.0,0.037060001
5670000.0,0.090150002
5673600.0,0.11
5677200.0,0.134830002
5680800.0,0.195470001
5684400.0,0.165800003
5688000.0,0.136110001
5691600.0,0.118550003
5695200.0,0.119110001
5698800.0,0.10241999800000001
5702400.0,0.124970001
5706000.0,0.11394000200000001
5709600.0,0.11722000099999999
5713200.0,0.116760002
5716800.0,0.11841999800000001
5720400.0,0.121300003
5724000.0,0.114900002
5727600.0,0.120589996
5731200.0,0.098040001
5734800.0,0.072540001
5738400.0,0.018049999
5742000.0,0.00207
5745600.0,-0.00034
5749200.0,-0.0001
5752800.0,7.000000000000001e-05
5756400.0,0.056200001
5760000.0,0.10086000099999999
5763600.0,0.14558000200000001
5767200.0,0.174050003
5770800.0,0.14002999900000002
5774400.0,0.11120999899999999
5778000.0,0.1
5781600.0,0.099239998
5785200.0,0.09794000200000001
5788800.0,0.09519000200000001
5792400.0,0.09480999799999999
5796000.0,0.09444000200000001
5799600.0,0.096510002
5803200.0,0.09866999800000001
5806800.0,0.101510002
5810400.0,0.1
5814000.0,0.093010002
5817600.0,0.065400002
5821200.0,0.02927
5824800.0,0.0101
5828400.0,2.9999999999999997e-05
5832000.0,-0.00226
5835600.0,-0.00204
5839200.0,8.999999999999999e-05
5842800.0,0.017389999
5846400.0,0.09055999799999999
5850000.0,0.112059998
5853600.0,0.134160004
5857200.0,0.136699997
5860800.0,0.13019999699999998
5864400.0,0.121440002
5868000.0,0.110010002
5871600.0,0.103639999
5875200.0,0.095839996
5878800.0,0.094919998
5882400.0,0.096699997
5886000.0,0.096870003
5889600.0,0.089980003
5893200.0,0.10113999900000001
5896800.0,0.14425
5900400.0,0.153419998
5904000.0,0.133960007
5907600.0,0.098879997
5911200.0,0.084379997
5914800.0,0.077879997
5918400.0,0.076019997
5922000.0,0.07732
5925600.0,0.083910004
5929200.0,0.096510002
5932800.0,0.10341999800000001
5936400.0,0.140949997
5940000.0,0.165350006
5943600.0,0.156889999
5947200.0,0.12319999699999999
5950800.0,0.11581999999999999
5954400.0,0.10582
5958000.0,0.097949997
5961600.0,0.104389999
5965200.0,0.101800003
5968800.0,0.099730003
5972400.0,0.1005
5976000.0,0.102510002
5979600.0,0.103489998
5983200.0,0.11355000300000001
5986800.0,0.152979996
5990400.0,0.146490005
5994000.0,0.128529999
5997600.0,0.102
6001200.0,0.097480003
6004800.0,0.09644000200000001
6008400.0,0.098379997
6012000.0,0.102349998
6015600.0,0.112839996
6019200.0,0.12468000000000001
6022800.0,0.152339996
6026400.0,0.18392999299999999
6030000.0,0.169669998
6033600.0,0.144929993
6037200.0,0.13083999600000001
6040800.0,0.12125
6044400.0,0.107339996
6048000.0,0.101730003
6051600.0,0.100089996
6055200.0,0.097790001
6058800.0,0.09737999700000001
6062400.0,0.101800003
6066000.0,0.10658999599999999
6069600.0,0.135949997
6073200.0,0.149720001
6076800.0,0.14841000399999998
6080400.0,0.125
6084000.0,0.102620003
6087600.0,0.09969000200000001
6091200.0,0.09806999999999999
6094800.0,0.099910004
6098400.0,0.101650002
6102000.0,0.117739998
6105600.0,0.124650002
6109200.0,0.14561000100000002
6112800.0,0.193509995
6116400.0,0.179490005
6120000.0,0.148050003
6123600.0,0.13219999699999999
6127200.0,0.12
6130800.0,0.109910004
6134400.0,0.108519997
6138000.0,0.10225
6141600.0,0.098980003
6145200.0,0.09670999899999999
6148800.0,0.098349998
6152400.0,0.105879997
6156000.0,0.132990005
6159600.0,0.159869995
6163200.0,0.158029999
6166800.0,0.148130005
6170400.0,0.123769997
6174000.0,0.110699997
6177600.0,0.110010002
6181200.0,0.108220001
6184800.0,0.10754000100000001
6188400.0,0.109989998
6192000.0,0.121470001
6195600.0,0.142649994
6199200.0,0.166050003
6202800.0,0.17347000099999998
6206400.0,0.149
6210000.0,0.135690002
6213600.0,0.12348000299999999
6217200.0,0.11162999700000001
6220800.0,0.109089996
6224400.0,0.106
6228000.0,0.10590000200000001
6231600.0,0.10383000199999999
6235200.0,0.105300003
6238800.0,0.113989998
6242400.0,0.142990005
6246000.0,0.155110001
6249600.0,0.155
6253200.0,0.13208999600000002
6256800.0,0.112
6260400.0,0.106349998
6264000.0,0.1045
6267600.0,0.10458000199999999
6271200.0,0.105379997
6274800.0,0.1065
6278400.0,0.122220001
6282000.0,0.141179993
6285600.0,0.155330002
6289200.0,0.150910004
6292800.0,0.13000999500000002
6296400.0,0.111389999
6300000.0,0.114
6303600.0,0.105169998
6307200.0,0.112150002
6310800.0,0.10313999900000001
6314400.0,0.096
6318000.0,0.089900002
6321600.0,0.086900002
6325200.0,0.090550003
6328800.0,0.097010002
6332400.0,0.09941999800000001
6336000.0,0.098769997
6339600.0,0.086400002
6343200.0,0.072389999
6346800.0,0.067120003
6350400.0,0.057279999
6354000.0,0.048
6357600.0,0.054509998000000004
6361200.0,0.07077999900000001
6364800.0,0.084239998
6368400.0,0.117599998
6372000.0,0.130300003
6375600.0,0.132960007
6379200.0,0.121459999
6382800.0,0.1085
6386400.0,0.105019997
6390000.0,0.09525
6393600.0,0.090010002
6397200.0,0.085790001
6400800.0,0.079620003
6404400.0,0.07818000000000001
6408000.0,0.078599998
6411600.0,0.080510002
6415200.0,0.080120003
6418800.0,0.07805999799999999
6422400.0,0.077949997
6426000.0,0.056900002
6429600.0,0.02409
6433200.0,0.0029
6436800.0,0.00101
6440400.0,0.00019
6444000.0,0.0025299999999999997
6447600.0,0.031
6451200.0,0.06
6454800.0,0.09468
6458400.0,0.094980003
6462000.0,0.0925
6465600.0,0.08020999899999999
6469200.0,0.08
6472800.0,0.078300003
6476400.0,0.07970999899999999
6480000.0,0.078099998
6483600.0,0.079010002
6487200.0,0.078790001
6490800.0,0.08091000400000001
6494400.0,0.085849998
6498000.0,0.103300003
6501600.0,0.135179993
6505200.0,0.15286999499999998
6508800.0,0.135240005
6512400.0,0.100730003
6516000.0,0.068209999
6519600.0,0.050560001
6523200.0,0.031170000000000003
6526800.0,0.027950001
6530400.0,0.050139999000000005
6534000.0,0.070010002
6537600.0,0.093919998
6541200.0,0.127870003
6544800.0,0.156649994
6548400.0,0.17
6552000.0,0.1415
6555600.0,0.113529999
6559200.0,0.10644999699999999
6562800.0,0.0935
6566400.0,0.09219999699999999
6570000.0,0.089989998
6573600.0,0.091400002
6577200.0,0.087230003
6580800.0,0.091239998
6584400.0,0.103730003
6588000.0,0.126510002
6591600.0,0.136679993
6595200.0,0.106519997
6598800.0,0.071529999
6602400.0,0.02527
6606000.0,0.00068
6609600.0,-0.00014000000000000001
6613200.0,-0.00028000000000000003
6616800.0,0.005719999999999999
6620400.0,0.050279999
6624000.0,0.09594000200000001
6627600.0,0.124279999
6631200.0,0.149970001
6634800.0,0.159729996
6638400.0,0.142389999
6642000.0,0.11766999800000001
6645600.0,0.10737000299999999
6649200.0,0.10041999800000001
6652800.0,0.09868
6656400.0,0.095080002
6660000.0,0.094900002
6663600.0,0.097610001
6667200.0,0.09968
6670800.0,0.109870003
6674400.0,0.14383999600000003
6678000.0,0.147740005
6681600.0,0.10823000299999999
6685200.0,0.0795
6688800.0,0.02652
6692400.0,-4e-05
6696000.0,-0.0005600000000000001
6699600.0,-0.00025
6703200.0,0.00099
6706800.0,0.066730003
6710400.0,0.109849998
6714000.0,0.136970001
6717600.0,0.225809998
6721200.0,0.220300003
6724800.0,0.176679993
6728400.0,0.138240005
6732000.0,0.12444999699999999
6735600.0,0.111139999
6739200.0,0.11716999800000001
6742800.0,0.10286000099999999
6746400.0,0.099559998
6750000.0,0.10008000199999999
6753600.0,0.10283000199999999
6757200.0,0.11069000200000001
6760800.0,0.132240005
6764400.0,0.141210007
6768000.0,0.099870003
6771600.0,0.079449997
6775200.0,0.037509998
6778800.0,0.00342
6782400.0,0.00043
6786000.0,0.00065
6789600.0,0.0166
6793200.0,0.079419998
6796800.0,0.10590000200000001
6800400.0,0.138130005
6804000.0,0.25952999899999996
6807600.0,0.23941000399999998
6811200.0,0.1575
6814800.0,0.136820007
6818400.0,0.12119999699999999
6822000.0,0.10694999699999999
6825600.0,0.114559998
6829200.0,0.116410004
6832800.0,0.112739998
6836400.0,0.098150002
6840000.0,0.097449997
6843600.0,0.11325
6847200.0,0.137300003
6850800.0,0.138330002
6854400.0,0.110730003
6858000.0,0.07330999799999999
6861600.0,0.04325
6865200.0,0.00735
6868800.0,0.0008100000000000001
6872400.0,0.0
6876000.0,0.00249
6879600.0,0.01236
6883200.0,0.045900002
6886800.0,0.083389999
6890400.0,0.096260002
6894000.0,0.07133000199999999
6897600.0,0.04575
6901200.0,0.04373
6904800.0,0.027129999000000002
6908400.0,0.018450001
6912000.0,0.02693
6915600.0,0.01257
6919200.0,0.00907
6922800.0,0.00688
6926400.0,0.010119999999999999
6930000.0,0.01295
6933600.0,0.013009999999999999
6937200.0,0.01304
6940800.0,0.00311
6944400.0,0.0
6948000.0,-0.00186
6951600.0,-0.006
6955200.0,-0.01298
6958800.0,-0.011699999999999999
6962400.0,-0.00639
6966000.0,-0.00151
6969600.0,0.00101
6973200.0,0.032470001000000005
6976800.0,0.045560001
6980400.0,0.032139999
6984000.0,0.025589999999999998
6987600.0,0.029200001
6991200.0,0.02973
6994800.0,0.035689999
6998400.0,0.013689999999999999
7002000.0,0.019010000000000003
7005600.0,0.023649999999999997
7009200.0,0.023489999999999997
7012800.0,0.024820000000000002
7016400.0,0.02501
7020000.0,0.02484
7023600.0,0.02426
7027200.0,0.01899
7030800.0,0.006889999999999999
7034400.0,0.00428
7038000.0,0.004019999999999999
7041600.0,0.004059999999999999
7045200.0,0.00408
7048800.0,0.004019999999999999
7052400.0,0.0067
7056000.0,0.053650002
7059600.0,0.11708000199999999
7063200.0,0.14
7066800.0,0.140960007
7070400.0,0.139699997
7074000.0,0.128119995
7077600.0,0.123519997
7081200.0,0.114239998
7084800.0,0.110449997
7088400.0,0.10729000100000001
7092000.0,0.101910004
7095600.0,0.09894000200000001
7099200.0,0.101989998
7102800.0,0.11982
7106400.0,0.1415
7110000.0,0.164279999
7113600.0,0.161860001
7117200.0,0.135380005
7120800.0,0.111160004
7124400.0,0.107360001
7128000.0,0.10075
7131600.0,0.100870003
7135200.0,0.10657
7138800.0,0.099589996
7142400.0,0.119910004
7146000.0,0.149440002
7149600.0,0.205050003
7153200.0,0.19166999799999998
7156800.0,0.161839996
7160400.0,0.136850006
7164000.0,0.125559998
7167600.0,0.115139999
7171200.0,0.100620003
7174800.0,0.1
7178400.0,0.09927999900000001
7182000.0,0.096400002
7185600.0,0.095639999
7189200.0,0.09993
7192800.0,0.100370003
7196400.0,0.139100006
7200000.0,0.130059998
7203600.0,0.106410004
7207200.0,0.092029999
7210800.0,0.078349998
7214400.0,0.068449997
7218000.0,0.068290001
7221600.0,0.07743000000000001
7225200.0,0.08882
7228800.0,0.10188999900000001
7232400.0,0.127849998
7236000.0,0.137270004
7239600.0,0.112790001
7243200.0,0.088480003
7246800.0,0.080849998
7250400.0,0.063369999
7254000.0,0.056599998
7257600.0,0.067099998
7261200.0,0.06375
7264800.0,0.064360001
7268400.0,0.065949997
7272000.0,0.07
7275600.0,0.091360001
7279200.0,0.11727999900000001
7282800.0,0.11270999899999999
7286400.0,0.10793000000000001
7290000.0,0.10372000099999999
7293600.0,0.07283000199999999
7297200.0,0.081449997
7300800.0,0.081010002
7304400.0,0.072339996
7308000.0,0.072800003
7311600.0,0.091169998
7315200.0,0.099050003
7318800.0,0.12963000500000002
7322400.0,0.157320007
7326000.0,0.16755999800000002
7329600.0,0.15
7333200.0,0.126330002
7336800.0,0.117480003
7340400.0,0.106889999
7344000.0,0.103910004
7347600.0,0.098980003
7351200.0,0.096610001
7354800.0,0.095839996
7358400.0,0.092160004
7362000.0,0.100559998
7365600.0,0.120419998
7369200.0,0.14
7372800.0,0.1235
7376400.0,0.089919998
7380000.0,0.07077999900000001
7383600.0,0.04548
7387200.0,0.024809999000000003
7390800.0,0.00667
7394400.0,0.03034
7398000.0,0.068800003
7401600.0,0.08708000199999999
7405200.0,0.114
7408800.0,0.125650002
7412400.0,0.140520004
7416000.0,0.140710007
7419600.0,0.099989998
7423200.0,0.09043000000000001
7426800.0,0.081139999
7430400.0,0.085209999
7434000.0,0.07830999799999999
7437600.0,0.068800003
7441200.0,0.064889999
7444800.0,0.053610001
7448400.0,0.059840000000000004
7452000.0,0.085290001
7455600.0,0.084120003
7459200.0,0.06470999899999999
7462800.0,0.035
7466400.0,0.020469999000000003
7470000.0,0.0016799999999999999
7473600.0,-1e-05
7477200.0,-2.9999999999999997e-05
7480800.0,0.01448
7484400.0,0.060400002
7488000.0,0.078889999
7491600.0,0.114449997
7495200.0,0.153589996
7498800.0,0.15703999300000002
7502400.0,0.144419998
7506000.0,0.12455999799999999
7509600.0,0.117940002
7513200.0,0.110120003
7516800.0,0.108260002
7520400.0,0.103910004
7524000.0,0.096540001
7527600.0,0.096220001
7531200.0,0.0965
7534800.0,0.092739998
7538400.0,0.096730003
7542000.0,0.09844000200000001
7545600.0,0.091860001
7549200.0,0.076139999
7552800.0,0.06566999800000001
7556400.0,0.065339996
7560000.0,0.065330002
7563600.0,0.00206
7567200.0,0.00394
7570800.0,0.02527
7574400.0,0.056369999
7578000.0,0.090489998
7581600.0,0.136699997
7585200.0,0.143960007
7588800.0,0.114769997
7592400.0,0.09380999799999999
7596000.0,0.076650002
7599600.0,0.043259998
7603200.0,0.0029500000000000004
7606800.0,0.00234
7610400.0,0.00231
7614000.0,0.0012
7617600.0,8.999999999999999e-05
7621200.0,2.9999999999999997e-05
7624800.0,0.0
7628400.0,-1e-05
7632000.0,-4e-05
7635600.0,-0.00347
7639200.0,-0.01134
7642800.0,-0.01339
7646400.0,-0.00791
7650000.0,-0.00583
7653600.0,-0.00531
7657200.0,-0.0032
7660800.0,7.000000000000001e-05
7664400.0,0.014410000000000001
7668000.0,0.060830002
7671600.0,0.058860000999999995
7675200.0,0.050009998
7678800.0,0.061709999
7682400.0,0.056439999
7686000.0,0.06556999999999999
7689600.0,0.06325
7693200.0,0.064410004
7696800.0,0.067220001
7700400.0,0.068970001
7704000.0,0.088
7707600.0,0.10926999700000001
7711200.0,0.143539993
7714800.0,0.174229996
7718400.0,0.13316999799999998
7722000.0,0.11026999700000001
7725600.0,0.099040001
7729200.0,0.083540001
7732800.0,0.074099998
7736400.0,0.07358000199999999
7740000.0,0.069550003
7743600.0,0.076239998
7747200.0,0.10083000199999999
7750800.0,0.13157000700000002
7754400.0,0.18396000699999998
7758000.0,0.172729996
7761600.0,0.135029999
7765200.0,0.11525
7768800.0,0.102339996
7772400.0,0.101559998
7776000.0,0.09501999700000001
7779600.0,0.092910004
7783200.0,0.0935
7786800.0,0.09143000000000001
7790400.0,0.100709999
7794000.0,0.129460007
7797600.0,0.17996000699999998
7801200.0,0.159369995
7804800.0,0.108470001
7808400.0,0.08616999800000001
7812000.0,0.070260002
7815600.0,0.053150002
7819200.0,0.01157
7822800.0,0.01089
7826400.0,0.026700001
7830000.0,0.065230003
7833600.0,0.082800003
7837200.0,0.122389999
7840800.0,0.155720001
7844400.0,0.138
7848000.0,0.110900002
7851600.0,0.095639999
7855200.0,0.079449997
7858800.0,0.068059998
7862400.0,0.06693
7866000.0,0.06680000300000001
7869600.0,0.067970001
7873200.0,0.068900002
7876800.0,0.08218
7880400.0,0.113839996
7884000.0,0.150309998
7887600.0,0.12469999699999999
7891200.0,0.084739998
7894800.0,0.048380001
7898400.0,0.0
7902000.0,-0.0024700000000000004
7905600.0,-0.00218
7909200.0,-0.00219
7912800.0,-0.00161
7916400.0,-0.00045
7920000.0,0.01537
7923600.0,0.088839996
7927200.0,0.125349998
7930800.0,0.114
7934400.0,0.09606999999999999
7938000.0,0.082629997
7941600.0,0.07143000000000001
7945200.0,0.067
7948800.0,0.067
7952400.0,0.067
7956000.0,0.068949997
7959600.0,0.071
7963200.0,0.08622000099999999
7966800.0,0.129710007
7970400.0,0.162770004
7974000.0,0.133300003
7977600.0,0.079110001
7981200.0,0.040470001000000005
7984800.0,-0.00016
7988400.0,-0.0011899999999999999
7992000.0,-0.008400000000000001
7995600.0,-0.005849999999999999
7999200.0,-0.00027
8002800.0,0.01609
8006400.0,0.075
8010000.0,0.130360001
8013600.0,0.160910004
8017200.0,0.153309998
8020800.0,0.137029999
8024400.0,0.11320999899999999
8028000.0,0.10268000000000001
8031600.0,0.104970001
8035200.0,0.099900002
8038800.0,0.10157
8042400.0,0.103610001
8046000.0,0.100300003
8049600.0,0.105370003
8053200.0,0.135160004
8056800.0,0.164160004
8060400.0,0.139399994
8064000.0,0.09568
8067600.0,0.065
8071200.0,0.00782
8074800.0,0.0
8078400.0,-0.00131
8082000.0,-0.00121
8085600.0,-0.00013000000000000002
8089200.0,0.02501
8092800.0,0.0705
8096400.0,0.111029999
8100000.0,0.132990005
8103600.0,0.137919998
8107200.0,0.111139999
8110800.0,0.098099998
8114400.0,0.09105999799999999
8118000.0,0.099209999
8121600.0,0.09426999700000001
8125200.0,0.09243000000000001
8128800.0,0.092150002
8132400.0,0.090379997
8136000.0,0.08930999799999999
8139600.0,0.092489998
8143200.0,0.098599998
8146800.0,0.098300003
8150400.0,0.057159999999999996
8154000.0,0.00066
8157600.0,-0.00094
8161200.0,-0.02409
8164800.0,-0.01074
8168400.0,-0.01075
8172000.0,-0.020829999999999998
8175600.0,-0.0043
8179200.0,0.0
8182800.0,0.07
8186400.0,0.099400002
8190000.0,0.098900002
8193600.0,0.08425
8197200.0,0.078989998
8200800.0,0.06875
8204400.0,0.070449997
8208000.0,0.061
8211600.0,0.062720001
8215200.0,0.06827999900000001
8218800.0,0.069949997
8222400.0,0.07743000000000001
8226000.0,0.07654000100000001
8229600.0,0.078110001
8233200.0,0.04179000099999999
8236800.0,0.0001
8240400.0,-8.999999999999999e-05
8244000.0,-0.00509
8247600.0,-0.004
8251200.0,-0.00401
8254800.0,-0.01751
8258400.0,-0.030100000000000002
8262000.0,-0.014960000000000001
8265600.0,0.00176
8269200.0,0.112410004
8272800.0,0.131559998
8276400.0,0.12800999500000002
8280000.0,0.11966999800000001
8283600.0,0.10819000200000001
8287200.0,0.09737999700000001
8290800.0,0.083639999
8294400.0,0.081660004
8298000.0,0.07869000200000001
8301600.0,0.079970001
8305200.0,0.082800003
8308800.0,0.09344999699999999
8312400.0,0.124040001
8316000.0,0.175970001
8319600.0,0.14461000100000002
8323200.0,0.107099998
8326800.0,0.083370003
8330400.0,0.065
8334000.0,0.011800000000000001
8337600.0,0.00219
8341200.0,0.00394
8344800.0,0.06098
8348400.0,0.072
8352000.0,0.10243000000000001
8355600.0,0.127599998
8359200.0,0.168449997
8362800.0,0.165050003
8366400.0,0.138199997
8370000.0,0.121019997
8373600.0,0.105209999
8377200.0,0.09493
8380800.0,0.08783000199999999
8384400.0,0.08905999799999999
8388000.0,0.089900002
8391600.0,0.09162000299999999
8395200.0,0.105730003
8398800.0,0.14297000099999999
8402400.0,0.18055000300000001
8406000.0,0.136770004
8409600.0,0.091300003
8413200.0,0.076470001
8416800.0,0.061090000000000005
8420400.0,0.01957
8424000.0,0.016829999999999998
8427600.0,0.02859
8431200.0,0.05747000100000001
8434800.0,0.07333000199999999
8438400.0,0.090339996
8442000.0,0.118260002
8445600.0,0.18039999399999998
8449200.0,0.17130999800000002
8452800.0,0.14
8456400.0,0.120470001
8460000.0,0.105120003
8463600.0,0.104989998
8467200.0,0.09598999799999999
8470800.0,0.094669998
8474400.0,0.094449997
8478000.0,0.095790001
8481600.0,0.109410004
8485200.0,0.15267999299999999
8488800.0,0.175559998
8492400.0,0.131559998
8496000.0,0.099510002
8499600.0,0.08270999899999999
8503200.0,0.059689999
8506800.0,0.013609999999999999
8510400.0,0.006719999999999999
8514000.0,0.013269999999999999
8517600.0,0.034869999
8521200.0,0.06298
8524800.0,0.0835
8528400.0,0.09952999900000001
8532000.0,0.125900002
8535600.0,0.138729996
8539200.0,0.111230003
8542800.0,0.101940002
8546400.0,0.098510002
8550000.0,0.092900002
8553600.0,0.089550003
8557200.0,0.088900002
8560800.0,0.08791999800000001
8564400.0,0.09
8568000.0,0.097540001
8571600.0,0.132440002
8575200.0,0.17058999600000002
8578800.0,0.135440002
8582400.0,0.102400002
8586000.0,0.085709999
8589600.0,0.066339996
8593200.0,0.034950001
8596800.0,0.00218
8600400.0,8e-05
8604000.0,0.0011799999999999998
8607600.0,0.00429
8611200.0,0.016110001
8614800.0,0.033009998000000006
8618400.0,0.047979999999999995
8622000.0,0.022709999
8625600.0,0.02001
8629200.0,0.020370001
8632800.0,0.021790001
8636400.0,0.004690000000000001
8640000.0,0.005900000000000001
8643600.0,0.0042699999999999995
8647200.0,0.00428
8650800.0,0.00408
8654400.0,0.0059299999999999995
8658000.0,0.00906
8661600.0,0.02001
8665200.0,0.036610000999999996
8668800.0,0.026920000000000003
8672400.0,0.01131
8676000.0,0.0
8679600.0,-0.00020999999999999998
8683200.0,-0.0027
8686800.0,-0.00361
8690400.0,-0.0001
8694000.0,0.0
8697600.0,0.062959999
8701200.0,0.09670999899999999
8704800.0,0.119879997
8708400.0,0.1305
8712000.0,0.125
8715600.0,0.10675
8719200.0,0.099339996
8722800.0,0.101099998
8726400.0,0.09843
8730000.0,0.09537999700000001
8733600.0,0.089089996
8737200.0,0.089129997
8740800.0,0.089110001
8744400.0,0.093510002
8748000.0,0.094699997
8751600.0,0.095489998
8755200.0,0.067260002
8758800.0,0.020190001
8762400.0,0.0
8766000.0,-0.00923
8769600.0,-0.016889999
8773200.0,-0.020530001
8776800.0,-0.01868
8780400.0,-8e-05
8784000.0,0.059470001
8787600.0,0.111309998
8791200.0,0.150059998
8794800.0,0.120889999
8798400.0,0.091
8802000.0,0.086269997
8805600.0,0.06426999700000001
8809200.0,0.06399000199999999
8812800.0,0.056
8816400.0,0.042360000999999994
8820000.0,0.0295
8823600.0,0.032060001
8827200.0,0.03448
8830800.0,0.02941
8834400.0,0.02775
8838000.0,0.01287
8841600.0,0.00843
8845200.0,0.0
8848800.0,-2e-05
8852400.0,-0.002
8856000.0,-0.0033599999999999997
8859600.0,-0.00535
8863200.0,-0.00993
8866800.0,-1e-05
8870400.0,0.017559999
8874000.0,0.090019997
8877600.0,0.10956999999999999
8881200.0,0.112739998
8884800.0,0.106959999
8888400.0,0.097650002
8892000.0,0.09
8895600.0,0.081610001
8899200.0,0.077989998
8902800.0,0.077510002
8906400.0,0.082290001
8910000.0,0.084519997
8913600.0,0.08868000000000001
8917200.0,0.11816999800000001
8920800.0,0.152029999
8924400.0,0.143699997
8928000.0,0.104699997
8931600.0,0.091019997
8935200.0,0.07707
8938800.0,0.062349998
8942400.0,0.061639999
8946000.0,0.064360001
8949600.0,0.07529000100000001
8953200.0,0.084599998
8956800.0,0.091900002
8960400.0,0.112400002
8964000.0,0.18
8967600.0,0.140610001
8971200.0,0.10283000199999999
8974800.0,0.082589996
8978400.0,0.076
8982000.0,0.07293000000000001
8985600.0,0.073199997
8989200.0,0.067379997
8992800.0,0.064290001
8996400.0,0.052549999
9000000.0,0.053009998
9003600.0,0.071650002
9007200.0,0.083470001
9010800.0,0.073279999
9014400.0,0.04516
9018000.0,0.034659999999999996
9021600.0,0.00292
9025200.0,8e-05
9028800.0,0.0
9032400.0,0.0001
9036000.0,0.0024
9039600.0,0.00299
9043200.0,0.004030000000000001
9046800.0,0.02001
9050400.0,0.038740001999999996
9054000.0,0.044790000999999996
9057600.0,0.040439999
9061200.0,0.04318
9064800.0,0.047990002
9068400.0,0.040490002
9072000.0,0.050919998
9075600.0,0.076360001
9079200.0,0.052689999
9082800.0,0.047110001
9086400.0,0.056849998
9090000.0,0.1015
9093600.0,0.124470001
9097200.0,0.10994000200000001
9100800.0,0.09481999999999999
9104400.0,0.07975
9108000.0,0.064080002
9111600.0,0.035299999
9115200.0,0.0224
9118800.0,0.024940001
9122400.0,0.05418
9126000.0,0.068
9129600.0,0.089
9133200.0,0.114870003
9136800.0,0.14619000199999999
9140400.0,0.136479996
9144000.0,0.120989998
9147600.0,0.10969000200000001
9151200.0,0.098589996
9154800.0,0.088989998
9158400.0,0.083989998
9162000.0,0.08166999800000001
9165600.0,0.08006999999999999
9169200.0,0.081279999
9172800.0,0.08743000000000001
9176400.0,0.10505999799999999
9180000.0,0.122330002
9183600.0,0.13
9187200.0,0.121
9190800.0,0.11
9194400.0,0.095029999
9198000.0,0.080839996
9201600.0,0.081040001
9205200.0,0.07775
9208800.0,0.077650002
9212400.0,0.083449997
9216000.0,0.091209999
9219600.0,0.109089996
9223200.0,0.119510002
9226800.0,0.11816999800000001
9230400.0,0.105339996
9234000.0,0.084699997
9237600.0,0.082629997
9241200.0,0.08075
9244800.0,0.07369999699999999
9248400.0,0.071510002
9252000.0,0.07163999900000001
9255600.0,0.067699997
9259200.0,0.07
9262800.0,0.070660004
9266400.0,0.078099998
9270000.0,0.080760002
9273600.0,0.079910004
9277200.0,0.07673000299999999
9280800.0,0.070199997
9284400.0,0.075029999
9288000.0,0.058
9291600.0,0.053110001
9295200.0,0.055020000000000006
9298800.0,0.065809998
9302400.0,0.083349998
9306000.0,0.099239998
9309600.0,0.11893000000000001
9313200.0,0.121589996
9316800.0,0.111760002
9320400.0,0.099550003
9324000.0,0.09
9327600.0,0.081449997
9331200.0,0.074379997
9334800.0,0.078599998
9338400.0,0.076209999
9342000.0,0.078919998
9345600.0,0.083050003
9349200.0,0.08436000099999999
9352800.0,0.088919998
9356400.0,0.083889999
9360000.0,0.07643000000000001
9363600.0,0.02999
9367200.0,0.00454
9370800.0,0.0
9374400.0,-0.00083
9378000.0,-0.00037
9381600.0,-0.00086
9385200.0,0.0002
9388800.0,0.064010002
9392400.0,0.102769997
9396000.0,0.108010002
9399600.0,0.12668000000000001
9403200.0,0.119900002
9406800.0,0.103900002
9410400.0,0.094410004
9414000.0,0.098
9417600.0,0.094900002
9421200.0,0.098980003
9424800.0,0.097410004
9428400.0,0.098830002
9432000.0,0.108639999
9435600.0,0.109379997
9439200.0,0.09431999999999999
9442800.0,0.068599998
9446400.0,0.018629999
9450000.0,0.0
9453600.0,-8e-05
9457200.0,-0.0007199999999999999
9460800.0,-1e-05
9464400.0,0.0
9468000.0,-0.0007700000000000001
9471600.0,0.0
9475200.0,0.07241999800000001
9478800.0,0.10680999799999999
9482400.0,0.119940002
9486000.0,0.144949997
9489600.0,0.13755999800000002
9493200.0,0.12182
9496800.0,0.11068
9500400.0,0.108580002
9504000.0,0.097589996
9507600.0,0.096470001
9511200.0,0.096839996
9514800.0,0.097980003
9518400.0,0.098540001
9522000.0,0.09706999999999999
9525600.0,0.09130999799999999
9529200.0,0.0885
9532800.0,0.087989998
9536400.0,0.065239998
9540000.0,0.033880001
9543600.0,0.017190001
9547200.0,0.00891
9550800.0,0.00844
9554400.0,0.010289999999999999
9558000.0,0.050049999
9561600.0,0.088769997
9565200.0,0.101949997
9568800.0,0.12194999699999999
9572400.0,0.139139999
9576000.0,0.13210000600000002
9579600.0,0.122769997
9583200.0,0.10654000100000001
9586800.0,0.09620999899999999
9590400.0,0.088800003
9594000.0,0.087400002
9597600.0,0.085010002
9601200.0,0.08458000199999999
9604800.0,0.097389999
9608400.0,0.120760002
9612000.0,0.151539993
9615600.0,0.147
9619200.0,0.11187999700000001
9622800.0,0.095199997
9626400.0,0.089970001
9630000.0,0.079919998
9633600.0,0.067660004
9637200.0,0.07147000099999999
9640800.0,0.078449997
9644400.0,0.08306999999999999
9648000.0,0.100040001
9651600.0,0.122379997
9655200.0,0.190410004
9658800.0,0.26320001200000004
9662400.0,0.157279999
9666000.0,0.121
9669600.0,0.107489998
9673200.0,0.106720001
9676800.0,0.099400002
9680400.0,0.096839996
9684000.0,0.096699997
9687600.0,0.09968
9691200.0,0.10823000299999999
9694800.0,0.13708999600000002
9698400.0,0.152
9702000.0,0.128839996
9705600.0,0.1
9709200.0,0.092
9712800.0,0.094389999
9716400.0,0.081040001
9720000.0,0.080290001
9723600.0,0.088
9727200.0,0.092349998
9730800.0,0.099050003
9734400.0,0.108279999
9738000.0,0.128899994
9741600.0,0.155970001
9745200.0,0.148669998
9748800.0,0.126110001
9752400.0,0.10819999699999999
9756000.0,0.097150002
9759600.0,0.094169998
9763200.0,0.088300003
9766800.0,0.086699997
9770400.0,0.085650002
9774000.0,0.084349998
9777600.0,0.09093000000000001
9781200.0,0.110339996
9784800.0,0.118510002
9788400.0,0.117650002
9792000.0,0.108910004
9795600.0,0.09666999800000001
9799200.0,0.093550003
9802800.0,0.081559998
9806400.0,0.078949997
9810000.0,0.078040001
9813600.0,0.078720001
9817200.0,0.083370003
9820800.0,0.095360001
9824400.0,0.101019997
9828000.0,0.114639999
9831600.0,0.121610001
9835200.0,0.114480003
9838800.0,0.106529999
9842400.0,0.093099998
9846000.0,0.091029999
9849600.0,0.08291999800000001
9853200.0,0.082230003
9856800.0,0.083400002
9860400.0,0.084949997
9864000.0,0.094639999
9867600.0,0.104410004
9871200.0,0.113389999
9874800.0,0.111
9878400.0,0.099410004
9882000.0,0.08816999800000001
9885600.0,0.07544999699999999
9889200.0,0.066610001
9892800.0,0.048029999
9896400.0,0.040990002
9900000.0,0.059470001
9903600.0,0.07304000100000001
9907200.0,0.08419000200000001
9910800.0,0.09943
9914400.0,0.115989998
9918000.0,0.123779999
9921600.0,0.109629997
9925200.0,0.100370003
9928800.0,0.092089996
9932400.0,0.1
9936000.0,0.09219000200000001
9939600.0,0.091019997
9943200.0,0.089660004
9946800.0,0.089010002
9950400.0,0.090860001
9954000.0,0.093010002
9957600.0,0.08633000199999999
9961200.0,0.072190002
9964800.0,0.034450001
9968400.0,0.0025499999999999997
9972000.0,-1e-05
9975600.0,-0.00282
9979200.0,-0.0024100000000000002
9982800.0,-0.0034
9986400.0,-0.00216
9990000.0,-2e-05
9993600.0,0.030989999999999997
9997200.0,0.079
10000800.0,0.099809998
10004400.0,0.107400002
10008000.0,0.09684999799999999
10011600.0,0.085260002
10015200.0,0.07230999799999999
10018800.0,0.06770999899999999
10022400.0,0.06291
10026000.0,0.057959999000000005
10029600.0,0.059119999
10033200.0,0.061939999
10036800.0,0.069050003
10040400.0,0.06913999900000001
10044000.0,0.063720001
10047600.0,0.034950001
10051200.0,4e-05
10054800.0,-0.003
10058400.0,-0.0053
10062000.0,-0.01192
10065600.0,-0.01777
10069200.0,-0.0201
10072800.0,-0.022959999
10076400.0,-0.00517
10080000.0,0.01835
10083600.0,0.09029000100000001
10087200.0,0.110830002
10090800.0,0.12423000299999999
10094400.0,0.109239998
10098000.0,0.099
10101600.0,0.09355999799999999
10105200.0,0.092239998
10108800.0,0.086489998
10112400.0,0.083099998
10116000.0,0.085410004
10119600.0,0.091190002
10123200.0,0.099489998
10126800.0,0.14
10130400.0,0.13108999600000001
10134000.0,0.09684999799999999
10137600.0,0.067370003
10141200.0,0.010029999999999999
10144800.0,-1e-05
10148400.0,-0.004019999999999999
10152000.0,-0.005900000000000001
10155600.0,-0.00618
10159200.0,-0.0015400000000000001
10162800.0,0.0020099999999999996
10166400.0,0.06866999800000001
10170000.0,0.10191999800000001
10173600.0,0.14989999399999998
10177200.0,0.194809998
10180800.0,0.128830002
10184400.0,0.106239998
10188000.0,0.09616000400000001
10191600.0,0.089470001
10195200.0,0.08508000199999999
10198800.0,0.080309998
10202400.0,0.077639999
10206000.0,0.076769997
10209600.0,0.08518
10213200.0,0.106900002
10216800.0,0.11312999700000001
10220400.0,0.099980003
10224000.0,0.078
10227600.0,0.00931
10231200.0,0.0
10234800.0,-0.00076
10238400.0,-0.0019
10242000.0,-0.0016699999999999998
10245600.0,-1e-05
10249200.0,0.01482
10252800.0,0.077599998
10256400.0,0.102
10260000.0,0.139830002
10263600.0,0.17475
10267200.0,0.129110001
10270800.0,0.108830002
10274400.0,0.09781999999999999
10278000.0,0.095
10281600.0,0.09
10285200.0,0.087589996
10288800.0,0.08825
10292400.0,0.091400002
10296000.0,0.095830002
10299600.0,0.115269997
10303200.0,0.120300003
10306800.0,0.099900002
10310400.0,0.07669999699999999
10314000.0,0.00708
10317600.0,0.0
10321200.0,-0.001
10324800.0,-0.0027
10328400.0,-0.003
10332000.0,-2e-05
10335600.0,0.01991
10339200.0,0.078389999
10342800.0,0.101800003
10346400.0,0.130369995
10350000.0,0.176429993
10353600.0,0.128
10357200.0,0.108330002
10360800.0,0.09868
10364400.0,0.097510002
10368000.0,0.091779999
10371600.0,0.090459999
10375200.0,0.090629997
10378800.0,0.0905
10382400.0,0.084160004
10386000.0,0.08394000200000001
10389600.0,0.078040001
10393200.0,0.062099998
10396800.0,0.0
10400400.0,-0.0008
10404000.0,-0.00419
10407600.0,-0.0044800000000000005
10411200.0,-0.00509
10414800.0,-0.01024
10418400.0,-0.022780000999999998
10422000.0,-0.00517
10425600.0,0.04077
10429200.0,0.096139999
10432800.0,0.129869995
10436400.0,0.16438000500000002
10440000.0,0.12244999699999999
10443600.0,0.100730003
10447200.0,0.087099998
10450800.0,0.089919998
10454400.0,0.07712000299999999
10458000.0,0.066900002
10461600.0,0.06391
10465200.0,0.066
10468800.0,0.074010002
10472400.0,0.08683000199999999
10476000.0,0.088550003
10479600.0,0.084900002
10483200.0,0.055
10486800.0,0.00085
10490400.0,-1e-05
10494000.0,-0.0008
10497600.0,-0.003
10501200.0,-0.004
10504800.0,-8e-05
10508400.0,0.0003
10512000.0,0.055639999
10515600.0,0.077949997
10519200.0,0.105150002
10522800.0,0.11627999900000001
10526400.0,0.117730003
10530000.0,0.103260002
10533600.0,0.092800003
10537200.0,0.093739998
10540800.0,0.089
10544400.0,0.08872000099999999
10548000.0,0.092
10551600.0,0.09123000299999999
10555200.0,0.091839996
10558800.0,0.092860001
10562400.0,0.087730003
10566000.0,0.079900002
10569600.0,0.013529999999999999
10573200.0,1e-05
10576800.0,-1e-05
10580400.0,-0.00116
10584000.0,-0.00304
10587600.0,-0.00269
10591200.0,-2.9999999999999997e-05
10594800.0,5.9999999999999995e-05
10598400.0,0.028870001
10602000.0,0.060099998
10605600.0,0.07668000000000001
10609200.0,0.08383000199999999
10612800.0,0.07519999699999999
10616400.0,0.066889999
10620000.0,0.063439999
10623600.0,0.059950001
10627200.0,0.044900002
10630800.0,0.031469999
10634400.0,0.020389999
10638000.0,0.02002
10641600.0,0.01558
10645200.0,0.013619999999999998
10648800.0,0.00783
10652400.0,0.0029300000000000003
10656000.0,0.0
10659600.0,-1e-05
10663200.0,-1e-05
10666800.0,-2e-05
10670400.0,-0.002
10674000.0,-0.00501
10677600.0,-0.00159
10681200.0,-1e-05
10684800.0,0.01007
10688400.0,0.080080002
10692000.0,0.095949997
10695600.0,0.109
10699200.0,0.11237999700000001
10702800.0,0.101790001
10706400.0,0.087349998
10710000.0,0.07518000000000001
10713600.0,0.070510002
10717200.0,0.07225
10720800.0,0.07515000200000001
10724400.0,0.07498000299999999
10728000.0,0.089489998
10731600.0,0.110919998
10735200.0,0.12257
10738800.0,0.106690002
10742400.0,0.09082
10746000.0,0.08
10749600.0,0.061650002
10753200.0,0.053830002
10756800.0,0.049659999999999996
10760400.0,0.059299999
10764000.0,0.06866999800000001
10767600.0,0.059959999
10771200.0,0.083519997
10774800.0,0.084400002
10778400.0,0.106989998
10782000.0,0.101400002
10785600.0,0.103800003
10789200.0,0.099120003
10792800.0,0.080989998
10796400.0,0.08245999899999999
10800000.0,0.081410004
10803600.0,0.0805
10807200.0,0.079779999
10810800.0,0.08219000200000001
10814400.0,0.091660004
10818000.0,0.10662000299999999
10821600.0,0.121860001
10825200.0,0.10837000299999999
10828800.0,0.083080002
10832400.0,0.072269997
10836000.0,0.059889999000000006
10839600.0,0.042810001
10843200.0,0.038169998
10846800.0,0.045439999
10850400.0,0.065
10854000.0,0.073730003
10857600.0,0.089989998
10861200.0,0.106889999
10864800.0,0.13408999600000002
10868400.0,0.161179993
10872000.0,0.136600006
10875600.0,0.118279999
10879200.0,0.101269997
10882800.0,0.092669998
10886400.0,0.087050003
10890000.0,0.085629997
10893600.0,0.088599998
10897200.0,0.095160004
10900800.0,0.10857
10904400.0,0.131679993
10908000.0,0.143949997
10911600.0,0.125
10915200.0,0.09643
10918800.0,0.082410004
10922400.0,0.073300003
10926000.0,0.06443
10929600.0,0.063919998
10933200.0,0.068040001
10936800.0,0.075
10940400.0,0.08180000300000001
10944000.0,0.095849998
10947600.0,0.108489998
10951200.0,0.128929993
10954800.0,0.147149994
10958400.0,0.12518
10962000.0,0.108489998
10965600.0,0.096589996
10969200.0,0.095860001
10972800.0,0.091660004
10976400.0,0.09151000200000001
10980000.0,0.09318000000000001
10983600.0,0.096089996
10987200.0,0.10925
10990800.0,0.12426999700000001
10994400.0,0.138729996
10998000.0,0.124110001
11001600.0,0.101129997
11005200.0,0.08780999799999999
11008800.0,0.07533999599999999
11012400.0,0.06425
11016000.0,0.06375
11019600.0,0.070050003
11023200.0,0.07876999700000001
11026800.0,0.085300003
11030400.0,0.091629997
11034000.0,0.109089996
11037600.0,0.134960007
11041200.0,0.18508000200000002
11044800.0,0.143179993
11048400.0,0.114769997
11052000.0,0.10648000299999999
11055600.0,0.102269997
11059200.0,0.09655000300000001
11062800.0,0.093760002
11066400.0,0.095089996
11070000.0,0.099
11073600.0,0.10906999999999999
11077200.0,0.141
11080800.0,0.136029999
11084400.0,0.10061000099999999
11088000.0,0.082
11091600.0,0.051599998
11095200.0,0.0001
11098800.0,-1e-05
11102400.0,-2e-05
11106000.0,-1e-05
11109600.0,8.999999999999999e-05
11113200.0,0.05266
11116800.0,0.07905999799999999
11120400.0,0.098809998
11124000.0,0.118199997
11127600.0,0.149130005
11131200.0,0.13035000600000002
11134800.0,0.10732
11138400.0,0.09831999999999999
11142000.0,0.105220001
11145600.0,0.102910004
11149200.0,0.09877999900000001
11152800.0,0.096279999
11156400.0,0.100900002
11160000.0,0.100470001
11163600.0,0.097730003
11167200.0,0.093910004
11170800.0,0.073720001
11174400.0,0.009550000000000001
11178000.0,0.00831
11181600.0,0.00484
11185200.0,0.0021000000000000003
11188800.0,0.0018700000000000001
11192400.0,-1e-05
11196000.0,-0.00174
11199600.0,-0.0027
11203200.0,0.023989999999999997
11206800.0,0.09526999700000001
11210400.0,0.124040001
11214000.0,0.16319999699999999
11217600.0,0.129490005
11221200.0,0.107720001
11224800.0,0.094489998
11228400.0,0.09780000300000001
11232000.0,0.095099998
11235600.0,0.094510002
11239200.0,0.095419998
11242800.0,0.095389999
11246400.0,0.095449997
11250000.0,0.08761000099999999
11253600.0,0.065760002
11257200.0,0.00497
11260800.0,0.007809999999999999
11264400.0,0.00392
11268000.0,0.00206
11271600.0,0.00171
11275200.0,-1e-05
11278800.0,-0.00027
11282400.0,-0.00101
11286000.0,-0.00013000000000000002
11289600.0,0.00058
11293200.0,0.085959999
11296800.0,0.11711000099999999
11300400.0,0.124860001
11304000.0,0.109550003
11307600.0,0.098449997
11311200.0,0.08468
11314800.0,0.086
11318400.0,0.081279999
11322000.0,0.080949997
11325600.0,0.081480003
11329200.0,0.084650002
11332800.0,0.09770999899999999
11336400.0,0.137050003
11340000.0,0.141149994
11343600.0,0.108489998
11347200.0,0.069739998
11350800.0,0.01537
11354400.0,0.011349999999999999
11358000.0,0.00209
11361600.0,0.00417
11365200.0,0.0020800000000000003
11368800.0,0.00696
11372400.0,0.0077800000000000005
11376000.0,0.07258000199999999
11379600.0,0.10712000299999999
11383200.0,0.14141000399999998
11386800.0,0.172699997
11390400.0,0.11725
11394000.0,0.10011000099999999
11397600.0,0.092970001
11401200.0,0.089870003
11404800.0,0.088550003
11408400.0,0.089199997
11412000.0,0.09394000200000001
11415600.0,0.09670999899999999
11419200.0,0.104
11422800.0,0.136770004
11426400.0,0.128330002
11430000.0,0.10041999800000001
11433600.0,0.079360001
11437200.0,0.01609
11440800.0,-0.00075
11444400.0,-0.00256
11448000.0,-0.00174
11451600.0,-0.0032
11455200.0,-0.00364
11458800.0,0.00054
11462400.0,0.07394999699999999
11466000.0,0.099709999
11469600.0,0.13591000399999997
11473200.0,0.212919998
11476800.0,0.14836999499999998
11480400.0,0.111970001
11484000.0,0.099209999
11487600.0,0.09706999999999999
11491200.0,0.089860001
11494800.0,0.087779999
11498400.0,0.089089996
11502000.0,0.098510002
11505600.0,0.10391999800000001
11509200.0,0.128580002
11512800.0,0.1225
11516400.0,0.099559998
11520000.0,0.070910004
11523600.0,0.0002
11527200.0,-0.0016799999999999999
11530800.0,-0.00509
11534400.0,-0.00501
11538000.0,-0.00531
11541600.0,-0.0033599999999999997
11545200.0,-0.00134
11548800.0,0.030940000999999998
11552400.0,0.091599998
11556000.0,0.114
11559600.0,0.158449997
11563200.0,0.13258999600000002
11566800.0,0.109080002
11570400.0,0.09530000300000001
11574000.0,0.097019997
11577600.0,0.088
11581200.0,0.082239998
11584800.0,0.08166999800000001
11588400.0,0.085010002
11592000.0,0.094830002
11595600.0,0.119900002
11599200.0,0.114620003
11602800.0,0.089
11606400.0,0.06988999900000001
11610000.0,0.00458
11613600.0,-8e-05
11617200.0,-0.00491
11620800.0,-0.00671
11624400.0,-0.0053
11628000.0,-0.00509
11631600.0,-0.0006
11635200.0,0.00383
11638800.0,0.068910004
11642400.0,0.099269997
11646000.0,0.130740005
11649600.0,0.125129997
11653200.0,0.110489998
11656800.0,0.101
11660400.0,0.0945
11664000.0,0.08847000099999999
11667600.0,0.084910004
11671200.0,0.085
11674800.0,0.088760002
11678400.0,0.098260002
11682000.0,0.11318
11685600.0,0.117599998
11689200.0,0.106660004
11692800.0,0.078989998
11696400.0,0.01111
11700000.0,-1e-05
11703600.0,-0.00254
11707200.0,-0.00172
11710800.0,-0.00155
11714400.0,-1e-05
11718000.0,0.00298
11721600.0,0.054270000000000006
11725200.0,0.088510002
11728800.0,0.11176999700000001
11732400.0,0.154910004
11736000.0,0.143229996
11739600.0,0.11608000199999999
11743200.0,0.10208000199999999
11746800.0,0.0925
11750400.0,0.09348000299999999
11754000.0,0.08893000000000001
11757600.0,0.088900002
11761200.0,0.089889999
11764800.0,0.090010002
11768400.0,0.09155999799999999
11772000.0,0.089849998
11775600.0,0.059110000999999995
11779200.0,0.00086
11782800.0,-5.9999999999999995e-05
11786400.0,-0.00391
11790000.0,-0.0035499999999999998
11793600.0,-0.00313
11797200.0,-0.00526
11800800.0,-0.00509
11804400.0,-0.0008
11808000.0,0.00501
11811600.0,0.073989998
11815200.0,0.099639999
11818800.0,0.121379997
11822400.0,0.130210007
11826000.0,0.129899994
11829600.0,0.111599998
11833200.0,0.10673000299999999
11836800.0,0.101489998
11840400.0,0.09856999999999999
11844000.0,0.097400002
11847600.0,0.098410004
11851200.0,0.097980003
11854800.0,0.091300003
11858400.0,0.087160004
11862000.0,0.067860001
11865600.0,0.0101
11869200.0,0.0
11872800.0,-0.0002
11876400.0,-0.002
11880000.0,-0.00709
11883600.0,-0.012039999999999999
11887200.0,-0.00677
11890800.0,-0.0002
11894400.0,0.00967
11898000.0,0.085650002
11901600.0,0.108400002
11905200.0,0.125169998
11908800.0,0.130470001
11912400.0,0.118410004
11916000.0,0.103620003
11919600.0,0.110480003
11923200.0,0.09902999900000001
11926800.0,0.093370003
11930400.0,0.090099998
11934000.0,0.09075
11937600.0,0.102400002
11941200.0,0.128
11944800.0,0.137220001
11948400.0,0.113410004
11952000.0,0.093660004
11955600.0,0.069589996
11959200.0,0.028559999000000003
11962800.0,0.01277
11966400.0,0.005
11970000.0,0.008
11973600.0,0.028149999999999998
11977200.0,0.07293000000000001
11980800.0,0.089669998
11984400.0,0.106160004
11988000.0,0.138449997
11991600.0,0.196179993
11995200.0,0.15486000100000002
11998800.0,0.124790001
12002400.0,0.111849998
12006000.0,0.109029999
12009600.0,0.102120003
12013200.0,0.097410004
12016800.0,0.09709999799999999
12020400.0,0.096620003
12024000.0,0.107900002
12027600.0,0.139270004
12031200.0,0.126
12034800.0,0.1
12038400.0,0.085199997
12042000.0,0.057060001
12045600.0,0.01595
12049200.0,0.00017
12052800.0,1e-05
12056400.0,8.999999999999999e-05
12060000.0,0.00709
12063600.0,0.048360001
12067200.0,0.074959999
12070800.0,0.101190002
12074400.0,0.128479996
12078000.0,0.171830002
12081600.0,0.137050003
12085200.0,0.111760002
12088800.0,0.08475
12092400.0,0.084760002
12096000.0,0.07518000000000001
12099600.0,0.064339996
12103200.0,0.040549998999999996
12106800.0,0.03716
12110400.0,0.054209999
12114000.0,0.058700001
12117600.0,0.054259998000000004
12121200.0,0.034790000999999994
12124800.0,0.036110000999999996
12128400.0,0.042220001
12132000.0,0.00015
12135600.0,0.0015
12139200.0,-1e-05
12142800.0,0.00014000000000000001
12146400.0,0.0
12150000.0,0.00206
12153600.0,0.049080002
12157200.0,0.050320000000000004
12160800.0,0.040009998000000005
12164400.0,0.042150002
12168000.0,0.040009998000000005
12171600.0,0.034
12175200.0,0.030690000999999998
12178800.0,0.005
12182400.0,0.00504
12186000.0,0.00738
12189600.0,0.0075
12193200.0,0.005019999999999999
12196800.0,0.01001
12200400.0,0.014240000000000001
12204000.0,0.019989999999999997
12207600.0,0.031
12211200.0,0.01264
12214800.0,0.00166
12218400.0,1e-05
12222000.0,-1e-05
12225600.0,-1e-05
12229200.0,-1e-05
12232800.0,-2e-05
12236400.0,-0.0003
12240000.0,-1e-05
12243600.0,0.05
12247200.0,0.082989998
12250800.0,0.105
12254400.0,0.12725
12258000.0,0.117480003
12261600.0,0.103230003
12265200.0,0.093129997
12268800.0,0.093160004
12272400.0,0.087120003
12276000.0,0.08652999900000001
12279600.0,0.086510002
12283200.0,0.095889999
12286800.0,0.128490005
12290400.0,0.132800003
12294000.0,0.11466999800000001
12297600.0,0.085900002
12301200.0,0.07
12304800.0,0.054049999
12308400.0,0.013439999999999999
12312000.0,0.00281
12315600.0,0.00313
12319200.0,0.00413
12322800.0,0.02533
12326400.0,0.071910004
12330000.0,0.072370003
12333600.0,0.086559998
12337200.0,0.1
12340800.0,0.11518
12344400.0,0.101949997
12348000.0,0.102870003
12351600.0,0.097599998
12355200.0,0.094760002
12358800.0,0.088739998
12362400.0,0.084220001
12366000.0,0.08293
12369600.0,0.08070999899999999
12373200.0,0.08206999999999999
12376800.0,0.076900002
12380400.0,0.062090000000000006
12384000.0,0.01226
12387600.0,-1e-05
12391200.0,-8.999999999999999e-05
12394800.0,-0.00011999999999999999
12398400.0,-0.00016
12402000.0,-5e-05
12405600.0,-2.9999999999999997e-05
12409200.0,1e-05
12412800.0,0.048669998
12416400.0,0.085339996
12420000.0,0.109080002
12423600.0,0.111
12427200.0,0.107910004
12430800.0,0.089120003
12434400.0,0.073970001
12438000.0,0.020209999
12441600.0,0.0229
12445200.0,0.01439
12448800.0,0.00838
12452400.0,0.0039
12456000.0,0.00211
12459600.0,0.00117
12463200.0,0.00121
12466800.0,2.9999999999999997e-05
12470400.0,0.0
12474000.0,-7.000000000000001e-05
12477600.0,-0.00054
12481200.0,-0.00025
12484800.0,-0.00121
12488400.0,-0.0027
12492000.0,-0.0029
12495600.0,-0.0008399999999999999
12499200.0,0.0
12502800.0,0.00547
12506400.0,0.02001
12510000.0,0.052759998
12513600.0,0.064360001
12517200.0,0.064620003
12520800.0,0.05025
12524400.0,0.045779998999999995
12528000.0,0.04402999899999999
12531600.0,0.058040000999999994
12535200.0,0.04282
12538800.0,0.037349998
12542400.0,0.076
12546000.0,0.098870003
12549600.0,0.059939999
12553200.0,0.034880001
12556800.0,0.013300000000000001
12560400.0,0.005
12564000.0,5e-05
12567600.0,-0.0004
12571200.0,-0.00145
12574800.0,-0.0011799999999999998
12578400.0,-0.00082
12582000.0,0.0
12585600.0,0.01067
12589200.0,0.03975
12592800.0,0.106050003
12596400.0,0.131910004
12600000.0,0.146759995
12603600.0,0.112
12607200.0,0.088959999
12610800.0,0.0405
12614400.0,0.0205
12618000.0,0.019399999999999997
12621600.0,0.01499
12625200.0,0.01059
12628800.0,0.00424
12632400.0,0.01609
12636000.0,0.02001
12639600.0,0.027600000000000003
12643200.0,0.02
12646800.0,0.00426
12650400.0,0.00319
12654000.0,2.9999999999999997e-05
12657600.0,2e-05
12661200.0,8.999999999999999e-05
12664800.0,0.00314
12668400.0,0.006719999999999999
12672000.0,0.043
12675600.0,0.085300003
12679200.0,0.122639999
12682800.0,0.137600006
12686400.0,0.111160004
12690000.0,0.100339996
12693600.0,0.082410004
12697200.0,0.07643000000000001
12700800.0,0.069010002
12704400.0,0.067389999
12708000.0,0.061009998
12711600.0,0.06519000200000001
12715200.0,0.072519997
12718800.0,0.092849998
12722400.0,0.100089996
12726000.0,0.095
12729600.0,0.09
12733200.0,0.07648000299999999
12736800.0,0.071459999
12740400.0,0.06566999800000001
12744000.0,0.058029999
12747600.0,0.053209999
12751200.0,0.042099998
12754800.0,0.06727999900000001
12758400.0,0.083699997
12762000.0,0.094989998
12765600.0,0.11
12769200.0,0.134830002
12772800.0,0.133160004
12776400.0,0.124290001
12780000.0,0.10311000099999999
12783600.0,0.099129997
12787200.0,0.09480000300000001
12790800.0,0.09205999799999999
12794400.0,0.091550003
12798000.0,0.09154000100000001
12801600.0,0.091360001
12805200.0,0.089459999
12808800.0,0.086489998
12812400.0,0.082949997
12816000.0,0.062830002
12819600.0,0.01993
12823200.0,0.00204
12826800.0,0.00029
12830400.0,0.0
12834000.0,-0.0002
12837600.0,-0.00013000000000000002
12841200.0,-0.00109
12844800.0,0.023129999000000002
12848400.0,0.059619999
12852000.0,0.064599998
12855600.0,0.07011000099999999
12859200.0,0.06
12862800.0,0.049229999999999996
12866400.0,0.052959999
12870000.0,0.024299999
12873600.0,0.02234
12877200.0,0.020200001
12880800.0,0.018700001
12884400.0,0.01479
12888000.0,0.01967
12891600.0,0.036
12895200.0,0.044299999
12898800.0,0.053009998
12902400.0,0.029129999
12906000.0,0.00231
12909600.0,0.00083
12913200.0,0.0004
12916800.0,-0.00028000000000000003
12920400.0,-0.00183
12924000.0,-0.00108
12927600.0,-1e-05
12931200.0,0.00588
12934800.0,0.055669998
12938400.0,0.094870003
12942000.0,0.13091999799999998
12945600.0,0.13969000199999998
12949200.0,0.130190002
12952800.0,0.108150002
12956400.0,0.107
12960000.0,0.097699997
12963600.0,0.09480999799999999
12967200.0,0.093629997
12970800.0,0.094129997
12974400.0,0.092580002
12978000.0,0.094790001
12981600.0,0.08461000099999999
12985200.0,0.055
12988800.0,0.001
12992400.0,-2e-05
12996000.0,-0.001
12999600.0,-0.00307
13003200.0,-0.01317
13006800.0,-0.00775
13010400.0,-0.003
13014000.0,-5e-05
13017600.0,0.041400002
13021200.0,0.088849998
13024800.0,0.131410004
13028400.0,0.19235000600000002
13032000.0,0.192369995
13035600.0,0.133490005
13039200.0,0.102059998
13042800.0,0.092529999
13046400.0,0.08522000099999999
13050000.0,0.077129997
13053600.0,0.074089996
13057200.0,0.072660004
13060800.0,0.066110001
13064400.0,0.035840000000000004
13068000.0,0.013
13071600.0,0.0024
13075200.0,-1e-05
13078800.0,-0.0006
13082400.0,-0.00211
13086000.0,-0.0054800000000000005
13089600.0,-0.01087
13093200.0,-0.01609
13096800.0,-0.015609999999999999
13100400.0,-0.006
13104000.0,-0.00099
13107600.0,0.017
13111200.0,0.060099998
13114800.0,0.083099998
13118400.0,0.086699997
13122000.0,0.092
13125600.0,0.066889999
13129200.0,0.063400002
13132800.0,0.05482
13136400.0,0.051630001
13140000.0,0.055290001
13143600.0,0.058830002
13147200.0,0.078300003
13150800.0,0.0965
13154400.0,0.117900002
13158000.0,0.10236000099999999
13161600.0,0.085599998
13165200.0,0.05747000100000001
13168800.0,0.033209999000000004
13172400.0,0.02
13176000.0,0.01278
13179600.0,0.011
13183200.0,0.01975
13186800.0,0.048310001
13190400.0,0.059599998
13194000.0,0.083300003
13197600.0,0.10931999999999999
13201200.0,0.164690002
13204800.0,0.23125
13208400.0,0.14166000399999998
13212000.0,0.106360001
13215600.0,0.100730003
13219200.0,0.10163999900000001
13222800.0,0.094029999
13226400.0,0.09104000100000001
13230000.0,0.086980003
13233600.0,0.091830002
13237200.0,0.112330002
13240800.0,0.101209999
13244400.0,0.077400002
13248000.0,0.032200001
13251600.0,0.002
13255200.0,-5e-05
13258800.0,-0.00101
13262400.0,-0.003
13266000.0,-0.00432
13269600.0,-0.00133
13273200.0,0.0
13276800.0,0.00361
13280400.0,0.044200001
13284000.0,0.072489998
13287600.0,0.109010002
13291200.0,0.095199997
13294800.0,0.095809998
13298400.0,0.086300003
13302000.0,0.071269997
13305600.0,0.06277
13309200.0,0.06093
13312800.0,0.059400002
13316400.0,0.060520000000000004
13320000.0,0.059599998
13323600.0,0.09275
13327200.0,0.099089996
13330800.0,0.112400002
13334400.0,0.079080002
13338000.0,0.07068
13341600.0,0.044840000000000005
13345200.0,0.020120001
13348800.0,0.009689999999999999
13352400.0,0.018260000000000002
13356000.0,0.034610000999999994
13359600.0,0.04690999999999999
13363200.0,0.073099998
13366800.0,0.095
13370400.0,0.108
13374000.0,0.137570007
13377600.0,0.138820007
13381200.0,0.11243
13384800.0,0.094080002
13388400.0,0.09581999999999999
13392000.0,0.08597000099999999
13395600.0,0.080480003
13399200.0,0.079790001
13402800.0,0.08056999999999999
13406400.0,0.081
13410000.0,0.086660004
13413600.0,0.11056999999999999
13417200.0,0.112779999
13420800.0,0.08302999900000001
13424400.0,0.065010002
13428000.0,0.04618
13431600.0,0.02
13435200.0,0.01103
13438800.0,0.00707
13442400.0,0.019870000999999998
13446000.0,0.0575
13449600.0,0.072980003
13453200.0,0.09444000200000001
13456800.0,0.107129997
13460400.0,0.12273000299999999
13464000.0,0.10694999699999999
13467600.0,0.08502999900000001
13471200.0,0.075830002
13474800.0,0.083660004
13478400.0,0.071660004
13482000.0,0.060860001
13485600.0,0.05527
13489200.0,0.052779998999999994
13492800.0,0.063700001
13496400.0,0.067019997
13500000.0,0.07443000000000001
13503600.0,0.059610000999999996
13507200.0,0.013269999999999999
13510800.0,0.0039900000000000005
13514400.0,0.00204
13518000.0,0.0015
13521600.0,0.00031
13525200.0,-0.00023
13528800.0,-0.00133
13532400.0,-1e-05
13536000.0,0.0
13539600.0,0.046849998
13543200.0,0.082760002
13546800.0,0.11105000300000001
13550400.0,0.12928999300000002
13554000.0,0.125720001
13557600.0,0.103239998
13561200.0,0.08761000099999999
13564800.0,0.0835
13568400.0,0.07801999700000001
13572000.0,0.081889999
13575600.0,0.082269997
13579200.0,0.081989998
13582800.0,0.08547000099999999
13586400.0,0.086739998
13590000.0,0.079860001
13593600.0,0.06530000300000001
13597200.0,0.030530000999999998
13600800.0,0.009439999999999999
13604400.0,0.0011899999999999999
13608000.0,-1e-05
13611600.0,-2e-05
13615200.0,-2e-05
13618800.0,-0.00046
13622400.0,0.02691
13626000.0,0.070099998
13629600.0,0.085010002
13633200.0,0.109900002
13636800.0,0.110260002
13640400.0,0.098010002
13644000.0,0.080089996
13647600.0,0.093839996
13651200.0,0.083
13654800.0,0.076860001
13658400.0,0.069739998
13662000.0,0.067019997
13665600.0,0.055659999999999994
13669200.0,0.039020000000000006
13672800.0,0.0037099999999999998
13676400.0,0.0
13680000.0,-0.0005
13683600.0,-2.9999999999999997e-05
13687200.0,-0.0005200000000000001
13690800.0,0.00031
13694400.0,0.001
13698000.0,0.0009699999999999999
13701600.0,0.0011899999999999999
13705200.0,0.0016699999999999998
13708800.0,0.00107
13712400.0,0.00035
13716000.0,0.039650002000000004
13719600.0,0.060880001
13723200.0,0.069550003
13726800.0,0.06506999999999999
13730400.0,0.051130001
13734000.0,0.0048
13737600.0,0.00415
13741200.0,0.00419
13744800.0,0.0042699999999999995
13748400.0,0.01342
13752000.0,0.032200001
13755600.0,0.044970001
13759200.0,0.040040001
13762800.0,0.00297
13766400.0,0.0
13770000.0,-0.00014000000000000001
13773600.0,-0.0008
13777200.0,-0.00031
13780800.0,-0.00387
13784400.0,-0.00509
13788000.0,-0.00401
13791600.0,-0.001
13795200.0,8.999999999999999e-05
13798800.0,0.069540001
13802400.0,0.112989998
13806000.0,0.141399994
13809600.0,0.148419998
13813200.0,0.126519997
13816800.0,0.101190002
13820400.0,0.086650002
13824000.0,0.07806999999999999
13827600.0,0.069660004
13831200.0,0.059950001
13834800.0,0.05416
13838400.0,0.06218
13842000.0,0.07462000299999999
13845600.0,0.082790001
13849200.0,0.08316999800000001
13852800.0,0.069
13856400.0,0.022709999
13860000.0,0.02425
13863600.0,0.01776
13867200.0,0.01584
13870800.0,0.024620001
13874400.0,0.031299999
13878000.0,0.046889999
13881600.0,0.058049999
13885200.0,0.070440002
13888800.0,0.082080002
13892400.0,0.083970001
13896000.0,0.091279999
13899600.0,0.09794000200000001
13903200.0,0.085309998
13906800.0,0.07043
13910400.0,0.069400002
13914000.0,0.068690002
13917600.0,0.06925
13921200.0,0.071519997
13924800.0,0.081239998
13928400.0,0.101260002
13932000.0,0.107800003
13935600.0,0.085089996
13939200.0,0.066699997
13942800.0,0.02298
13946400.0,0.0013
13950000.0,-0.00013000000000000002
13953600.0,-8e-05
13957200.0,-0.0019299999999999999
13960800.0,-0.0014199999999999998
13964400.0,-1e-05
13968000.0,0.066470001
13971600.0,0.089339996
13975200.0,0.13032000700000002
13978800.0,0.208380005
13982400.0,0.18
13986000.0,0.119339996
13989600.0,0.09406999999999999
13993200.0,0.092910004
13996800.0,0.087699997
14000400.0,0.082220001
14004000.0,0.084849998
14007600.0,0.08905999799999999
14011200.0,0.092
14014800.0,0.114849998
14018400.0,0.104300003
14022000.0,0.078860001
14025600.0,0.036090000000000004
14029200.0,0.0
14032800.0,0.0004
14036400.0,0.0
14040000.0,0.00076
14043600.0,0.00115
14047200.0,0.0020099999999999996
14050800.0,-0.00265
14054400.0,0.0149
14058000.0,0.07995999899999999
14061600.0,0.112389999
14065200.0,0.132
14068800.0,0.111
14072400.0,0.105
14076000.0,0.086900002
14079600.0,0.060049999
14083200.0,0.05525
14086800.0,0.058610000999999995
14090400.0,0.061790001
14094000.0,0.06293
14097600.0,0.070709999
14101200.0,0.08368
14104800.0,0.08641999800000001
14108400.0,0.076330002
14112000.0,0.040029999
14115600.0,0.0040999999999999995
14119200.0,0.00069
14122800.0,-8e-05
14126400.0,-0.00028000000000000003
14130000.0,-0.00047
14133600.0,-5.9999999999999995e-05
14137200.0,-1e-05
14140800.0,0.035900002
14144400.0,0.07757
14148000.0,0.1
14151600.0,0.109199997
14155200.0,0.093290001
14158800.0,0.07876999700000001
14162400.0,0.070410004
14166000.0,0.073989998
14169600.0,0.071199997
14173200.0,0.066150002
14176800.0,0.066879997
14180400.0,0.068059998
14184000.0,0.06451999700000001
14187600.0,0.05468
14191200.0,0.020299999
14194800.0,0.00774
14198400.0,0.0
14202000.0,-0.0008100000000000001
14205600.0,-0.0050999999999999995
14209200.0,-0.01456
14212800.0,-0.0195
14216400.0,-0.0214
14220000.0,-0.0067
14223600.0,-0.00037
14227200.0,0.00886
14230800.0,0.072389999
14234400.0,0.105
14238000.0,0.119
14241600.0,0.117309998
14245200.0,0.120099998
14248800.0,0.109
14252400.0,0.09193000000000001
14256000.0,0.088870003
14259600.0,0.087230003
14263200.0,0.090940002
14266800.0,0.091989998
14270400.0,0.092150002
14274000.0,0.084989998
14277600.0,0.06620999899999999
14281200.0,0.053860001
14284800.0,0.00555
14288400.0,0.0
14292000.0,-2e-05
14295600.0,-0.00122
14299200.0,-0.00561
14302800.0,-0.00328
14306400.0,-0.00108
14310000.0,-1e-05
14313600.0,0.054790001
14317200.0,0.09643
14320800.0,0.109
14324400.0,0.114589996
14328000.0,0.135429993
14331600.0,0.127629997
14335200.0,0.10654000100000001
14338800.0,0.105720001
14342400.0,0.091639999
14346000.0,0.086940002
14349600.0,0.084
14353200.0,0.08320999899999999
14356800.0,0.088389999
14360400.0,0.103019997
14364000.0,0.123489998
14367600.0,0.108919998
14371200.0,0.084489998
14374800.0,0.060279998999999994
14378400.0,0.01402
14382000.0,0.0016200000000000001
14385600.0,7.000000000000001e-05
14389200.0,0.0
14392800.0,0.0
14396400.0,0.013609999999999999
14400000.0,0.06908000199999999
14403600.0,0.085
14407200.0,0.116
14410800.0,0.11886000099999999
14414400.0,0.126879997
14418000.0,0.104110001
14421600.0,0.091349998
14425200.0,0.103980003
14428800.0,0.091839996
14432400.0,0.08241999800000001
14436000.0,0.078389999
14439600.0,0.08051999700000001
14443200.0,0.083019997
14446800.0,0.117
14450400.0,0.107010002
14454000.0,0.098589996
14457600.0,0.070739998
14461200.0,0.00434
14464800.0,-0.00035999999999999997
14468400.0,-0.00054
14472000.0,-0.0023599999999999997
14475600.0,-0.0025099999999999996
14479200.0,-0.00256
14482800.0,0.00865
14486400.0,0.079230003
14490000.0,0.10336000099999999
14493600.0,0.124010002
14497200.0,0.154330002
14500800.0,0.147039993
14504400.0,0.138190002
14508000.0,0.11636000099999999
14511600.0,0.113
14515200.0,0.106800003
14518800.0,0.1015
14522400.0,0.095839996
14526000.0,0.097010002
14529600.0,0.094120003
14533200.0,0.11234999799999999
14536800.0,0.114900002
14540400.0,0.111389999
14544000.0,0.078970001
14547600.0,0.02177
14551200.0,0.00117
14554800.0,-0.00011999999999999999
14558400.0,-0.00027
14562000.0,-0.00020999999999999998
14565600.0,-0.0003
14569200.0,0.00099
14572800.0,0.05216
14576400.0,0.068900002
14580000.0,0.088959999
14583600.0,0.120400002
14587200.0,0.11568
14590800.0,0.109550003
14594400.0,0.087559998
14598000.0,0.111790001
14601600.0,0.095169998
14605200.0,0.10016999800000001
14608800.0,0.087290001
14612400.0,0.070230003
14616000.0,0.074349998
14619600.0,0.078989998
14623200.0,0.072510002
14626800.0,0.05
14630400.0,0.00086
14634000.0,-0.00133
14637600.0,-0.00827
14641200.0,-0.00536
14644800.0,-0.00497
14648400.0,-0.00509
14652000.0,-0.006
14655600.0,-0.00495
14659200.0,0.0023
14662800.0,0.080330002
14666400.0,0.11847000099999999
14670000.0,0.138850006
14673600.0,0.141800003
14677200.0,0.129660004
14680800.0,0.108889999
14684400.0,0.109010002
14688000.0,0.10457
14691600.0,0.100559998
14695200.0,0.104
14698800.0,0.099480003
14702400.0,0.109040001
14706000.0,0.120900002
14709600.0,0.118660004
14713200.0,0.110980003
14716800.0,0.08169000200000001
14720400.0,0.01583
14724000.0,0.004030000000000001
14727600.0,0.0005200000000000001
14731200.0,-0.0002
14734800.0,-8e-05
14738400.0,0.00091
14742000.0,0.02899
14745600.0,0.087349998
14749200.0,0.111010002
14752800.0,0.135619995
14756400.0,0.197270004
14760000.0,0.178630005
14763600.0,0.137050003
14767200.0,0.121379997
14770800.0,0.118519997
14774400.0,0.110480003
14778000.0,0.108150002
14781600.0,0.106760002
14785200.0,0.109099998
14788800.0,0.104449997
14792400.0,0.100709999
14796000.0,0.090739998
14799600.0,0.07593000000000001
14803200.0,0.023399999999999997
14806800.0,0.00019
14810400.0,-0.0020099999999999996
14814000.0,-0.0124
14817600.0,-0.026059999
14821200.0,-0.026309999
14824800.0,-0.00442
14828400.0,8.999999999999999e-05
14832000.0,0.059990001999999994
14835600.0,0.100949997
14839200.0,0.127900002
14842800.0,0.156740005
14846400.0,0.165300003
14850000.0,0.14077999900000002
14853600.0,0.119199997
14857200.0,0.108150002
14860800.0,0.10107
14864400.0,0.09745999899999999
14868000.0,0.09212000299999999
14871600.0,0.087910004
14875200.0,0.080080002
14878800.0,0.067559998
14882400.0,0.026440000999999998
14886000.0,0.0
14889600.0,-8.999999999999999e-05
14893200.0,-0.00856
14896800.0,-0.01504
14900400.0,-0.006
14904000.0,-0.00605
14907600.0,-0.00973
14911200.0,-0.0067800000000000004
14914800.0,-0.00756
14918400.0,-1e-05
14922000.0,0.054290001
14925600.0,0.091239998
14929200.0,0.10857
14932800.0,0.125339996
14936400.0,0.12425
14940000.0,0.101629997
14943600.0,0.0535
14947200.0,0.047099998
14950800.0,0.037349998
14954400.0,0.037959999
14958000.0,0.043580002
14961600.0,0.04395999900000001
14965200.0,0.062689999
14968800.0,0.04959
14972400.0,0.060400002
14976000.0,0.018639999
14979600.0,-1e-05
14983200.0,-0.00367
14986800.0,-0.00115
14990400.0,-0.00429
14994000.0,-0.0034100000000000003
14997600.0,-0.00429
15001200.0,-0.0020099999999999996
15004800.0,-0.0049900000000000005
15008400.0,-0.00101
15012000.0,0.02
15015600.0,0.01991
15019200.0,0.042490002
15022800.0,0.048860001
15026400.0,0.046389999
15030000.0,0.00311
15033600.0,0.00426
15037200.0,0.00422
15040800.0,0.00424
15044400.0,0.006690000000000001
15048000.0,0.00447
15051600.0,0.00591
15055200.0,0.040130001
15058800.0,0.040479999999999995
15062400.0,-1e-05
15066000.0,-1e-05
15069600.0,-0.00039
15073200.0,-0.00197
15076800.0,-0.00268
15080400.0,-0.00202
15084000.0,-0.00195
15087600.0,-0.00044
15091200.0,0.00209
15094800.0,0.061770000000000005
15098400.0,0.07529000100000001
15102000.0,0.090050003
15105600.0,0.092669998
15109200.0,0.08502999900000001
15112800.0,0.071489998
15116400.0,0.05459000000000001
15120000.0,0.05116
15123600.0,0.05102
15127200.0,0.057110000999999994
15130800.0,0.054150002
15134400.0,0.062959999
15138000.0,0.070010002
15141600.0,0.059490002
15145200.0,0.043209999000000006
15148800.0,0.027639999
15152400.0,0.01
15156000.0,0.0020499999999999997
15159600.0,0.00134
15163200.0,0.0
15166800.0,0.00027
15170400.0,0.0
15174000.0,0.017839999999999998
15177600.0,0.039279998999999996
15181200.0,0.105800003
15184800.0,0.134190002
15188400.0,0.2
15192000.0,0.247020004
15195600.0,0.173619995
15199200.0,0.126839996
15202800.0,0.119949997
15206400.0,0.107629997
15210000.0,0.10283000199999999
15213600.0,0.098620003
15217200.0,0.098790001
15220800.0,0.102910004
15224400.0,0.119900002
15228000.0,0.120910004
15231600.0,0.10679000100000001
15235200.0,0.096449997
15238800.0,0.088949997
15242400.0,0.077879997
15246000.0,0.07025
15249600.0,0.05925
15253200.0,0.051119999
15256800.0,0.048990002
15260400.0,0.063040001
15264000.0,0.070300003
15267600.0,0.089230003
15271200.0,0.093949997
15274800.0,0.099139999
15278400.0,0.1
15282000.0,0.108639999
15285600.0,0.097230003
15289200.0,0.079089996
15292800.0,0.065199997
15296400.0,0.058950001
15300000.0,0.054970001000000004
15303600.0,0.050540000999999994
15307200.0,0.049450001
15310800.0,0.05727
15314400.0,0.063189999
15318000.0,0.063810001
15321600.0,0.004070000000000001
15325200.0,0.004019999999999999
15328800.0,0.00999
15332400.0,0.00428
15336000.0,0.00318
15339600.0,0.00315
15343200.0,0.0023799999999999997
15346800.0,0.00401
15350400.0,0.00575
15354000.0,0.029690000999999997
15357600.0,0.06943
15361200.0,0.114010002
15364800.0,0.122400002
15368400.0,0.11908000199999999
15372000.0,0.100199997
15375600.0,0.084650002
15379200.0,0.06526999700000001
15382800.0,0.055909999999999994
15386400.0,0.038700001
15390000.0,0.033
15393600.0,0.025610001
15397200.0,0.02809
15400800.0,0.034
15404400.0,0.027799999
15408000.0,0.00234
15411600.0,1e-05
15415200.0,-1e-05
15418800.0,-0.00057
15422400.0,-0.00199
15426000.0,-0.0022299999999999998
15429600.0,-0.00101
15433200.0,-0.001
15436800.0,0.00297
15440400.0,0.02598
15444000.0,0.053549999
15447600.0,0.078029999
15451200.0,0.101160004
15454800.0,0.086099998
15458400.0,0.079139999
15462000.0,0.01677
15465600.0,0.043389999000000005
15469200.0,0.059540000999999995
15472800.0,0.058869999
15476400.0,0.057580002
15480000.0,0.060919998
15483600.0,0.07
15487200.0,0.065889999
15490800.0,0.04523
15494400.0,0.00199
15498000.0,0.0
15501600.0,-0.00026000000000000003
15505200.0,-0.0054
15508800.0,-0.0201
15512400.0,-0.02401
15516000.0,-0.015449999999999998
15519600.0,-0.00269
15523200.0,1e-05
15526800.0,0.0159
15530400.0,0.059700001
15534000.0,0.105660004
15537600.0,0.11743
15541200.0,0.112059998
15544800.0,0.101
15548400.0,0.087599998
15552000.0,0.079599998
15555600.0,0.083
15559200.0,0.084129997
15562800.0,0.083519997
15566400.0,0.083040001
15570000.0,0.0865
15573600.0,0.11151999700000001
15577200.0,0.108519997
15580800.0,0.091769997
15584400.0,0.07465000200000001
15588000.0,0.04373
15591600.0,0.019049998999999998
15595200.0,0.00996
15598800.0,0.019649999999999997
15602400.0,0.06
15606000.0,0.0805
15609600.0,0.09198000299999999
15613200.0,0.110010002
15616800.0,0.178940002
15620400.0,0.28897000100000003
15624000.0,0.233350006
15627600.0,0.157
15631200.0,0.122650002
15634800.0,0.111279999
15638400.0,0.095290001
15642000.0,0.089099998
15645600.0,0.08805999799999999
15649200.0,0.090010002
15652800.0,0.0965
15656400.0,0.112900002
15660000.0,0.120099998
15663600.0,0.114720001
15667200.0,0.091190002
15670800.0,0.084309998
15674400.0,0.069559998
15678000.0,0.044540000999999996
15681600.0,0.042470001
15685200.0,0.057650002
15688800.0,0.078139999
15692400.0,0.090800003
15696000.0,0.102019997
15699600.0,0.15208000200000002
15703200.0,0.307269989
15706800.0,0.476190002
15710400.0,0.406809998
15714000.0,0.250009995
15717600.0,0.14764999399999998
15721200.0,0.119290001
15724800.0,0.102699997
15728400.0,0.09254000100000001
15732000.0,0.092080002
15735600.0,0.091709999
15739200.0,0.100550003
15742800.0,0.11643
15746400.0,0.110419998
15750000.0,0.104519997
15753600.0,0.092489998
15757200.0,0.081059998
15760800.0,0.06993
15764400.0,0.036119999
15768000.0,0.03259
15771600.0,0.046610001
15775200.0,0.071489998
15778800.0,0.079599998
15782400.0,0.089269997
15786000.0,0.113989998
15789600.0,0.186009995
15793200.0,0.240070007
15796800.0,0.18021000699999998
15800400.0,0.134929993
15804000.0,0.1085
15807600.0,0.083489998
15811200.0,0.08091000400000001
15814800.0,0.062950001
15818400.0,0.044080002
15822000.0,0.033189999
15825600.0,0.01358
15829200.0,0.00408
15832800.0,0.0025800000000000003
15836400.0,0.0023
15840000.0,0.0
15843600.0,-1e-05
15847200.0,0.0
15850800.0,2e-05
15854400.0,5.9999999999999995e-05
15858000.0,0.0
15861600.0,5e-05
15865200.0,0.0020299999999999997
15868800.0,0.00316
15872400.0,0.00421
15876000.0,0.074
15879600.0,0.131050003
15883200.0,0.151100006
15886800.0,0.133300003
15890400.0,0.11702999900000001
15894000.0,0.10906999999999999
15897600.0,0.103459999
15901200.0,0.099980003
15904800.0,0.09637999700000001
15908400.0,0.095010002
15912000.0,0.08733000199999999
15915600.0,0.096699997
15919200.0,0.111290001
15922800.0,0.1
15926400.0,0.08193
15930000.0,0.054189999
15933600.0,0.006690000000000001
15937200.0,-5e-05
15940800.0,-0.00156
15944400.0,-0.0013700000000000001
15948000.0,-0.00061
15951600.0,0.00239
15955200.0,0.039919998
15958800.0,0.07457
15962400.0,0.09082
15966000.0,0.091529999
15969600.0,0.096760002
15973200.0,0.107830002
15976800.0,0.092239998
15980400.0,0.057130001
15984000.0,0.044200001
15987600.0,0.025040001
15991200.0,0.021059999000000003
15994800.0,0.013
15998400.0,0.0087
16002000.0,0.0119
16005600.0,0.025160000000000002
16009200.0,0.017860001
16012800.0,0.0033399999999999997
16016400.0,0.00066
16020000.0,0.00055
16023600.0,-8e-05
16027200.0,-0.00054
16030800.0,-0.00149
16034400.0,-0.0009
16038000.0,-0.002
16041600.0,0.0
16045200.0,0.028
16048800.0,0.051290000999999995
16052400.0,0.079480003
16056000.0,0.105360001
16059600.0,0.11226999700000001
16063200.0,0.10723000299999999
16066800.0,0.080029999
16070400.0,0.07
16074000.0,0.073919998
16077600.0,0.074129997
16081200.0,0.073489998
16084800.0,0.079669998
16088400.0,0.078459999
16092000.0,0.07757
16095600.0,0.07057
16099200.0,0.038810001
16102800.0,0.019209999
16106400.0,0.01319
16110000.0,0.01026
16113600.0,0.005849999999999999
16117200.0,0.0112
16120800.0,0.05057
16124400.0,0.070769997
16128000.0,0.100290001
16131600.0,0.10737000299999999
16135200.0,0.11216000400000001
16138800.0,0.12032
16142400.0,0.125040001
16146000.0,0.122209999
16149600.0,0.110779999
16153200.0,0.118839996
16156800.0,0.107419998
16160400.0,0.10191999800000001
16164000.0,0.099120003
16167600.0,0.101
16171200.0,0.100900002
16174800.0,0.125120003
16178400.0,0.131009995
16182000.0,0.146639999
16185600.0,0.131990005
16189200.0,0.108639999
16192800.0,0.09237000299999999
16196400.0,0.078720001
16200000.0,0.06107
16203600.0,0.052610000999999997
16207200.0,0.050669998
16210800.0,0.045950001
16214400.0,0.060310001
16218000.0,0.07798000299999999
16221600.0,0.092269997
16225200.0,0.097279999
16228800.0,0.109919998
16232400.0,0.110089996
16236000.0,0.087300003
16239600.0,0.10383000199999999
16243200.0,0.092900002
16246800.0,0.081489998
16250400.0,0.08477999900000001
16254000.0,0.085370003
16257600.0,0.091139999
16261200.0,0.107989998
16264800.0,0.118650002
16268400.0,0.117760002
16272000.0,0.09405999799999999
16275600.0,0.081779999
16279200.0,0.07844000200000001
16282800.0,0.060150002
16286400.0,0.054720001000000004
16290000.0,0.053040000999999996
16293600.0,0.054650002
16297200.0,0.065199997
16300800.0,0.079980003
16304400.0,0.08391999800000001
16308000.0,0.102099998
16311600.0,0.122769997
16315200.0,0.123339996
16318800.0,0.116650002
16322400.0,0.100949997
16326000.0,0.097150002
16329600.0,0.086849998
16333200.0,0.083860001
16336800.0,0.084650002
16340400.0,0.085099998
16344000.0,0.096150002
16347600.0,0.113660004
16351200.0,0.116459999
16354800.0,0.113589996
16358400.0,0.095660004
16362000.0,0.08468
16365600.0,0.07776999700000001
16369200.0,0.06566999800000001
16372800.0,0.046689999
16376400.0,0.037779998999999995
16380000.0,0.04832
16383600.0,0.071129997
16387200.0,0.084730003
16390800.0,0.099010002
16394400.0,0.115980003
16398000.0,0.13533999600000002
16401600.0,0.138240005
16405200.0,0.11979000100000001
16408800.0,0.104900002
16412400.0,0.100910004
16416000.0,0.095730003
16419600.0,0.089099998
16423200.0,0.086449997
16426800.0,0.08797000099999999
16430400.0,0.098620003
16434000.0,0.107610001
16437600.0,0.10723000299999999
16441200.0,0.105349998
16444800.0,0.088900002
16448400.0,0.082
16452000.0,0.065330002
16455600.0,0.045220001
16459200.0,0.039509998000000005
16462800.0,0.039549999
16466400.0,0.056709999000000004
16470000.0,0.076800003
16473600.0,0.086400002
16477200.0,0.100199997
16480800.0,0.114389999
16484400.0,0.13466999799999999
16488000.0,0.132699997
16491600.0,0.120879997
16495200.0,0.107690002
16498800.0,0.10475
16502400.0,0.09956999999999999
16506000.0,0.095
16509600.0,0.090690002
16513200.0,0.091529999
16516800.0,0.099400002
16520400.0,0.107410004
16524000.0,0.105919998
16527600.0,0.10518000000000001
16531200.0,0.093300003
16534800.0,0.082900002
16538400.0,0.073150002
16542000.0,0.06382
16545600.0,0.042159999999999996
16549200.0,0.032040001
16552800.0,0.038099997999999996
16556400.0,0.059549999
16560000.0,0.083150002
16563600.0,0.086440002
16567200.0,0.10193
16570800.0,0.1175
16574400.0,0.11808000199999999
16578000.0,0.11380000300000001
16581600.0,0.10382
16585200.0,0.112230003
16588800.0,0.10457
16592400.0,0.09019999699999999
16596000.0,0.085
16599600.0,0.085660004
16603200.0,0.084559998
16606800.0,0.075
16610400.0,0.071650002
16614000.0,0.06680000300000001
16617600.0,0.04059
16621200.0,0.018190000999999997
16624800.0,0.003
16628400.0,0.00022
16632000.0,0.0
16635600.0,0.0
16639200.0,0.00022
16642800.0,0.01677
16646400.0,0.071269997
16650000.0,0.102
16653600.0,0.106849998
16657200.0,0.12
16660800.0,0.125019997
16664400.0,0.125
16668000.0,0.11541999800000001
16671600.0,0.115349998
16675200.0,0.109139999
16678800.0,0.108419998
16682400.0,0.107349998
16686000.0,0.104639999
16689600.0,0.100849998
16693200.0,0.09580000300000001
16696800.0,0.09218000000000001
16700400.0,0.087940002
16704000.0,0.057619999
16707600.0,0.00428
16711200.0,5e-05
16714800.0,0.0
16718400.0,0.0
16722000.0,0.0
16725600.0,0.0
16729200.0,0.0023599999999999997
16732800.0,0.073400002
16736400.0,0.10061000099999999
16740000.0,0.113739998
16743600.0,0.12
16747200.0,0.127699997
16750800.0,0.126940002
16754400.0,0.115410004
16758000.0,0.114019997
16761600.0,0.104010002
16765200.0,0.09816999800000001
16768800.0,0.09494000200000001
16772400.0,0.099110001
16776000.0,0.10718000000000001
16779600.0,0.117870003
16783200.0,0.12162000299999999
16786800.0,0.112059998
16790400.0,0.09243000000000001
16794000.0,0.08458000199999999
16797600.0,0.079669998
16801200.0,0.070980003
16804800.0,0.064169998
16808400.0,0.057150002
16812000.0,0.05582
16815600.0,0.071099998
16819200.0,0.08458000199999999
16822800.0,0.09894000200000001
16826400.0,0.110110001
16830000.0,0.139990005
16833600.0,0.141570007
16837200.0,0.126139999
16840800.0,0.115150002
16844400.0,0.106099998
16848000.0,0.103059998
16851600.0,0.093860001
16855200.0,0.088279999
16858800.0,0.087120003
16862400.0,0.093
16866000.0,0.110330002
16869600.0,0.113410004
16873200.0,0.106860001
16876800.0,0.09082
16880400.0,0.077669998
16884000.0,0.065
16887600.0,0.059189999
16891200.0,0.047259998000000004
16894800.0,0.040200001
16898400.0,0.042570000000000004
16902000.0,0.065
16905600.0,0.084870003
16909200.0,0.101540001
16912800.0,0.108150002
16916400.0,0.119779999
16920000.0,0.141990005
16923600.0,0.121279999
16927200.0,0.112449997
16930800.0,0.097629997
16934400.0,0.093989998
16938000.0,0.08666999800000001
16941600.0,0.08343
16945200.0,0.084260002
16948800.0,0.090410004
16952400.0,0.105739998
16956000.0,0.11262999700000001
16959600.0,0.111919998
16963200.0,0.104209999
16966800.0,0.089800003
16970400.0,0.085650002
16974000.0,0.08195999899999999
16977600.0,0.078620003
16981200.0,0.068059998
16984800.0,0.069199997
16988400.0,0.080860001
16992000.0,0.089089996
16995600.0,0.095489998
16999200.0,0.10837000299999999
17002800.0,0.11972000099999999
17006400.0,0.12903999300000002
17010000.0,0.120709999
17013600.0,0.11055000300000001
17017200.0,0.103760002
17020800.0,0.098330002
17024400.0,0.089959999
17028000.0,0.084809998
17031600.0,0.085760002
17035200.0,0.089
17038800.0,0.09254000100000001
17042400.0,0.110330002
17046000.0,0.105919998
17049600.0,0.093099998
17053200.0,0.085
17056800.0,0.07707
17060400.0,0.07016999800000001
17064000.0,0.055259998000000005
17067600.0,0.049779999
17071200.0,0.06618
17074800.0,0.07479000100000001
17078400.0,0.08270999899999999
17082000.0,0.094980003
17085600.0,0.10973000299999999
17089200.0,0.12075
17092800.0,0.132
17096400.0,0.12507
17100000.0,0.11418
17103600.0,0.106800003
17107200.0,0.099150002
17110800.0,0.095360001
17114400.0,0.096370003
17118000.0,0.098660004
17121600.0,0.10823000299999999
17125200.0,0.11591999800000001
17128800.0,0.11616999800000001
17132400.0,0.109389999
17136000.0,0.098129997
17139600.0,0.084980003
17143200.0,0.082019997
17146800.0,0.08
17150400.0,0.073019997
17154000.0,0.071199997
17157600.0,0.07268000000000001
17161200.0,0.079989998
17164800.0,0.08406999999999999
17168400.0,0.09991999800000001
17172000.0,0.12
17175600.0,0.146550003
17179200.0,0.14444000199999998
17182800.0,0.125879997
17186400.0,0.113480003
17190000.0,0.107599998
17193600.0,0.105349998
17197200.0,0.103190002
17200800.0,0.101629997
17204400.0,0.098379997
17208000.0,0.09369000200000001
17211600.0,0.098389999
17215200.0,0.08688999900000001
17218800.0,0.078889999
17222400.0,0.05298
17226000.0,0.01
17229600.0,0.00065
17233200.0,0.0
17236800.0,-1e-05
17240400.0,0.0
17244000.0,0.0020800000000000003
17247600.0,0.02933
17251200.0,0.076849998
17254800.0,0.098400002
17258400.0,0.114470001
17262000.0,0.112870003
17265600.0,0.108080002
17269200.0,0.105629997
17272800.0,0.09806999999999999
17276400.0,0.085410004
17280000.0,0.088940002
17283600.0,0.089269997
17287200.0,0.09418000000000001
17290800.0,0.101699997
17294400.0,0.098269997
17298000.0,0.097199997
17301600.0,0.080589996
17305200.0,0.077860001
17308800.0,0.044580002
17312400.0,0.00904
17316000.0,0.00207
17319600.0,0.0
17323200.0,-1e-05
17326800.0,0.0
17330400.0,0.009089999999999999
17334000.0,0.06933000199999999
17337600.0,0.092739998
17341200.0,0.100260002
17344800.0,0.112
17348400.0,0.116
17352000.0,0.115010002
17355600.0,0.114849998
17359200.0,0.105050003
17362800.0,0.08708000199999999
17366400.0,0.079730003
17370000.0,0.083480003
17373600.0,0.083300003
17377200.0,0.083489998
17380800.0,0.092860001
17384400.0,0.098900002
17388000.0,0.100839996
17391600.0,0.097839996
17395200.0,0.109639999
17398800.0,0.105989998
17402400.0,0.098879997
17406000.0,0.084900002
17409600.0,0.081730003
17413200.0,0.085790001
17416800.0,0.087959999
17420400.0,0.09094999699999999
17424000.0,0.104300003
17427600.0,0.10582
17431200.0,0.119690002
17434800.0,0.12325
17438400.0,0.120089996
17442000.0,0.108760002
17445600.0,0.100040001
17449200.0,0.092790001
17452800.0,0.087199997
17456400.0,0.085480003
17460000.0,0.082
17463600.0,0.081
17467200.0,0.089279999
17470800.0,0.108800003
17474400.0,0.109279999
17478000.0,0.102489998
17481600.0,0.09129000100000001
17485200.0,0.081730003
17488800.0,0.068410004
17492400.0,0.039630001
17496000.0,0.01071
17499600.0,0.00999
17503200.0,0.00463
17506800.0,0.036900002
17510400.0,0.07579000100000001
17514000.0,0.088980003
17517600.0,0.10857
17521200.0,0.112559998
17524800.0,0.113220001
17528400.0,0.10848000299999999
17532000.0,0.10293000000000001
17535600.0,0.076
17539200.0,0.07
17542800.0,0.066790001
17546400.0,0.067720001
17550000.0,0.07036000099999999
17553600.0,0.07980000300000001
17557200.0,0.084550003
17560800.0,0.099870003
17564400.0,0.0965
17568000.0,0.08169000200000001
17571600.0,0.067300003
17575200.0,0.0535
17578800.0,0.033720001000000006
17582400.0,0.025610001
17586000.0,0.02682
17589600.0,0.040299999
17593200.0,0.067809998
17596800.0,0.078050003
17600400.0,0.08607
17604000.0,0.105
17607600.0,0.112980003
17611200.0,0.119739998
17614800.0,0.110540001
17618400.0,0.103059998
17622000.0,0.09781999999999999
17625600.0,0.094080002
17629200.0,0.08929000100000001
17632800.0,0.08929000100000001
17636400.0,0.09344999699999999
17640000.0,0.10097000099999999
17643600.0,0.109220001
17647200.0,0.104099998
17650800.0,0.110400002
17654400.0,0.096220001
17658000.0,0.089169998
17661600.0,0.08438999900000001
17665200.0,0.08216999800000001
17668800.0,0.08043
17672400.0,0.08205000300000001
17676000.0,0.084769997
17679600.0,0.088510002
17683200.0,0.095010002
17686800.0,0.104
17690400.0,0.11638999900000001
17694000.0,0.154160004
17697600.0,0.140639999
17701200.0,0.118379997
17704800.0,0.108599998
17708400.0,0.11126999700000001
17712000.0,0.10366999800000001
17715600.0,0.09705000300000001
17719200.0,0.092639999
17722800.0,0.091709999
17726400.0,0.094220001
17730000.0,0.106099998
17733600.0,0.108
17737200.0,0.110849998
17740800.0,0.098199997
17744400.0,0.094080002
17748000.0,0.085150002
17751600.0,0.083089996
17755200.0,0.078699997
17758800.0,0.07493000000000001
17762400.0,0.075139999
17766000.0,0.078830002
17769600.0,0.081519997
17773200.0,0.087629997
17776800.0,0.092970001
17780400.0,0.108209999
17784000.0,0.121209999
17787600.0,0.11259999799999999
17791200.0,0.11025
17794800.0,0.106760002
17798400.0,0.100699997
17802000.0,0.09373000299999999
17805600.0,0.091599998
17809200.0,0.09008000199999999
17812800.0,0.089360001
17816400.0,0.092389999
17820000.0,0.090910004
17823600.0,0.08468
17827200.0,0.083160004
17830800.0,0.079589996
17834400.0,0.07519999699999999
17838000.0,0.06641999800000001
17841600.0,0.049869999
17845200.0,0.05009
17848800.0,0.065199997
17852400.0,0.066370003
17856000.0,0.076209999
17859600.0,0.093610001
17863200.0,0.106599998
17866800.0,0.12194999699999999
17870400.0,0.12707
17874000.0,0.11672000099999999
17877600.0,0.108800003
17881200.0,0.104639999
17884800.0,0.099470001
17888400.0,0.095010002
17892000.0,0.09207
17895600.0,0.091989998
17899200.0,0.089879997
17902800.0,0.08879000100000001
17906400.0,0.08658000199999999
17910000.0,0.083760002
17913600.0,0.08170999899999999
17917200.0,0.075910004
17920800.0,0.070519997
17924400.0,0.04593
17928000.0,0.01504
17931600.0,0.00885
17935200.0,0.017299999
17938800.0,0.045740001999999995
17942400.0,0.082360001
17946000.0,0.095660004
17949600.0,0.10247000099999999
17953200.0,0.10794999699999999
17956800.0,0.11470999899999999
17960400.0,0.107330002
17964000.0,0.102690002
17967600.0,0.1
17971200.0,0.088769997
17974800.0,0.0835
17978400.0,0.07762000299999999
17982000.0,0.076
17985600.0,0.084339996
17989200.0,0.094980003
17992800.0,0.108610001
17996400.0,0.112
18000000.0,0.092970001
18003600.0,0.082
18007200.0,0.015269999999999999
18010800.0,0.01328
18014400.0,0.018670000000000003
18018000.0,0.01341
18021600.0,0.019
18025200.0,0.0067
18028800.0,0.028149999999999998
18032400.0,0.058720001
18036000.0,0.09004000100000001
18039600.0,0.110919998
18043200.0,0.109739998
18046800.0,0.103790001
18050400.0,0.08994999699999999
18054000.0,0.085209999
18057600.0,0.080480003
18061200.0,0.079360001
18064800.0,0.078220001
18068400.0,0.079290001
18072000.0,0.08051999700000001
18075600.0,0.082599998
18079200.0,0.091989998
18082800.0,0.058209999000000005
18086400.0,0.00408
18090000.0,0.0023599999999999997
18093600.0,0.00231
18097200.0,0.00233
18100800.0,0.00254
18104400.0,0.00107
18108000.0,0.00383
18111600.0,0.0039
18115200.0,0.016079999999999997
18118800.0,0.0815
18122400.0,0.103260002
18126000.0,0.12355999799999999
18129600.0,0.125010002
18133200.0,0.11194000200000001
18136800.0,0.101699997
18140400.0,0.083010002
18144000.0,0.07901999700000001
18147600.0,0.078389999
18151200.0,0.075989998
18154800.0,0.075650002
18158400.0,0.0765
18162000.0,0.07987999700000001
18165600.0,0.09
18169200.0,0.093879997
18172800.0,0.07901999700000001
18176400.0,0.063290001
18180000.0,0.04043
18183600.0,0.024790001
18187200.0,0.017690001
18190800.0,0.0107
18194400.0,0.028030001
18198000.0,0.045610001
18201600.0,0.07568000000000001
18205200.0,0.09032
18208800.0,0.10186000099999999
18212400.0,0.10906999999999999
18216000.0,0.109
18219600.0,0.104
18223200.0,0.092410004
18226800.0,0.08893000000000001
18230400.0,0.082110001
18234000.0,0.079
18237600.0,0.077269997
18241200.0,0.078510002
18244800.0,0.083239998
18248400.0,0.08907
18252000.0,0.100459999
18255600.0,0.094089996
18259200.0,0.088910004
18262800.0,0.074169998
18266400.0,0.070040001
18270000.0,0.061150002
18273600.0,0.048049999
18277200.0,0.035060001
18280800.0,0.05507
18284400.0,0.07243000000000001
18288000.0,0.084559998
18291600.0,0.096900002
18295200.0,0.111919998
18298800.0,0.128270004
18302400.0,0.125110001
18306000.0,0.114160004
18309600.0,0.102790001
18313200.0,0.10530999799999999
18316800.0,0.098540001
18320400.0,0.092150002
18324000.0,0.089169998
18327600.0,0.094209999
18331200.0,0.10058000199999999
18334800.0,0.106690002
18338400.0,0.11070999899999999
18342000.0,0.106639999
18345600.0,0.10366999800000001
18349200.0,0.097949997
18352800.0,0.084099998
18356400.0,0.077050003
18360000.0,0.061970001000000004
18363600.0,0.049060001
18367200.0,0.049099998
18370800.0,0.06993
18374400.0,0.083589996
18378000.0,0.096449997
18381600.0,0.109510002
18385200.0,0.119230003
18388800.0,0.117510002
18392400.0,0.110720001
18396000.0,0.102730003
18399600.0,0.10447000099999999
18403200.0,0.10031999999999999
18406800.0,0.097790001
18410400.0,0.092160004
18414000.0,0.09129000100000001
18417600.0,0.090769997
18421200.0,0.089669998
18424800.0,0.084699997
18428400.0,0.078400002
18432000.0,0.06568
18435600.0,0.03109
18439200.0,0.005679999999999999
18442800.0,0.0029500000000000004
18446400.0,0.00134
18450000.0,0.00022
18453600.0,0.00023999999999999998
18457200.0,0.0053
18460800.0,0.060689999
18464400.0,0.09132
18468000.0,0.102
18471600.0,0.109489998
18475200.0,0.108419998
18478800.0,0.104339996
18482400.0,0.095
18486000.0,0.085089996
18489600.0,0.07751999700000001
18493200.0,0.07141999800000001
18496800.0,0.067519997
18500400.0,0.062720001
18504000.0,0.05998
18507600.0,0.046799999
18511200.0,0.026
18514800.0,0.0061600000000000005
18518400.0,0.0
18522000.0,-0.00027
18525600.0,-0.0012
18529200.0,-0.00139
18532800.0,-0.0066
18536400.0,-0.00851
18540000.0,-0.00354
18543600.0,-0.0007700000000000001
18547200.0,0.00361
18550800.0,0.071129997
18554400.0,0.088129997
18558000.0,0.097870003
18561600.0,0.09598999799999999
18565200.0,0.09730000300000001
18568800.0,0.085089996
18572400.0,0.08105000300000001
18576000.0,0.07007
18579600.0,0.06997000099999999
18583200.0,0.070620003
18586800.0,0.074029999
18590400.0,0.08294000200000001
18594000.0,0.08983000199999999
18597600.0,0.101959999
18601200.0,0.101440002
18604800.0,0.097040001
18608400.0,0.077900002
18612000.0,0.05
18615600.0,0.01374
18619200.0,0.00405
18622800.0,0.0007199999999999999
18626400.0,2e-05
18630000.0,0.01119
18633600.0,0.031190001
18637200.0,0.028360001
18640800.0,0.057630001
18644400.0,0.01765
18648000.0,0.00364
18651600.0,0.0
18655200.0,0.00234
18658800.0,0.0025099999999999996
18662400.0,0.0023599999999999997
18666000.0,0.0017900000000000001
18669600.0,0.0
18673200.0,-5e-05
18676800.0,-4e-05
18680400.0,0.0017
18684000.0,0.00232
18687600.0,0.0020099999999999996
18691200.0,-7.000000000000001e-05
18694800.0,-0.00020999999999999998
18698400.0,-0.0020099999999999996
18702000.0,-0.004940000000000001
18705600.0,-0.00931
18709200.0,-0.01165
18712800.0,-0.00977
18716400.0,-0.00497
18720000.0,-0.0005200000000000001
18723600.0,0.00107
18727200.0,0.0025099999999999996
18730800.0,0.00684
18734400.0,0.0038900000000000002
18738000.0,0.00365
18741600.0,0.01076
18745200.0,0.00254
18748800.0,0.00361
18752400.0,0.00367
18756000.0,0.0036
18759600.0,0.00428
18763200.0,0.0039
18766800.0,0.0033399999999999997
18770400.0,0.0038900000000000002
18774000.0,0.01246
18777600.0,0.00209
18781200.0,-1e-05
18784800.0,-0.00157
18788400.0,-0.00488
18792000.0,-0.0057
18795600.0,-0.00447
18799200.0,-0.0022299999999999998
18802800.0,-0.00101
18806400.0,0.0020299999999999997
18810000.0,0.0025800000000000003
18813600.0,0.029679999999999998
18817200.0,0.12319999699999999
18820800.0,0.124599998
18824400.0,0.11
18828000.0,0.101599998
18831600.0,0.097580002
18835200.0,0.094
18838800.0,0.088129997
18842400.0,0.083379997
18846000.0,0.08206999999999999
18849600.0,0.088519997
18853200.0,0.103050003
18856800.0,0.1065
18860400.0,0.1
18864000.0,0.077629997
18867600.0,0.02223
18871200.0,0.00198
18874800.0,0.0016699999999999998
18878400.0,0.0021000000000000003
18882000.0,0.00235
18885600.0,0.0020499999999999997
18889200.0,0.00237
18892800.0,0.064080002
18896400.0,0.091580002
18900000.0,0.106
18903600.0,0.125029999
18907200.0,0.126339996
18910800.0,0.11
18914400.0,0.10127999900000001
18918000.0,0.093900002
18921600.0,0.088879997
18925200.0,0.084980003
18928800.0,0.081309998
18932400.0,0.08087999700000001
18936000.0,0.089550003
18939600.0,0.10043
18943200.0,0.103050003
18946800.0,0.108110001
18950400.0,0.089900002
18954000.0,0.066
18957600.0,0.00839
18961200.0,8.999999999999999e-05
18964800.0,0.0
18968400.0,0.0
18972000.0,0.0
18975600.0,0.010490000000000001
18979200.0,0.070099998
18982800.0,0.101440002
18986400.0,0.113559998
18990000.0,0.144619995
18993600.0,0.151509995
18997200.0,0.121589996
19000800.0,0.108459999
19004400.0,0.10193
19008000.0,0.10043
19011600.0,0.099940002
19015200.0,0.09780000300000001
19018800.0,0.096870003
19022400.0,0.097010002
19026000.0,0.096099998
19029600.0,0.09005999799999999
19033200.0,0.06975
19036800.0,0.01534
19040400.0,-2e-05
19044000.0,-0.001
19047600.0,-0.00651
19051200.0,-0.012580000000000001
19054800.0,-0.01511
19058400.0,-0.0040999999999999995
19062000.0,-4e-05
19065600.0,0.0062900000000000005
19069200.0,0.07147000099999999
19072800.0,0.10143
19076400.0,0.123360001
19080000.0,0.116410004
19083600.0,0.107889999
19087200.0,0.094970001
19090800.0,0.084790001
19094400.0,0.083230003
19098000.0,0.083099998
19101600.0,0.077949997
19105200.0,0.08068
19108800.0,0.08369000200000001
19112400.0,0.082269997
19116000.0,0.07469999699999999
19119600.0,0.026360001
19123200.0,-1e-05
19126800.0,-0.00264
19130400.0,-0.0067
19134000.0,-0.01495
19137600.0,-0.026860001
19141200.0,-0.038139999
19144800.0,-0.019610001000000002
19148400.0,-0.00121
19152000.0,0.00213
19155600.0,0.078860001
19159200.0,0.108050003
19162800.0,0.118949997
19166400.0,0.12244999699999999
19170000.0,0.10698000299999999
19173600.0,0.098900002
19177200.0,0.09981999999999999
19180800.0,0.091970001
19184400.0,0.087440002
19188000.0,0.085190002
19191600.0,0.092849998
19195200.0,0.103510002
19198800.0,0.129220001
19202400.0,0.133490005
19206000.0,0.105349998
19209600.0,0.09075
19213200.0,0.05
19216800.0,0.00254
19220400.0,0.00065
19224000.0,0.00064
19227600.0,0.0
19231200.0,0.009
19234800.0,0.056139999
19238400.0,0.09225
19242000.0,0.108260002
19245600.0,0.154
19249200.0,0.19194999699999998
19252800.0,0.138880005
19256400.0,0.10887000299999999
19260000.0,0.096
19263600.0,0.093
19267200.0,0.089669998
19270800.0,0.085410004
19274400.0,0.085129997
19278000.0,0.086480003
19281600.0,0.093970001
19285200.0,0.106910004
19288800.0,0.104629997
19292400.0,0.09870999899999999
19296000.0,0.092489998
19299600.0,0.079529999
19303200.0,0.040409999999999995
19306800.0,0.00838
19310400.0,0.0045899999999999995
19314000.0,0.00515
19317600.0,0.035049999
19321200.0,0.073120003
19324800.0,0.09405999799999999
19328400.0,0.106099998
19332000.0,0.149309998
19335600.0,0.156160004
19339200.0,0.140399994
19342800.0,0.11406999999999999
19346400.0,0.097730003
19350000.0,0.095720001
19353600.0,0.09
19357200.0,0.08688999900000001
19360800.0,0.084709999
19364400.0,0.08707
19368000.0,0.093300003
19371600.0,0.10887000299999999
19375200.0,0.107519997
19378800.0,0.10587000299999999
19382400.0,0.093599998
19386000.0,0.089260002
19389600.0,0.068199997
19393200.0,0.044290000999999996
19396800.0,0.027889999
19400400.0,0.041659999999999996
19404000.0,0.070900002
19407600.0,0.084300003
19411200.0,0.096639999
19414800.0,0.115339996
19418400.0,0.193300003
19422000.0,0.22663999899999998
19425600.0,0.154520004
19429200.0,0.123209999
19432800.0,0.106269997
19436400.0,0.098099998
19440000.0,0.092
19443600.0,0.088449997
19447200.0,0.088199997
19450800.0,0.088529999
19454400.0,0.097519997
19458000.0,0.106169998
19461600.0,0.109919998
19465200.0,0.099510002
19468800.0,0.091099998
19472400.0,0.081260002
19476000.0,0.06756999999999999
19479600.0,0.054090000000000006
19483200.0,0.04102
19486800.0,0.054900002
19490400.0,0.06943
19494000.0,0.078989998
19497600.0,0.097220001
19501200.0,0.115540001
19504800.0,0.233800003
19508400.0,0.283890015
19512000.0,0.155839996
19515600.0,0.120709999
19519200.0,0.10594999699999999
19522800.0,0.099589996
19526400.0,0.098970001
19530000.0,0.093900002
19533600.0,0.09033000199999999
19537200.0,0.092
19540800.0,0.096910004
19544400.0,0.101660004
19548000.0,0.101309998
19551600.0,0.09659999799999999
19555200.0,0.083470001
19558800.0,0.043900002
19562400.0,0.003
19566000.0,8e-05
19569600.0,0.00019
19573200.0,0.0
19576800.0,0.00172
19580400.0,0.02766
19584000.0,0.075529999
19587600.0,0.097059998
19591200.0,0.105669998
19594800.0,0.104489998
19598400.0,0.091739998
19602000.0,0.085099998
19605600.0,0.07995999899999999
19609200.0,0.089470001
19612800.0,0.085739998
19616400.0,0.08475
19620000.0,0.083339996
19623600.0,0.082730003
19627200.0,0.087089996
19630800.0,0.09068000000000001
19634400.0,0.090019997
19638000.0,0.080989998
19641600.0,0.06794000200000001
19645200.0,0.025120001
19648800.0,0.0038
19652400.0,0.00017
19656000.0,-1e-05
19659600.0,-1e-05
19663200.0,-1e-05
19666800.0,0.0007199999999999999
19670400.0,0.016209999
19674000.0,0.06991999800000001
19677600.0,0.095
19681200.0,0.102620003
19684800.0,0.10061000099999999
19688400.0,0.095
19692000.0,0.09
19695600.0,0.091279999
19699200.0,0.085339996
19702800.0,0.08686000099999999
19706400.0,0.086629997
19710000.0,0.087730003
19713600.0,0.08993000000000001
19717200.0,0.089889999
19720800.0,0.081029999
19724400.0,0.076239998
19728000.0,0.03259
19731600.0,0.00996
19735200.0,0.0020800000000000003
19738800.0,0.00207
19742400.0,0.00202
19746000.0,0.00186
19749600.0,0.00147
19753200.0,0.013810000000000001
19756800.0,0.072400002
19760400.0,0.09669000200000001
19764000.0,0.11
19767600.0,0.110660004
19771200.0,0.110139999
19774800.0,0.105099998
19778400.0,0.102540001
19782000.0,0.091989998
19785600.0,0.087129997
19789200.0,0.08433000199999999
19792800.0,0.083849998
19796400.0,0.089459999
19800000.0,0.099269997
19803600.0,0.118510002
19807200.0,0.13013000500000002
19810800.0,0.109870003
19814400.0,0.088839996
19818000.0,0.072160004
19821600.0,0.04593
19825200.0,0.020040001
19828800.0,0.01423
19832400.0,0.01834
19836000.0,0.054560001
19839600.0,0.070940002
19843200.0,0.09032
19846800.0,0.109870003
19850400.0,0.1855
19854000.0,0.193960007
19857600.0,0.124669998
19861200.0,0.107489998
19864800.0,0.102
19868400.0,0.101010002
19872000.0,0.09481999999999999
19875600.0,0.088199997
19879200.0,0.086370003
19882800.0,0.090089996
19886400.0,0.101019997
19890000.0,0.111099998
19893600.0,0.109949997
19897200.0,0.09805000300000001
19900800.0,0.08857
19904400.0,0.06963999900000001
19908000.0,0.04323
19911600.0,0.022850000000000002
19915200.0,0.00902
19918800.0,0.01526
19922400.0,0.030889998999999998
19926000.0,0.060599998
19929600.0,0.09148000299999999
19933200.0,0.101910004
19936800.0,0.120510002
19940400.0,0.128619995
19944000.0,0.111059998
19947600.0,0.104410004
19951200.0,0.096779999
19954800.0,0.095470001
19958400.0,0.091220001
19962000.0,0.085709999
19965600.0,0.080669998
19969200.0,0.079370003
19972800.0,0.088360001
19976400.0,0.10227999900000001
19980000.0,0.110120003
19983600.0,0.103910004
19987200.0,0.090050003
19990800.0,0.080980003
19994400.0,0.069059998
19998000.0,0.04907
20001600.0,0.035
20005200.0,0.042029999
20008800.0,0.073019997
20012400.0,0.081449997
20016000.0,0.101690002
20019600.0,0.109160004
20023200.0,0.135149994
20026800.0,0.126110001
20030400.0,0.114949997
20034000.0,0.103489998
20037600.0,0.097339996
20041200.0,0.096110001
20044800.0,0.09073000299999999
20048400.0,0.087519997
20052000.0,0.090879997
20055600.0,0.09237000299999999
20059200.0,0.09795999899999999
20062800.0,0.10590000200000001
20066400.0,0.11688999900000001
20070000.0,0.10779000100000001
20073600.0,0.09731999999999999
20077200.0,0.085849998
20080800.0,0.077639999
20084400.0,0.069489998
20088000.0,0.066089996
20091600.0,0.056259998000000006
20095200.0,0.068199997
20098800.0,0.072389999
20102400.0,0.08766999800000001
20106000.0,0.094
20109600.0,0.106389999
20113200.0,0.110730003
20116800.0,0.110730003
20120400.0,0.105
20124000.0,0.095779999
20127600.0,0.089269997
20131200.0,0.081989998
20134800.0,0.078589996
20138400.0,0.07751999700000001
20142000.0,0.077650002
20145600.0,0.087900002
20149200.0,0.09598999799999999
20152800.0,0.099099998
20156400.0,0.087800003
20160000.0,0.024690001
20163600.0,0.01092
20167200.0,0.0067
20170800.0,0.00738
20174400.0,0.00385
20178000.0,0.0039
20181600.0,0.00401
20185200.0,0.032060001
20188800.0,0.05843
20192400.0,0.083080002
20196000.0,0.10607
20199600.0,0.113
20203200.0,0.107629997
20206800.0,0.103089996
20210400.0,0.094370003
20214000.0,0.095330002
20217600.0,0.08932
20221200.0,0.087760002
20224800.0,0.085209999
20228400.0,0.085559998
20232000.0,0.085599998
20235600.0,0.08666999800000001
20239200.0,0.08677999900000001
20242800.0,0.08356999999999999
20246400.0,0.062900002
20250000.0,0.01469
20253600.0,0.00401
20257200.0,0.003
20260800.0,0.0020099999999999996
20264400.0,0.00184
20268000.0,0.00352
20271600.0,0.0121
20275200.0,0.072190002
20278800.0,0.100309998
20282400.0,0.112220001
20286000.0,0.123669998
20289600.0,0.12043000000000001
20293200.0,0.111160004
20296800.0,0.105279999
20300400.0,0.1005
20304000.0,0.09512999700000001
20307600.0,0.094410004
20311200.0,0.092129997
20314800.0,0.09119999699999999
20318400.0,0.090970001
20322000.0,0.09
20325600.0,0.085010002
20329200.0,0.072839996
20332800.0,0.0048
20336400.0,0.00031
20340000.0,0.0
20343600.0,0.0
20347200.0,-0.00013000000000000002
20350800.0,-0.00027
20354400.0,-7.000000000000001e-05
20358000.0,0.0
20361600.0,0.063360001
20365200.0,0.099809998
20368800.0,0.1105
20372400.0,0.117309998
20376000.0,0.11431999999999999
20379600.0,0.1075
20383200.0,0.100519997
20386800.0,0.095279999
20390400.0,0.087029999
20394000.0,0.084019997
20397600.0,0.082900002
20401200.0,0.08345999899999999
20404800.0,0.100120003
20408400.0,0.115379997
20412000.0,0.125
20415600.0,0.110040001
20419200.0,0.091970001
20422800.0,0.072980003
20426400.0,0.03502
20430000.0,0.01
20433600.0,0.0059299999999999995
20437200.0,0.0067800000000000004
20440800.0,0.025200001
20444400.0,0.05643
20448000.0,0.08666999800000001
20451600.0,0.111540001
20455200.0,0.159029999
20458800.0,0.232820007
20462400.0,0.138039993
20466000.0,0.115040001
20469600.0,0.105150002
20473200.0,0.105800003
20476800.0,0.100440002
20480400.0,0.096580002
20484000.0,0.094790001
20487600.0,0.09626999700000001
20491200.0,0.106599998
20494800.0,0.124589996
20498400.0,0.12344999699999999
20502000.0,0.10679000100000001
20505600.0,0.09
20509200.0,0.080540001
20512800.0,0.064040001
20516400.0,0.05
20520000.0,0.036590000000000004
20523600.0,0.050080002
20527200.0,0.072389999
20530800.0,0.088260002
20534400.0,0.105050003
20538000.0,0.13108999600000001
20541600.0,0.19688000500000002
20545200.0,0.180169998
20548800.0,0.123300003
20552400.0,0.109470001
20556000.0,0.09766999800000001
20559600.0,0.096589996
20563200.0,0.089980003
20566800.0,0.086519997
20570400.0,0.08725
20574000.0,0.09
20577600.0,0.09606999999999999
20581200.0,0.109099998
20584800.0,0.115379997
20588400.0,0.113720001
20592000.0,0.101629997
20595600.0,0.08657
20599200.0,0.080029999
20602800.0,0.064639999
20606400.0,0.053419997999999996
20610000.0,0.054830002
20613600.0,0.076669998
20617200.0,0.085510002
20620800.0,0.104940002
20624400.0,0.13463999899999998
20628000.0,0.222070007
20631600.0,0.22203999300000002
20635200.0,0.12888000500000002
20638800.0,0.113629997
20642400.0,0.10357
20646000.0,0.097150002
20649600.0,0.091919998
20653200.0,0.087889999
20656800.0,0.087089996
20660400.0,0.090230003
20664000.0,0.098720001
20667600.0,0.121629997
20671200.0,0.143789993
20674800.0,0.144130005
20678400.0,0.121989998
20682000.0,0.11226999700000001
20685600.0,0.108129997
20689200.0,0.10088999900000001
20692800.0,0.100959999
20696400.0,0.10088999900000001
20700000.0,0.100660004
20703600.0,0.096220001
20707200.0,0.13
20710800.0,0.160979996
20714400.0,0.21
20718000.0,0.153160004
20721600.0,0.12418000000000001
20725200.0,0.107110001
20728800.0,0.092150002
20732400.0,0.085040001
20736000.0,0.083269997
20739600.0,0.083099998
20743200.0,0.081589996
20746800.0,0.083010002
20750400.0,0.091
20754000.0,0.117550003
20757600.0,0.121389999
20761200.0,0.12
20764800.0,0.110389999
20768400.0,0.084459999
20772000.0,0.078779999
20775600.0,0.068449997
20779200.0,0.054919998
20782800.0,0.060459999
20786400.0,0.074300003
20790000.0,0.085
20793600.0,0.10482
20797200.0,0.11863999900000001
20800800.0,0.147679993
20804400.0,0.1165
20808000.0,0.11195999899999999
20811600.0,0.095699997
20815200.0,0.08607
20818800.0,0.0925
20822400.0,0.086559998
20826000.0,0.08327999900000001
20829600.0,0.081510002
20833200.0,0.083389999
20836800.0,0.087410004
20840400.0,0.09501999700000001
20844000.0,0.098089996
20847600.0,0.089639999
20851200.0,0.078599998
20854800.0,0.03645999900000001
20858400.0,0.00523
20862000.0,0.0037
20865600.0,0.00325
20869200.0,0.0028799999999999997
20872800.0,0.00862
20876400.0,0.00948
20880000.0,0.07304000100000001
20883600.0,0.094699997
20887200.0,0.115220001
20890800.0,0.12705999799999998
20894400.0,0.11056999999999999
20898000.0,0.099290001
20901600.0,0.087800003
20905200.0,0.085459999
20908800.0,0.078910004
20912400.0,0.067720001
20916000.0,0.064089996
20919600.0,0.06093
20923200.0,0.060790000999999996
20926800.0,0.061119999
20930400.0,0.054520000000000006
20934000.0,0.022299999
20937600.0,0.0052
20941200.0,0.0019399999999999999
20944800.0,0.00164
20948400.0,0.00183
20952000.0,0.00166
20955600.0,0.0
20959200.0,0.0
20962800.0,0.025469999
20966400.0,0.079739998
20970000.0,0.11636000099999999
20973600.0,0.135100006
20977200.0,0.13138999899999998
20980800.0,0.114150002
20984400.0,0.10086000099999999
20988000.0,0.088800003
20991600.0,0.081449997
20995200.0,0.080589996
20998800.0,0.078980003
21002400.0,0.074940002
21006000.0,0.07433000199999999
21009600.0,0.085760002
21013200.0,0.113970001
21016800.0,0.123129997
21020400.0,0.114239998
21024000.0,0.09819000200000001
21027600.0,0.082
21031200.0,0.069400002
21034800.0,0.038270000000000005
21038400.0,0.025030001
21042000.0,0.04273
21045600.0,0.067760002
21049200.0,0.08466999800000001
21052800.0,0.109699997
21056400.0,0.155320007
21060000.0,0.250649994
21063600.0,0.210559998
21067200.0,0.125199997
21070800.0,0.112400002
21074400.0,0.10052999900000001
21078000.0,0.095010002
21081600.0,0.090110001
21085200.0,0.090839996
21088800.0,0.0925
21092400.0,0.09480000300000001
21096000.0,0.106849998
21099600.0,0.11847000099999999
21103200.0,0.153669998
21106800.0,0.147479996
21110400.0,0.121050003
21114000.0,0.10213999900000001
21117600.0,0.084660004
21121200.0,0.07894000200000001
21124800.0,0.079730003
21128400.0,0.078540001
21132000.0,0.084370003
21135600.0,0.095
21139200.0,0.108970001
21142800.0,0.17316000399999998
21146400.0,0.31151001
21150000.0,0.263790009
21153600.0,0.140919998
21157200.0,0.110470001
21160800.0,0.091209999
21164400.0,0.09725
21168000.0,0.090739998
21171600.0,0.085949997
21175200.0,0.081720001
21178800.0,0.081230003
21182400.0,0.0795
21186000.0,0.09344999699999999
21189600.0,0.105610001
21193200.0,0.10519999699999999
21196800.0,0.085300003
21200400.0,0.029040001
21204000.0,0.0028399999999999996
21207600.0,0.0023799999999999997
21211200.0,0.00211
21214800.0,0.00231
21218400.0,0.00202
21222000.0,0.01
21225600.0,0.063459999
21229200.0,0.08093
21232800.0,0.096309998
21236400.0,0.090300003
21240000.0,0.060880001
21243600.0,0.044189999
21247200.0,0.038349997999999996
21250800.0,0.015099999999999999
21254400.0,0.01504
21258000.0,0.01488
21261600.0,0.01509
21265200.0,0.024280001
21268800.0,0.044599998
21272400.0,0.073089996
21276000.0,0.09681999999999999
21279600.0,0.098
21283200.0,0.07780999799999999
21286800.0,0.041450001
21290400.0,0.00579
21294000.0,0.0032
21297600.0,0.0033599999999999997
21301200.0,0.034889999000000005
21304800.0,0.071
21308400.0,0.089519997
21312000.0,0.109129997
21315600.0,0.191800003
21319200.0,0.35
21322800.0,0.218820007
21326400.0,0.12493000000000001
21330000.0,0.112139999
21333600.0,0.101300003
21337200.0,0.09525
21340800.0,0.086099998
21344400.0,0.085260002
21348000.0,0.085199997
21351600.0,0.085599998
21355200.0,0.097360001
21358800.0,0.119160004
21362400.0,0.13213000500000002
21366000.0,0.12575
21369600.0,0.100400002
21373200.0,0.08783000199999999
21376800.0,0.084150002
21380400.0,0.07825
21384000.0,0.072190002
21387600.0,0.07016999800000001
21391200.0,0.077529999
21394800.0,0.085
21398400.0,0.090959999
21402000.0,0.10894999699999999
21405600.0,0.154529999
21409200.0,0.15075
21412800.0,0.117099998
21416400.0,0.107709999
21420000.0,0.100699997
21423600.0,0.101209999
21427200.0,0.100589996
21430800.0,0.09956999999999999
21434400.0,0.097839996
21438000.0,0.09695999899999999
21441600.0,0.098010002
21445200.0,0.097870003
21448800.0,0.100910004
21452400.0,0.095980003
21456000.0,0.079110001
21459600.0,0.011349999999999999
21463200.0,0.0020800000000000003
21466800.0,0.00206
21470400.0,0.00026000000000000003
21474000.0,0.0
21477600.0,-1e-05
21481200.0,0.040990002
21484800.0,0.087599998
21488400.0,0.11647000099999999
21492000.0,0.15838999899999998
21495600.0,0.139539993
21499200.0,0.109949997
21502800.0,0.09294999699999999
21506400.0,0.082559998
21510000.0,0.089720001
21513600.0,0.085019997
21517200.0,0.08076999700000001
21520800.0,0.078040001
21524400.0,0.07757
21528000.0,0.07744000200000001
21531600.0,0.078040001
21535200.0,0.055479999999999995
21538800.0,0.0
21542400.0,-8.999999999999999e-05
21546000.0,-1e-05
21549600.0,-0.008960000000000001
21553200.0,-0.02532
21556800.0,-0.03404000099999999
21560400.0,-0.031790001
21564000.0,-0.0121
21567600.0,0.00166
21571200.0,0.0033599999999999997
21574800.0,0.09255999799999999
21578400.0,0.108110001
21582000.0,0.09625
21585600.0,0.086019997
21589200.0,0.085010002
21592800.0,0.08256999999999999
21596400.0,0.069199997
21600000.0,0.069040001
21603600.0,0.070480003
21607200.0,0.070410004
21610800.0,0.072449997
21614400.0,0.074940002
21618000.0,0.094290001
21621600.0,0.106489998
21625200.0,0.11355000300000001
21628800.0,0.101849998
21632400.0,0.08583000199999999
21636000.0,0.073910004
21639600.0,0.063619999
21643200.0,0.05802
21646800.0,0.065610001
21650400.0,0.072160004
21654000.0,0.09008000199999999
21657600.0,0.124279999
21661200.0,0.196610001
21664800.0,0.413660004
21668400.0,0.308519989
21672000.0,0.152
21675600.0,0.12393000000000001
21679200.0,0.113120003
21682800.0,0.114519997
21686400.0,0.11245999899999999
21690000.0,0.110349998
21693600.0,0.10980000300000001
21697200.0,0.109989998
21700800.0,0.11818000000000001
21704400.0,0.182389999
21708000.0,0.2935
21711600.0,0.196979996
21715200.0,0.127589996
21718800.0,0.101730003
21722400.0,0.09891999800000001
21726000.0,0.08568
21729600.0,0.083230003
21733200.0,0.08294000200000001
21736800.0,0.089599998
21740400.0,0.099959999
21744000.0,0.127410004
21747600.0,0.192679993
21751200.0,0.38639999399999997
21754800.0,0.215589996
21758400.0,0.132369995
21762000.0,0.11370999899999999
21765600.0,0.106
21769200.0,0.10072000099999999
21772800.0,0.101160004
21776400.0,0.098480003
21780000.0,0.09916999800000001
21783600.0,0.10013999900000001
21787200.0,0.107639999
21790800.0,0.13103999300000002
21794400.0,0.218809998
21798000.0,0.171919998
21801600.0,0.125900002
21805200.0,0.107330002
21808800.0,0.097199997
21812400.0,0.08030000300000001
21816000.0,0.078
21819600.0,0.082099998
21823200.0,0.083199997
21826800.0,0.09670999899999999
21830400.0,0.123660004
21834000.0,0.17058999600000002
21837600.0,0.275190002
21841200.0,0.169070007
21844800.0,0.122940002
21848400.0,0.10158000199999999
21852000.0,0.087629997
21855600.0,0.08256999999999999
21859200.0,0.079239998
21862800.0,0.071540001
21866400.0,0.065230003
21870000.0,0.065169998
21873600.0,0.066599998
21877200.0,0.085870003
21880800.0,0.085800003
21884400.0,0.087
21888000.0,0.063630001
21891600.0,0.04109
21895200.0,0.008230000000000001
21898800.0,0.00408
21902400.0,0.00297
21906000.0,0.00425
21909600.0,0.00282
21913200.0,0.008960000000000001
21916800.0,0.068
21920400.0,0.10668000000000001
21924000.0,0.128
21927600.0,0.123019997
21931200.0,0.103190002
21934800.0,0.081199997
21938400.0,0.063889999
21942000.0,0.018190000999999997
21945600.0,0.018040001
21949200.0,0.015189999999999999
21952800.0,0.011130000000000001
21956400.0,0.01314
21960000.0,0.01307
21963600.0,0.030100000000000002
21967200.0,0.06
21970800.0,0.071199997
21974400.0,0.044419998
21978000.0,0.00233
21981600.0,0.0
21985200.0,-0.00183
21988800.0,-0.004059999999999999
21992400.0,-0.0020099999999999996
21996000.0,-0.0009599999999999999
21999600.0,-1e-05
22003200.0,0.051630001
22006800.0,0.090889999
22010400.0,0.12
22014000.0,0.123800003
22017600.0,0.102989998
22021200.0,0.0895
22024800.0,0.072260002
22028400.0,0.04684000000000001
22032000.0,0.0345
22035600.0,0.024399999999999998
22039200.0,0.019649999999999997
22042800.0,0.019709999
22046400.0,0.01899
22050000.0,0.02109
22053600.0,0.036549999
22057200.0,0.039
22060800.0,0.037
22064400.0,0.0143
22068000.0,0.00237
22071600.0,0.00136
22075200.0,0.00132
22078800.0,0.0013700000000000001
22082400.0,0.0
22086000.0,0.0038799999999999998
22089600.0,0.063
22093200.0,0.097510002
22096800.0,0.11693
22100400.0,0.118769997
22104000.0,0.111169998
22107600.0,0.1
22111200.0,0.08718000000000001
22114800.0,0.085690002
22118400.0,0.07757
22122000.0,0.080610001
22125600.0,0.08593
22129200.0,0.09376999700000001
22132800.0,0.09981999999999999
22136400.0,0.10075
22140000.0,0.105360001
22143600.0,0.10848000299999999
22147200.0,0.087779999
22150800.0,0.06168
22154400.0,0.01758
22158000.0,0.00652
22161600.0,1e-05
22165200.0,0.0
22168800.0,0.0
22172400.0,0.01933
22176000.0,0.098199997
22179600.0,0.124339996
22183200.0,0.142020004
22186800.0,0.123220001
22190400.0,0.089669998
22194000.0,0.07163999900000001
22197600.0,0.01427
22201200.0,0.01581
22204800.0,0.00387
22208400.0,0.00139
22212000.0,1e-05
22215600.0,0.0
22219200.0,0.0009
22222800.0,-5.9999999999999995e-05
22226400.0,0.0
22230000.0,0.0033399999999999997
22233600.0,0.00234
22237200.0,0.00428
22240800.0,0.00041999999999999996
22244400.0,0.0
22248000.0,-1e-05
22251600.0,-1e-05
22255200.0,-7.000000000000001e-05
22258800.0,0.0
22262400.0,0.00174
22266000.0,0.0039
22269600.0,0.02558
22273200.0,0.00401
22276800.0,0.0028399999999999996
22280400.0,0.0029100000000000003
22284000.0,5.9999999999999995e-05
22287600.0,0.00164
22291200.0,-5e-05
22294800.0,-0.00011
22298400.0,-0.0005600000000000001
22302000.0,0.0
22305600.0,0.00019
22309200.0,0.00232
22312800.0,0.01868
22316400.0,0.024
22320000.0,0.01
22323600.0,0.00285
22327200.0,0.00127
22330800.0,0.00013000000000000002
22334400.0,0.00065
22338000.0,0.0016899999999999999
22341600.0,0.0007700000000000001
22345200.0,0.0016699999999999998
22348800.0,0.0028399999999999996
22352400.0,0.0044599999999999996
22356000.0,0.0067
22359600.0,0.00574
22363200.0,0.0029
22366800.0,0.00414
22370400.0,0.004
22374000.0,0.00237
22377600.0,0.00302
22381200.0,0.00307
22384800.0,0.00307
22388400.0,0.00309
22392000.0,0.00413
22395600.0,0.01
22399200.0,0.059889999000000006
22402800.0,0.052349998
22406400.0,0.00429
22410000.0,0.0040999999999999995
22413600.0,0.00412
22417200.0,0.0091
22420800.0,0.00429
22424400.0,0.00563
22428000.0,0.0071200000000000005
22431600.0,0.006690000000000001
22435200.0,0.05
22438800.0,0.092769997
22442400.0,0.116209999
22446000.0,0.110790001
22449600.0,0.09082
22453200.0,0.07619999699999999
22456800.0,0.06
22460400.0,0.034509998
22464000.0,0.027700001000000002
22467600.0,0.01948
22471200.0,0.01442
22474800.0,0.00908
22478400.0,0.0091
22482000.0,0.045060001
22485600.0,0.080199997
22489200.0,0.092
22492800.0,0.072940002
22496400.0,0.052240001999999994
22500000.0,0.005889999999999999
22503600.0,0.0023599999999999997
22507200.0,0.00222
22510800.0,0.002
22514400.0,0.00234
22518000.0,0.01531
22521600.0,0.049900002
22525200.0,0.079239998
22528800.0,0.09845999899999999
22532400.0,0.015
22536000.0,0.00905
22539600.0,0.005730000000000001
22543200.0,0.004
22546800.0,0.0016799999999999999
22550400.0,0.00684
22554000.0,0.0036
22557600.0,0.00639
22561200.0,0.00819
22564800.0,0.034029999
22568400.0,0.056
22572000.0,0.089
22575600.0,0.10397000099999999
22579200.0,0.09518
22582800.0,0.053700001
22586400.0,0.01303
22590000.0,0.0023599999999999997
22593600.0,0.0024300000000000003
22597200.0,0.00218
22600800.0,0.011970000000000001
22604400.0,0.04984
22608000.0,0.08477999900000001
22611600.0,0.103
22615200.0,0.141399994
22618800.0,0.142699997
22622400.0,0.11181999999999999
22626000.0,0.086040001
22629600.0,0.07893
22633200.0,0.087239998
22636800.0,0.077910004
22640400.0,0.074989998
22644000.0,0.074800003
22647600.0,0.07479000100000001
22651200.0,0.08020999899999999
22654800.0,0.088510002
22658400.0,0.08697000099999999
22662000.0,0.07529000100000001
22665600.0,0.0249
22669200.0,0.00302
22672800.0,0.002
22676400.0,0.00159
22680000.0,0.00025
22683600.0,8e-05
22687200.0,0.0014299999999999998
22690800.0,0.026360001
22694400.0,0.093839996
22698000.0,0.12273000299999999
22701600.0,0.128619995
22705200.0,0.09908000199999999
22708800.0,0.081949997
22712400.0,0.070059998
22716000.0,0.047209999
22719600.0,0.00807
22723200.0,0.0037
22726800.0,0.0034
22730400.0,0.00165
22734000.0,0.0016200000000000001
22737600.0,-1e-05
22741200.0,-1e-05
22744800.0,0.0010400000000000001
22748400.0,0.0030099999999999997
22752000.0,0.00131
22755600.0,0.0
22759200.0,-8.999999999999999e-05
22762800.0,-0.0012
22766400.0,-0.00161
22770000.0,-0.00131
22773600.0,-1e-05
22777200.0,0.00027
22780800.0,0.0030499999999999998
22784400.0,0.0043
22788000.0,0.069940002
22791600.0,0.040400002
22795200.0,0.041990002
22798800.0,0.014070000000000001
22802400.0,0.020049999
22806000.0,0.00307
22809600.0,0.0039
22813200.0,0.004019999999999999
22816800.0,0.004019999999999999
22820400.0,0.0031
22824000.0,0.0033399999999999997
22827600.0,0.00592
22831200.0,0.05
22834800.0,0.10072000099999999
22838400.0,0.022719999
22842000.0,0.0044
22845600.0,0.00302
22849200.0,0.00231
22852800.0,0.0024
22856400.0,0.0030299999999999997
22860000.0,0.0024
22863600.0,0.0030600000000000002
22867200.0,0.077910004
22870800.0,0.128080002
22874400.0,0.140919998
22878000.0,0.13
22881600.0,0.114239998
22885200.0,0.097720001
22888800.0,0.089989998
22892400.0,0.088599998
22896000.0,0.09
22899600.0,0.089730003
22903200.0,0.08993000000000001
22906800.0,0.09133999599999999
22910400.0,0.098110001
22914000.0,0.122010002
22917600.0,0.172360001
22921200.0,0.162800003
22924800.0,0.125760002
22928400.0,0.093919998
22932000.0,0.085510002
22935600.0,0.077540001
22939200.0,0.074239998
22942800.0,0.07425
22946400.0,0.084110001
22950000.0,0.085760002
22953600.0,0.102900002
22957200.0,0.136830002
22960800.0,0.14958000200000002
22964400.0,0.11581999999999999
22968000.0,0.09401999700000001
22971600.0,0.084910004
22975200.0,0.084099998
22978800.0,0.08266999800000001
22982400.0,0.08231999999999999
22986000.0,0.081610001
22989600.0,0.077949997
22993200.0,0.078589996
22996800.0,0.08266999800000001
23000400.0,0.109760002
23004000.0,0.118010002
23007600.0,0.120449997
23011200.0,0.107
23014800.0,0.085540001
23018400.0,0.070089996
23022000.0,0.027100000000000003
23025600.0,0.01066
23029200.0,0.0099
23032800.0,0.015
23036400.0,0.066099998
23040000.0,0.085690002
23043600.0,0.113080002
23047200.0,0.11593
23050800.0,0.113949997
23054400.0,0.09129000100000001
23058000.0,0.0855
23061600.0,0.06968
23065200.0,0.073300003
23068800.0,0.069690002
23072400.0,0.067809998
23076000.0,0.068089996
23079600.0,0.071690002
23083200.0,0.077330002
23086800.0,0.108550003
23090400.0,0.124260002
23094000.0,0.125580002
23097600.0,0.104879997
23101200.0,0.077949997
23104800.0,0.069239998
23108400.0,0.03818
23112000.0,0.016030001
23115600.0,0.0201
23119200.0,0.04366
23122800.0,0.075
23126400.0,0.08879000100000001
23130000.0,0.117040001
23133600.0,0.121470001
23137200.0,0.12375
23140800.0,0.10583000199999999
23144400.0,0.09476999700000001
23148000.0,0.081089996
23151600.0,0.07848000299999999
23155200.0,0.075
23158800.0,0.073169998
23162400.0,0.07318000000000001
23166000.0,0.07493000000000001
23169600.0,0.079730003
23173200.0,0.090769997
23176800.0,0.117099998
23180400.0,0.12355999799999999
23184000.0,0.103730003
23187600.0,0.061349998
23191200.0,0.0067
23194800.0,0.0040999999999999995
23198400.0,0.0054
23202000.0,0.0044
23205600.0,0.00684
23209200.0,0.0067
23212800.0,0.039360001
23216400.0,0.086300003
23220000.0,0.104739998
23223600.0,0.09480000300000001
23227200.0,0.08
23230800.0,0.076400002
23234400.0,0.079779999
23238000.0,0.084989998
23241600.0,0.083260002
23245200.0,0.082699997
23248800.0,0.08156999999999999
23252400.0,0.08031999999999999
23256000.0,0.081620003
23259600.0,0.09029000100000001
23263200.0,0.100989998
23266800.0,0.10654000100000001
23270400.0,0.09444000200000001
23274000.0,0.054369999
23277600.0,0.01509
23281200.0,0.0059900000000000005
23284800.0,0.0074
23288400.0,0.01
23292000.0,0.054689999
23295600.0,0.08566999800000001
23299200.0,0.1065
23302800.0,0.132929993
23306400.0,0.145919998
23310000.0,0.122529999
23313600.0,0.113019997
23317200.0,0.104639999
23320800.0,0.099540001
23324400.0,0.095349998
23328000.0,0.092330002
23331600.0,0.091970001
23335200.0,0.091470001
23338800.0,0.097769997
23342400.0,0.097580002
23346000.0,0.100910004
23349600.0,0.10579000100000001
23353200.0,0.098769997
23356800.0,0.095040001
23360400.0,0.082080002
23364000.0,0.037470001
23367600.0,0.017110001
23371200.0,0.00853
23374800.0,0.013
23378400.0,0.061330002
23382000.0,0.086
23385600.0,0.105889999
23389200.0,0.131020004
23392800.0,0.137970001
23396400.0,0.12593000000000001
23400000.0,0.113510002
23403600.0,0.102290001
23407200.0,0.095739998
23410800.0,0.09094999699999999
23414400.0,0.088760002
23418000.0,0.087879997
23421600.0,0.087940002
23425200.0,0.08830999799999999
23428800.0,0.098370003
23432400.0,0.12793000000000002
23436000.0,0.222440002
23439600.0,0.16691000399999997
23443200.0,0.12205999799999999
23446800.0,0.090209999
23450400.0,0.084949997
23454000.0,0.078709999
23457600.0,0.077080002
23461200.0,0.08333000199999999
23464800.0,0.087400002
23468400.0,0.099980003
23472000.0,0.140789993
23475600.0,0.302649994
23479200.0,0.40677999899999995
23482800.0,0.167600006
23486400.0,0.123849998
23490000.0,0.108300003
23493600.0,0.09368000000000001
23497200.0,0.09743
23500800.0,0.09144999699999999
23504400.0,0.098480003
23508000.0,0.092220001
23511600.0,0.09845999899999999
23515200.0,0.107989998
23518800.0,0.141860001
23522400.0,0.244
23526000.0,0.209229996
23529600.0,0.141850006
23533200.0,0.115199997
23536800.0,0.096720001
23540400.0,0.087910004
23544000.0,0.086040001
23547600.0,0.087260002
23551200.0,0.09680000300000001
23554800.0,0.104029999
23558400.0,0.142639999
23562000.0,0.294540009
23565600.0,0.357769989
23569200.0,0.147279999
23572800.0,0.116040001
23576400.0,0.101629997
23580000.0,0.09254000100000001
23583600.0,
23587200.0,
23590800.0,
23594400.0,
23598000.0,
23601600.0,
23605200.0,
23608800.0,
23612400.0,
23616000.0,
23619600.0,
23623200.0,
23626800.0,
23630400.0,
23634000.0,
23637600.0,
23641200.0,
23644800.0,
23648400.0,
23652000.0,
23655600.0,
23659200.0,
23662800.0,
23666400.0,
23670000.0,
23673600.0,
23677200.0,
23680800.0,
23684400.0,
23688000.0,
23691600.0,
23695200.0,
23698800.0,
23702400.0,
23706000.0,
23709600.0,
23713200.0,
23716800.0,
23720400.0,
23724000.0,
23727600.0,
23731200.0,
23734800.0,
23738400.0,
23742000.0,
23745600.0,
23749200.0,
23752800.0,
23756400.0,
23760000.0,
23763600.0,
23767200.0,
23770800.0,
23774400.0,
23778000.0,
23781600.0,
23785200.0,
23788800.0,
23792400.0,
23796000.0,
23799600.0,
23803200.0,
23806800.0,
23810400.0,
23814000.0,
23817600.0,
23821200.0,
23824800.0,
23828400.0,
23832000.0,
23835600.0,
23839200.0,
23842800.0,
23846400.0,
23850000.0,
23853600.0,
23857200.0,
23860800.0,
23864400.0,
23868000.0,
23871600.0,
23875200.0,
23878800.0,
23882400.0,
23886000.0,
23889600.0,
23893200.0,
23896800.0,
23900400.0,
23904000.0,
23907600.0,
23911200.0,
23914800.0,
23918400.0,
23922000.0,
23925600.0,
23929200.0,
23932800.0,
23936400.0,
23940000.0,
23943600.0,
23947200.0,
23950800.0,
23954400.0,
23958000.0,
23961600.0,
23965200.0,
23968800.0,
23972400.0,
23976000.0,
23979600.0,
23983200.0,
23986800.0,
23990400.0,
23994000.0,
23997600.0,
24001200.0,
24004800.0,
24008400.0,
24012000.0,
24015600.0,
24019200.0,
24022800.0,
24026400.0,
24030000.0,
24033600.0,
24037200.0,
24040800.0,
24044400.0,
24048000.0,
24051600.0,
24055200.0,
24058800.0,
24062400.0,
24066000.0,
24069600.0,
24073200.0,
24076800.0,
24080400.0,
24084000.0,
24087600.0,
24091200.0,
24094800.0,
24098400.0,
24102000.0,
24105600.0,
24109200.0,
24112800.0,
24116400.0,
24120000.0,
24123600.0,
24127200.0,
24130800.0,
24134400.0,
24138000.0,
24141600.0,
24145200.0,
24148800.0,
24152400.0,
24156000.0,
24159600.0,
24163200.0,
24166800.0,
24170400.0,
24174000.0,
24177600.0,
24181200.0,
24184800.0,
24188400.0,
24192000.0,
24195600.0,
24199200.0,
24202800.0,
24206400.0,
24210000.0,
24213600.0,
24217200.0,
24220800.0,
24224400.0,
24228000.0,
24231600.0,
24235200.0,
24238800.0,
24242400.0,
24246000.0,
24249600.0,
24253200.0,
24256800.0,
24260400.0,
24264000.0,
24267600.0,
24271200.0,
24274800.0,
24278400.0,
24282000.0,
24285600.0,
24289200.0,
24292800.0,
24296400.0,
24300000.0,
24303600.0,
24307200.0,
24310800.0,
24314400.0,
24318000.0,
24321600.0,
24325200.0,
24328800.0,
24332400.0,
24336000.0,
24339600.0,
24343200.0,
24346800.0,
24350400.0,
24354000.0,
24357600.0,
24361200.0,
24364800.0,
24368400.0,
24372000.0,
24375600.0,
24379200.0,
24382800.0,
24386400.0,
24390000.0,
24393600.0,
24397200.0,
24400800.0,
24404400.0,
24408000.0,
24411600.0,
24415200.0,
24418800.0,
24422400.0,
24426000.0,
24429600.0,
24433200.0,
24436800.0,
24440400.0,
24444000.0,
24447600.0,
24451200.0,
24454800.0,
24458400.0,
24462000.0,
24465600.0,
24469200.0,
24472800.0,
24476400.0,
24480000.0,
24483600.0,
24487200.0,
24490800.0,
24494400.0,
24498000.0,
24501600.0,
24505200.0,
24508800.0,
24512400.0,
24516000.0,
24519600.0,
24523200.0,
24526800.0,
24530400.0,
24534000.0,
24537600.0,
24541200.0,
24544800.0,
24548400.0,
24552000.0,
24555600.0,
24559200.0,
24562800.0,
24566400.0,
24570000.0,
24573600.0,
24577200.0,
24580800.0,
24584400.0,
24588000.0,
24591600.0,
24595200.0,
24598800.0,
24602400.0,
24606000.0,
24609600.0,
24613200.0,
24616800.0,
24620400.0,
24624000.0,
24627600.0,
24631200.0,
24634800.0,
24638400.0,
24642000.0,
24645600.0,
24649200.0,
24652800.0,
24656400.0,
24660000.0,
24663600.0,
24667200.0,
24670800.0,
24674400.0,
24678000.0,
24681600.0,
24685200.0,
24688800.0,
24692400.0,
24696000.0,
24699600.0,
24703200.0,
24706800.0,
24710400.0,
24714000.0,
24717600.0,
24721200.0,
24724800.0,
24728400.0,
24732000.0,
24735600.0,
24739200.0,
24742800.0,
24746400.0,
24750000.0,
24753600.0,
24757200.0,
24760800.0,
24764400.0,
24768000.0,
24771600.0,
24775200.0,
24778800.0,
24782400.0,
24786000.0,
24789600.0,
24793200.0,
24796800.0,
24800400.0,
24804000.0,
24807600.0,
24811200.0,
24814800.0,
24818400.0,
24822000.0,
24825600.0,
24829200.0,
24832800.0,
24836400.0,
24840000.0,
24843600.0,
24847200.0,
24850800.0,
24854400.0,
24858000.0,
24861600.0,
24865200.0,
24868800.0,
24872400.0,
24876000.0,
24879600.0,
24883200.0,
24886800.0,
24890400.0,
24894000.0,
24897600.0,
24901200.0,
24904800.0,
24908400.0,
24912000.0,
24915600.0,
24919200.0,
24922800.0,
24926400.0,
24930000.0,
24933600.0,
24937200.0,
24940800.0,
24944400.0,
24948000.0,
24951600.0,
24955200.0,
24958800.0,
24962400.0,
24966000.0,
24969600.0,
24973200.0,
24976800.0,
24980400.0,
24984000.0,
24987600.0,
24991200.0,
24994800.0,
24998400.0,
25002000.0,
25005600.0,
25009200.0,
25012800.0,
25016400.0,
25020000.0,
25023600.0,
25027200.0,
25030800.0,
25034400.0,
25038000.0,
25041600.0,
25045200.0,
25048800.0,
25052400.0,
25056000.0,
25059600.0,
25063200.0,
25066800.0,
25070400.0,
25074000.0,
25077600.0,
25081200.0,
25084800.0,
25088400.0,
25092000.0,
25095600.0,
25099200.0,
25102800.0,
25106400.0,
25110000.0,
25113600.0,
25117200.0,
25120800.0,
25124400.0,
25128000.0,
25131600.0,
25135200.0,
25138800.0,
25142400.0,
25146000.0,
25149600.0,
25153200.0,
25156800.0,
25160400.0,
25164000.0,
25167600.0,
25171200.0,
25174800.0,
25178400.0,
25182000.0,
25185600.0,
25189200.0,
25192800.0,
25196400.0,
25200000.0,
25203600.0,
25207200.0,
25210800.0,
25214400.0,
25218000.0,
25221600.0,
25225200.0,
25228800.0,
25232400.0,
25236000.0,
25239600.0,
25243200.0,
25246800.0,
25250400.0,
25254000.0,
25257600.0,
25261200.0,
25264800.0,
25268400.0,
25272000.0,
25275600.0,
25279200.0,
25282800.0,
25286400.0,
25290000.0,
25293600.0,
25297200.0,
25300800.0,
25304400.0,
25308000.0,
25311600.0,
25315200.0,
25318800.0,
25322400.0,
25326000.0,
25329600.0,
25333200.0,
25336800.0,
25340400.0,
25344000.0,
25347600.0,
25351200.0,
25354800.0,
25358400.0,
25362000.0,
25365600.0,
25369200.0,
25372800.0,
25376400.0,
25380000.0,
25383600.0,
25387200.0,
25390800.0,
25394400.0,
25398000.0,
25401600.0,
25405200.0,
25408800.0,
25412400.0,
25416000.0,
25419600.0,
25423200.0,
25426800.0,
25430400.0,
25434000.0,
25437600.0,
25441200.0,
25444800.0,
25448400.0,
25452000.0,
25455600.0,
25459200.0,
25462800.0,
25466400.0,
25470000.0,
25473600.0,
25477200.0,
25480800.0,
25484400.0,
25488000.0,
25491600.0,
25495200.0,
25498800.0,
25502400.0,
25506000.0,
25509600.0,
25513200.0,
25516800.0,
25520400.0,
25524000.0,
25527600.0,
25531200.0,
25534800.0,
25538400.0,
25542000.0,
25545600.0,
25549200.0,
25552800.0,
25556400.0,
25560000.0,
25563600.0,
25567200.0,
25570800.0,
25574400.0,
25578000.0,
25581600.0,
25585200.0,
25588800.0,
25592400.0,
25596000.0,
25599600.0,
25603200.0,
25606800.0,
25610400.0,
25614000.0,
25617600.0,
25621200.0,
25624800.0,
25628400.0,
25632000.0,
25635600.0,
25639200.0,
25642800.0,
25646400.0,
25650000.0,
25653600.0,
25657200.0,
25660800.0,
25664400.0,
25668000.0,
25671600.0,
25675200.0,
25678800.0,
25682400.0,
25686000.0,
25689600.0,
25693200.0,
25696800.0,
25700400.0,
25704000.0,
25707600.0,
25711200.0,
25714800.0,
25718400.0,
25722000.0,
25725600.0,
25729200.0,
25732800.0,
25736400.0,
25740000.0,
25743600.0,
25747200.0,
25750800.0,
25754400.0,
25758000.0,
25761600.0,
25765200.0,
25768800.0,
25772400.0,
25776000.0,
25779600.0,
25783200.0,
25786800.0,
25790400.0,
25794000.0,
25797600.0,
25801200.0,
25804800.0,
25808400.0,
25812000.0,
25815600.0,
25819200.0,
25822800.0,
25826400.0,
25830000.0,
25833600.0,
25837200.0,
25840800.0,
25844400.0,
25848000.0,
25851600.0,
25855200.0,
25858800.0,
25862400.0,
25866000.0,
25869600.0,
25873200.0,
25876800.0,
25880400.0,
25884000.0,
25887600.0,
25891200.0,
25894800.0,
25898400.0,
25902000.0,
25905600.0,
25909200.0,
25912800.0,
25916400.0,
25920000.0,
25923600.0,
25927200.0,
25930800.0,
25934400.0,
25938000.0,
25941600.0,
25945200.0,
25948800.0,
25952400.0,
25956000.0,
25959600.0,
25963200.0,
25966800.0,
25970400.0,
25974000.0,
25977600.0,
25981200.0,
25984800.0,
25988400.0,
25992000.0,
25995600.0,
25999200.0,
26002800.0,
26006400.0,
26010000.0,
26013600.0,
26017200.0,
26020800.0,
26024400.0,
26028000.0,
26031600.0,
26035200.0,
26038800.0,
26042400.0,
26046000.0,
26049600.0,
26053200.0,
26056800.0,
26060400.0,
26064000.0,
26067600.0,
26071200.0,
26074800.0,
26078400.0,
26082000.0,
26085600.0,
26089200.0,
26092800.0,
26096400.0,
26100000.0,
26103600.0,
26107200.0,
26110800.0,
26114400.0,
26118000.0,
26121600.0,
26125200.0,
26128800.0,
26132400.0,
26136000.0,
26139600.0,
26143200.0,
26146800.0,
26150400.0,
26154000.0,
26157600.0,
26161200.0,
26164800.0,
26168400.0,
26172000.0,
26175600.0,
26179200.0,
26182800.0,
26186400.0,
26190000.0,
26193600.0,
26197200.0,
26200800.0,
26204400.0,
26208000.0,
26211600.0,
26215200.0,
26218800.0,
26222400.0,
26226000.0,
26229600.0,
26233200.0,
26236800.0,
26240400.0,
26244000.0,
26247600.0,
26251200.0,
26254800.0,
26258400.0,
26262000.0,
26265600.0,
26269200.0,
26272800.0,
26276400.0,
26280000.0,
26283600.0,
26287200.0,
26290800.0,
26294400.0,
26298000.0,
26301600.0,
26305200.0,
26308800.0,
26312400.0,
26316000.0,
26319600.0,
26323200.0,
26326800.0,
26330400.0,
26334000.0,
26337600.0,
26341200.0,
26344800.0,
26348400.0,
26352000.0,
26355600.0,
26359200.0,
26362800.0,
26366400.0,
26370000.0,
26373600.0,
26377200.0,
26380800.0,
26384400.0,
26388000.0,
26391600.0,
26395200.0,
26398800.0,
26402400.0,
26406000.0,
26409600.0,
26413200.0,
26416800.0,
26420400.0,
26424000.0,
26427600.0,
26431200.0,
26434800.0,
26438400.0,
26442000.0,
26445600.0,
26449200.0,
26452800.0,
26456400.0,
26460000.0,
26463600.0,
26467200.0,
26470800.0,
26474400.0,
26478000.0,
26481600.0,
26485200.0,
26488800.0,
26492400.0,
26496000.0,
26499600.0,
26503200.0,
26506800.0,
26510400.0,
26514000.0,
26517600.0,
26521200.0,
26524800.0,
26528400.0,
26532000.0,
26535600.0,
26539200.0,
26542800.0,
26546400.0,
26550000.0,
26553600.0,
26557200.0,
26560800.0,
26564400.0,
26568000.0,
26571600.0,
26575200.0,
26578800.0,
26582400.0,
26586000.0,
26589600.0,
26593200.0,
26596800.0,
26600400.0,
26604000.0,
26607600.0,
26611200.0,
26614800.0,
26618400.0,
26622000.0,
26625600.0,
26629200.0,
26632800.0,
26636400.0,
26640000.0,
26643600.0,
26647200.0,
26650800.0,
26654400.0,
26658000.0,
26661600.0,
26665200.0,
26668800.0,
26672400.0,
26676000.0,
26679600.0,
26683200.0,
26686800.0,
26690400.0,
26694000.0,
26697600.0,
26701200.0,
26704800.0,
26708400.0,
26712000.0,
26715600.0,
26719200.0,
26722800.0,
26726400.0,
26730000.0,
26733600.0,
26737200.0,
26740800.0,
26744400.0,
26748000.0,
26751600.0,
26755200.0,
26758800.0,
26762400.0,
26766000.0,
26769600.0,
26773200.0,
26776800.0,
26780400.0,
26784000.0,
26787600.0,
26791200.0,
26794800.0,
26798400.0,
26802000.0,
26805600.0,
26809200.0,
26812800.0,
26816400.0,
26820000.0,
26823600.0,
26827200.0,
26830800.0,
26834400.0,
26838000.0,
26841600.0,
26845200.0,
26848800.0,
26852400.0,
26856000.0,
26859600.0,
26863200.0,
26866800.0,
26870400.0,
26874000.0,
26877600.0,
26881200.0,
26884800.0,
26888400.0,
26892000.0,
26895600.0,
26899200.0,
26902800.0,
26906400.0,
26910000.0,
26913600.0,
26917200.0,
26920800.0,
26924400.0,
26928000.0,
26931600.0,
26935200.0,
26938800.0,
26942400.0,
26946000.0,
26949600.0,
26953200.0,
26956800.0,
26960400.0,
26964000.0,
26967600.0,
26971200.0,
26974800.0,
26978400.0,
26982000.0,
26985600.0,
26989200.0,
26992800.0,
26996400.0,
27000000.0,
27003600.0,
27007200.0,
27010800.0,
27014400.0,
27018000.0,
27021600.0,
27025200.0,
27028800.0,
27032400.0,
27036000.0,
27039600.0,
27043200.0,
27046800.0,
27050400.0,
27054000.0,
27057600.0,
27061200.0,
27064800.0,
27068400.0,
27072000.0,
27075600.0,
27079200.0,
27082800.0,
27086400.0,
27090000.0,
27093600.0,
27097200.0,
27100800.0,
27104400.0,
27108000.0,
27111600.0,
27115200.0,
27118800.0,
27122400.0,
27126000.0,
27129600.0,
27133200.0,
27136800.0,
27140400.0,
27144000.0,
27147600.0,
27151200.0,
27154800.0,
27158400.0,
27162000.0,
27165600.0,
27169200.0,
27172800.0,
27176400.0,
27180000.0,
27183600.0,
27187200.0,
27190800.0,
27194400.0,
27198000.0,
27201600.0,
27205200.0,
27208800.0,
27212400.0,
27216000.0,
27219600.0,
27223200.0,
27226800.0,
27230400.0,
27234000.0,
27237600.0,
27241200.0,
27244800.0,
27248400.0,
27252000.0,
27255600.0,
27259200.0,
27262800.0,
27266400.0,
27270000.0,
27273600.0,
27277200.0,
27280800.0,
27284400.0,
27288000.0,
27291600.0,
27295200.0,
27298800.0,
27302400.0,
27306000.0,
27309600.0,
27313200.0,
27316800.0,
27320400.0,
27324000.0,
27327600.0,
27331200.0,
27334800.0,
27338400.0,
27342000.0,
27345600.0,
27349200.0,
27352800.0,
27356400.0,
27360000.0,
27363600.0,
27367200.0,
27370800.0,
27374400.0,
27378000.0,
27381600.0,
27385200.0,
27388800.0,
27392400.0,
27396000.0,
27399600.0,
27403200.0,
27406800.0,
27410400.0,
27414000.0,
27417600.0,
27421200.0,
27424800.0,
27428400.0,
27432000.0,
27435600.0,
27439200.0,
27442800.0,
27446400.0,
27450000.0,
27453600.0,
27457200.0,
27460800.0,
27464400.0,
27468000.0,
27471600.0,
27475200.0,
27478800.0,
27482400.0,
27486000.0,
27489600.0,
27493200.0,
27496800.0,
27500400.0,
27504000.0,
27507600.0,
27511200.0,
27514800.0,
27518400.0,
27522000.0,
27525600.0,
27529200.0,
27532800.0,
27536400.0,
27540000.0,
27543600.0,
27547200.0,
27550800.0,
27554400.0,
27558000.0,
27561600.0,
27565200.0,
27568800.0,
27572400.0,
27576000.0,
27579600.0,
27583200.0,
27586800.0,
27590400.0,
27594000.0,
27597600.0,
27601200.0,
27604800.0,
27608400.0,
27612000.0,
27615600.0,
27619200.0,
27622800.0,
27626400.0,
27630000.0,
27633600.0,
27637200.0,
27640800.0,
27644400.0,
27648000.0,
27651600.0,
27655200.0,
27658800.0,
27662400.0,
27666000.0,
27669600.0,
27673200.0,
27676800.0,
27680400.0,
27684000.0,
27687600.0,
27691200.0,
27694800.0,
27698400.0,
27702000.0,
27705600.0,
27709200.0,
27712800.0,
27716400.0,
27720000.0,
27723600.0,
27727200.0,
27730800.0,
27734400.0,
27738000.0,
27741600.0,
27745200.0,
27748800.0,
27752400.0,
27756000.0,
27759600.0,
27763200.0,
27766800.0,
27770400.0,
27774000.0,
27777600.0,
27781200.0,
27784800.0,
27788400.0,
27792000.0,
27795600.0,
27799200.0,
27802800.0,
27806400.0,
27810000.0,
27813600.0,
27817200.0,
27820800.0,
27824400.0,
27828000.0,
27831600.0,
27835200.0,
27838800.0,
27842400.0,
27846000.0,
27849600.0,
27853200.0,
27856800.0,
27860400.0,
27864000.0,
27867600.0,
27871200.0,
27874800.0,
27878400.0,
27882000.0,
27885600.0,
27889200.0,
27892800.0,
27896400.0,
27900000.0,
27903600.0,
27907200.0,
27910800.0,
27914400.0,
27918000.0,
27921600.0,
27925200.0,
27928800.0,
27932400.0,
27936000.0,
27939600.0,
27943200.0,
27946800.0,
27950400.0,
27954000.0,
27957600.0,
27961200.0,
27964800.0,
27968400.0,
27972000.0,
27975600.0,
27979200.0,
27982800.0,
27986400.0,
27990000.0,
27993600.0,
27997200.0,
28000800.0,
28004400.0,
28008000.0,
28011600.0,
28015200.0,
28018800.0,
28022400.0,
28026000.0,
28029600.0,
28033200.0,
28036800.0,
28040400.0,
28044000.0,
28047600.0,
28051200.0,
28054800.0,
28058400.0,
28062000.0,
28065600.0,
28069200.0,
28072800.0,
28076400.0,
28080000.0,
28083600.0,
28087200.0,
28090800.0,
28094400.0,
28098000.0,
28101600.0,
28105200.0,
28108800.0,
28112400.0,
28116000.0,
28119600.0,
28123200.0,
28126800.0,
28130400.0,
28134000.0,
28137600.0,
28141200.0,
28144800.0,
28148400.0,
28152000.0,
28155600.0,
28159200.0,
28162800.0,
28166400.0,
28170000.0,
28173600.0,
28177200.0,
28180800.0,
28184400.0,
28188000.0,
28191600.0,
28195200.0,
28198800.0,
28202400.0,
28206000.0,
28209600.0,
28213200.0,
28216800.0,
28220400.0,
28224000.0,
28227600.0,
28231200.0,
28234800.0,
28238400.0,
28242000.0,
28245600.0,
28249200.0,
28252800.0,
28256400.0,
28260000.0,
28263600.0,
28267200.0,
28270800.0,
28274400.0,
28278000.0,
28281600.0,
28285200.0,
28288800.0,
28292400.0,
28296000.0,
28299600.0,
28303200.0,
28306800.0,
28310400.0,
28314000.0,
28317600.0,
28321200.0,
28324800.0,
28328400.0,
28332000.0,
28335600.0,
28339200.0,
28342800.0,
28346400.0,
28350000.0,
28353600.0,
28357200.0,
28360800.0,
28364400.0,
28368000.0,
28371600.0,
28375200.0,
28378800.0,
28382400.0,
28386000.0,
28389600.0,
28393200.0,
28396800.0,
28400400.0,
28404000.0,
28407600.0,
28411200.0,
28414800.0,
28418400.0,
28422000.0,
28425600.0,
28429200.0,
28432800.0,
28436400.0,
28440000.0,
28443600.0,
28447200.0,
28450800.0,
28454400.0,
28458000.0,
28461600.0,
28465200.0,
28468800.0,
28472400.0,
28476000.0,
28479600.0,
28483200.0,
28486800.0,
28490400.0,
28494000.0,
28497600.0,
28501200.0,
28504800.0,
28508400.0,
28512000.0,
28515600.0,
28519200.0,
28522800.0,
28526400.0,
28530000.0,
28533600.0,
28537200.0,
28540800.0,
28544400.0,
28548000.0,
28551600.0,
28555200.0,
28558800.0,
28562400.0,
28566000.0,
28569600.0,
28573200.0,
28576800.0,
28580400.0,
28584000.0,
28587600.0,
28591200.0,
28594800.0,
28598400.0,
28602000.0,
28605600.0,
28609200.0,
28612800.0,
28616400.0,
28620000.0,
28623600.0,
28627200.0,
28630800.0,
28634400.0,
28638000.0,
28641600.0,
28645200.0,
28648800.0,
28652400.0,
28656000.0,
28659600.0,
28663200.0,
28666800.0,
28670400.0,
28674000.0,
28677600.0,
28681200.0,
28684800.0,
28688400.0,
28692000.0,
28695600.0,
28699200.0,
28702800.0,
28706400.0,
28710000.0,
28713600.0,
28717200.0,
28720800.0,
28724400.0,
28728000.0,
28731600.0,
28735200.0,
28738800.0,
28742400.0,
28746000.0,
28749600.0,
28753200.0,
28756800.0,
28760400.0,
28764000.0,
28767600.0,
28771200.0,
28774800.0,
28778400.0,
28782000.0,
28785600.0,
28789200.0,
28792800.0,
28796400.0,
28800000.0,
28803600.0,
28807200.0,
28810800.0,
28814400.0,
28818000.0,
28821600.0,
28825200.0,
28828800.0,
28832400.0,
28836000.0,
28839600.0,
28843200.0,
28846800.0,
28850400.0,
28854000.0,
28857600.0,
28861200.0,
28864800.0,
28868400.0,
28872000.0,
28875600.0,
28879200.0,
28882800.0,
28886400.0,
28890000.0,
28893600.0,
28897200.0,
28900800.0,
28904400.0,
28908000.0,
28911600.0,
28915200.0,
28918800.0,
28922400.0,
28926000.0,
28929600.0,
28933200.0,
28936800.0,
28940400.0,
28944000.0,
28947600.0,
28951200.0,
28954800.0,
28958400.0,
28962000.0,
28965600.0,
28969200.0,
28972800.0,
28976400.0,
28980000.0,
28983600.0,
28987200.0,
28990800.0,
28994400.0,
28998000.0,
29001600.0,
29005200.0,
29008800.0,
29012400.0,
29016000.0,
29019600.0,
29023200.0,
29026800.0,
29030400.0,
29034000.0,
29037600.0,
29041200.0,
29044800.0,
29048400.0,
29052000.0,
29055600.0,
29059200.0,
29062800.0,
29066400.0,
29070000.0,
29073600.0,
29077200.0,
29080800.0,
29084400.0,
29088000.0,
29091600.0,
29095200.0,
29098800.0,
29102400.0,
29106000.0,
29109600.0,
29113200.0,
29116800.0,
29120400.0,
29124000.0,
29127600.0,
29131200.0,
29134800.0,
29138400.0,
29142000.0,
29145600.0,
29149200.0,
29152800.0,
29156400.0,
29160000.0,
29163600.0,
29167200.0,
29170800.0,
29174400.0,
29178000.0,
29181600.0,
29185200.0,
29188800.0,
29192400.0,
29196000.0,
29199600.0,
29203200.0,
29206800.0,
29210400.0,
29214000.0,
29217600.0,
29221200.0,
29224800.0,
29228400.0,
29232000.0,
29235600.0,
29239200.0,
29242800.0,
29246400.0,
29250000.0,
29253600.0,
29257200.0,
29260800.0,
29264400.0,
29268000.0,
29271600.0,
29275200.0,
29278800.0,
29282400.0,
29286000.0,
29289600.0,
29293200.0,
29296800.0,
29300400.0,
29304000.0,
29307600.0,
29311200.0,
29314800.0,
29318400.0,
29322000.0,
29325600.0,
29329200.0,
29332800.0,
29336400.0,
29340000.0,
29343600.0,
29347200.0,
29350800.0,
29354400.0,
29358000.0,
29361600.0,
29365200.0,
29368800.0,
29372400.0,
29376000.0,
29379600.0,
29383200.0,
29386800.0,
29390400.0,
29394000.0,
29397600.0,
29401200.0,
29404800.0,
29408400.0,
29412000.0,
29415600.0,
29419200.0,
29422800.0,
29426400.0,
29430000.0,
29433600.0,
29437200.0,
29440800.0,
29444400.0,
29448000.0,
29451600.0,
29455200.0,
29458800.0,
29462400.0,
29466000.0,
29469600.0,
29473200.0,
29476800.0,
29480400.0,
29484000.0,
29487600.0,
29491200.0,
29494800.0,
29498400.0,
29502000.0,
29505600.0,
29509200.0,
29512800.0,
29516400.0,
29520000.0,
29523600.0,
29527200.0,
29530800.0,
29534400.0,
29538000.0,
29541600.0,
29545200.0,
29548800.0,
29552400.0,
29556000.0,
29559600.0,
29563200.0,
29566800.0,
29570400.0,
29574000.0,
29577600.0,
29581200.0,
29584800.0,
29588400.0,
29592000.0,
29595600.0,
29599200.0,
29602800.0,
29606400.0,
29610000.0,
29613600.0,
29617200.0,
29620800.0,
29624400.0,
29628000.0,
29631600.0,
29635200.0,
29638800.0,
29642400.0,
29646000.0,
29649600.0,
29653200.0,
29656800.0,
29660400.0,
29664000.0,
29667600.0,
29671200.0,
29674800.0,
29678400.0,
29682000.0,
29685600.0,
29689200.0,
29692800.0,
29696400.0,
29700000.0,
29703600.0,
29707200.0,
29710800.0,
29714400.0,
29718000.0,
29721600.0,
29725200.0,
29728800.0,
29732400.0,
29736000.0,
29739600.0,
29743200.0,
29746800.0,
29750400.0,
29754000.0,
29757600.0,
29761200.0,
29764800.0,
29768400.0,
29772000.0,
29775600.0,
29779200.0,
29782800.0,
29786400.0,
29790000.0,
29793600.0,
29797200.0,
29800800.0,
29804400.0,
29808000.0,
29811600.0,
29815200.0,
29818800.0,
29822400.0,
29826000.0,
29829600.0,
29833200.0,
29836800.0,
29840400.0,
29844000.0,
29847600.0,
29851200.0,
29854800.0,
29858400.0,
29862000.0,
29865600.0,
29869200.0,
29872800.0,
29876400.0,
29880000.0,
29883600.0,
29887200.0,
29890800.0,
29894400.0,
29898000.0,
29901600.0,
29905200.0,
29908800.0,
29912400.0,
29916000.0,
29919600.0,
29923200.0,
29926800.0,
29930400.0,
29934000.0,
29937600.0,
29941200.0,
29944800.0,
29948400.0,
29952000.0,
29955600.0,
29959200.0,
29962800.0,
29966400.0,
29970000.0,
29973600.0,
29977200.0,
29980800.0,
29984400.0,
29988000.0,
29991600.0,
29995200.0,
29998800.0,
30002400.0,
30006000.0,
30009600.0,
30013200.0,
30016800.0,
30020400.0,
30024000.0,
30027600.0,
30031200.0,
30034800.0,
30038400.0,
30042000.0,
30045600.0,
30049200.0,
30052800.0,
30056400.0,
30060000.0,
30063600.0,
30067200.0,
30070800.0,
30074400.0,
30078000.0,
30081600.0,
30085200.0,
30088800.0,
30092400.0,
30096000.0,
30099600.0,
30103200.0,
30106800.0,
30110400.0,
30114000.0,
30117600.0,
30121200.0,
30124800.0,
30128400.0,
30132000.0,
30135600.0,
30139200.0,
30142800.0,
30146400.0,
30150000.0,
30153600.0,
30157200.0,
30160800.0,
30164400.0,
30168000.0,
30171600.0,
30175200.0,
30178800.0,
30182400.0,
30186000.0,
30189600.0,
30193200.0,
30196800.0,
30200400.0,
30204000.0,
30207600.0,
30211200.0,
30214800.0,
30218400.0,
30222000.0,
30225600.0,
30229200.0,
30232800.0,
30236400.0,
30240000.0,
30243600.0,
30247200.0,
30250800.0,
30254400.0,
30258000.0,
30261600.0,
30265200.0,
30268800.0,
30272400.0,
30276000.0,
30279600.0,
30283200.0,
30286800.0,
30290400.0,
30294000.0,
30297600.0,
30301200.0,
30304800.0,
30308400.0,
30312000.0,
30315600.0,
30319200.0,
30322800.0,
30326400.0,
30330000.0,
30333600.0,
30337200.0,
30340800.0,
30344400.0,
30348000.0,
30351600.0,
30355200.0,
30358800.0,
30362400.0,
30366000.0,
30369600.0,
30373200.0,
30376800.0,
30380400.0,
30384000.0,
30387600.0,
30391200.0,
30394800.0,
30398400.0,
30402000.0,
30405600.0,
30409200.0,
30412800.0,
30416400.0,
30420000.0,
30423600.0,
30427200.0,
30430800.0,
30434400.0,
30438000.0,
30441600.0,
30445200.0,
30448800.0,
30452400.0,
30456000.0,
30459600.0,
30463200.0,
30466800.0,
30470400.0,
30474000.0,
30477600.0,
30481200.0,
30484800.0,
30488400.0,
30492000.0,
30495600.0,
30499200.0,
30502800.0,
30506400.0,
30510000.0,
30513600.0,
30517200.0,
30520800.0,
30524400.0,
30528000.0,
30531600.0,
30535200.0,
30538800.0,
30542400.0,
30546000.0,
30549600.0,
30553200.0,
30556800.0,
30560400.0,
30564000.0,
30567600.0,
30571200.0,
30574800.0,
30578400.0,
30582000.0,
30585600.0,
30589200.0,
30592800.0,
30596400.0,
30600000.0,
30603600.0,
30607200.0,
30610800.0,
30614400.0,
30618000.0,
30621600.0,
30625200.0,
30628800.0,
30632400.0,
30636000.0,
30639600.0,
30643200.0,
30646800.0,
30650400.0,
30654000.0,
30657600.0,
30661200.0,
30664800.0,
30668400.0,
30672000.0,
30675600.0,
30679200.0,
30682800.0,
30686400.0,
30690000.0,
30693600.0,
30697200.0,
30700800.0,
30704400.0,
30708000.0,
30711600.0,
30715200.0,
30718800.0,
30722400.0,
30726000.0,
30729600.0,
30733200.0,
30736800.0,
30740400.0,
30744000.0,
30747600.0,
30751200.0,
30754800.0,
30758400.0,
30762000.0,
30765600.0,
30769200.0,
30772800.0,
30776400.0,
30780000.0,
30783600.0,
30787200.0,
30790800.0,
30794400.0,
30798000.0,
30801600.0,
30805200.0,
30808800.0,
30812400.0,
30816000.0,
30819600.0,
30823200.0,
30826800.0,
30830400.0,
30834000.0,
30837600.0,
30841200.0,
30844800.0,
30848400.0,
30852000.0,
30855600.0,
30859200.0,
30862800.0,
30866400.0,
30870000.0,
30873600.0,
30877200.0,
30880800.0,
30884400.0,
30888000.0,
30891600.0,
30895200.0,
30898800.0,
30902400.0,
30906000.0,
30909600.0,
30913200.0,
30916800.0,
30920400.0,
30924000.0,
30927600.0,
30931200.0,
30934800.0,
30938400.0,
30942000.0,
30945600.0,
30949200.0,
30952800.0,
30956400.0,
30960000.0,
30963600.0,
30967200.0,
30970800.0,
30974400.0,
30978000.0,
30981600.0,
30985200.0,
30988800.0,
30992400.0,
30996000.0,
30999600.0,
31003200.0,
31006800.0,
31010400.0,
31014000.0,
31017600.0,
31021200.0,
31024800.0,
31028400.0,
31032000.0,
31035600.0,
31039200.0,
31042800.0,
31046400.0,
31050000.0,
31053600.0,
31057200.0,
31060800.0,
31064400.0,
31068000.0,
31071600.0,
31075200.0,
31078800.0,
31082400.0,
31086000.0,
31089600.0,
31093200.0,
31096800.0,
31100400.0,
31104000.0,
31107600.0,
31111200.0,
31114800.0,
31118400.0,
31122000.0,
31125600.0,
31129200.0,
31132800.0,
31136400.0,
31140000.0,
31143600.0,
31147200.0,
31150800.0,
31154400.0,
31158000.0,
31161600.0,
31165200.0,
31168800.0,
31172400.0,
31176000.0,
31179600.0,
31183200.0,
31186800.0,
31190400.0,
31194000.0,
31197600.0,
31201200.0,
31204800.0,
31208400.0,
31212000.0,
31215600.0,
31219200.0,
31222800.0,
31226400.0,
31230000.0,
31233600.0,
31237200.0,
31240800.0,
31244400.0,
31248000.0,
31251600.0,
31255200.0,
31258800.0,
31262400.0,
31266000.0,
31269600.0,
31273200.0,
31276800.0,
31280400.0,
31284000.0,
31287600.0,
31291200.0,
31294800.0,
31298400.0,
31302000.0,
31305600.0,
31309200.0,
31312800.0,
31316400.0,
31320000.0,
31323600.0,
31327200.0,
31330800.0,
31334400.0,
31338000.0,
31341600.0,
31345200.0,
31348800.0,
31352400.0,
31356000.0,
31359600.0,
31363200.0,
31366800.0,
31370400.0,
31374000.0,
31377600.0,
31381200.0,
31384800.0,
31388400.0,
31392000.0,
31395600.0,
31399200.0,
31402800.0,
31406400.0,
31410000.0,
31413600.0,
31417200.0,
31420800.0,
31424400.0,
31428000.0,
31431600.0,
31435200.0,
31438800.0,
31442400.0,
31446000.0,
31449600.0,
31453200.0,
31456800.0,
31460400.0,
31464000.0,
31467600.0,
31471200.0,
31474800.0,
31478400.0,
31482000.0,
31485600.0,
31489200.0,
31492800.0,
31496400.0,
31500000.0,
31503600.0,
31507200.0,
31510800.0,
31514400.0,
31518000.0,
31521600.0,
31525200.0,
31528800.0,
31532400.0,
