t_s,P_W
0.0,409153.71936486795
3600.0,370308.0500580573
7200.0,326408.9574637401
10800.0,317863.60799423873
14400.0,320213.17765820026
18000.0,318511.1032357969
21600.0,386259.85346349207
25200.0,397168.0234232009
28800.0,396125.8343567345
32400.0,396044.41037771694
36000.0,375061.4015058933
39600.0,330549.4661525241
43200.0,310694.9800430457
46800.0,364203.8175395029
50400.0,344005.07722968847
54000.0,394900.1698393638
57600.0,396712.92671679484
61200.0,402470.5742718239
64800.0,399468.85293101263
68400.0,369488.1063414749
72000.0,337245.84711674653
75600.0,326866.07628619624
79200.0,327217.48728184326
82800.0,368352.3205073812
86400.0,371684.95612826315
90000.0,380547.0357917347
93600.0,385838.34106593684
97200.0,385786.3012491355
100800.0,347029.50290860253
104400.0,353665.9885090455
108000.0,350332.83646104333
111600.0,341795.2044427899
115200.0,283741.6275542368
118800.0,250219.0354035676
122400.0,233716.6882322298
126000.0,256110.40321791454
129600.0,274590.4260242865
133200.0,322904.01241814304
136800.0,395520.741504609
140400.0,392230.8519215208
144000.0,371157.83104358375
147600.0,388775.4733791046
151200.0,396539.71139681694
154800.0,392012.40484060463
158400.0,356268.9714746553
162000.0,358388.11027568945
165600.0,319201.9678550925
169200.0,288136.7898606979
172800.0,331305.58609545196
176400.0,344356.66895891784
180000.0,376464.1947980493
183600.0,384743.5808004813
187200.0,394841.541519819
190800.0,387919.3393536005
194400.0,390673.24440634693
198000.0,400989.7928478745
201600.0,400736.53864268964
205200.0,402518.0216101119
208800.0,399229.9867735943
212400.0,400021.53558976995
216000.0,398401.0681073171
219600.0,399182.25783456606
223200.0,390703.03553731664
226800.0,384062.30301587895
230400.0,378026.3149253118
234000.0,386801.58996737265
237600.0,392637.25588252314
241200.0,391791.6069503448
244800.0,383182.2214725069
248400.0,375385.746374796
252000.0,336765.25997497013
255600.0,229755.979547852
259200.0,162828.5699036881
262800.0,114139.61958703685
266400.0,92847.89039179066
270000.0,94877.77353129855
273600.0,103289.8529844735
277200.0,106882.38222415202
280800.0,153591.54824124282
284400.0,171916.90637527255
288000.0,176343.97802301752
291600.0,187148.67705219283
295200.0,165808.85649617473
298800.0,211596.36460929888
302400.0,164373.53561387805
306000.0,204303.16953652186
309600.0,226987.89199996987
313200.0,205327.5057524412
316800.0,190757.13789352606
320400.0,158821.6885618873
324000.0,131235.9664504912
327600.0,113324.92509916883
331200.0,102560.55415973604
334800.0,108834.68992809267
338400.0,97429.6744408169
342000.0,103061.82861465191
345600.0,103756.5430501695
349200.0,101175.08138136046
352800.0,83685.8381648417
356400.0,75465.01811614074
360000.0,81537.99327071842
363600.0,68798.32837030898
367200.0,72723.0736173219
370800.0,110763.89237084267
374400.0,168210.75903262311
378000.0,273007.09961122076
381600.0,281454.12046607956
385200.0,270608.60587559774
388800.0,279404.264356553
392400.0,286169.9238757749
396000.0,269058.3638902947
399600.0,299382.78970554966
403200.0,350054.0109994847
406800.0,368118.46907049016
410400.0,376603.82262724714
414000.0,389732.64638660214
417600.0,396663.47062655963
421200.0,397094.70413622324
424800.0,392304.2828942158
428400.0,393587.863297168
432000.0,386880.6453182427
435600.0,396600.9132607541
439200.0,397556.5901251096
442800.0,398206.9036014209
446400.0,379110.63496264425
450000.0,371950.62431229634
453600.0,394337.9690755854
457200.0,394587.2340960463
460800.0,398957.80549854133
464400.0,382182.8774018344
468000.0,378138.7210314243
471600.0,394141.19920600415
475200.0,399806.737227146
478800.0,400923.4887603553
482400.0,402934.588653198
486000.0,405093.1833771621
489600.0,399270.0373991046
493200.0,401076.5646954137
496800.0,393250.4976555054
500400.0,389746.7964260594
504000.0,378477.58981647337
507600.0,382056.12620400055
511200.0,368078.2119377703
514800.0,340342.2976738118
518400.0,288289.6656524054
522000.0,258761.23349032138
525600.0,217632.64989205968
529200.0,204014.83010645027
532800.0,204953.0684074495
536400.0,198869.84394050488
540000.0,161086.8060047464
543600.0,234217.41380434684
547200.0,263258.692277223
550800.0,252508.59356333135
554400.0,266289.84296364617
558000.0,285271.6047866072
561600.0,289246.83929628885
565200.0,286703.79592327535
568800.0,284710.0868648499
572400.0,287824.43927417294
576000.0,295563.5801429726
579600.0,315723.25240703486
583200.0,315698.87469232973
586800.0,328076.0780749355
590400.0,333606.44805894233
594000.0,340883.1912846292
597600.0,336025.7344295636
601200.0,329096.11550441297
604800.0,341695.2476349406
608400.0,341055.9515887217
612000.0,341808.92142167373
615600.0,343553.38136928465
619200.0,343474.31010876823
622800.0,345186.79007626564
626400.0,343248.0230723273
630000.0,345092.8038404958
633600.0,343998.27490129817
637200.0,343558.87083365873
640800.0,341012.60862099717
644400.0,342010.0069419219
648000.0,364884.89931726234
651600.0,361724.38538726873
655200.0,364215.8589144339
658800.0,357491.84003077773
662400.0,366127.5680646442
666000.0,355813.93745225586
669600.0,357583.9845658869
673200.0,349801.62418821844
676800.0,344000.94899465545
680400.0,319334.09874074074
684000.0,298896.7436459201
687600.0,233540.9633246378
691200.0,193938.72383190773
694800.0,194488.5892104907
698400.0,173099.17160477073
702000.0,150800.44675354002
705600.0,132968.31788446358
709200.0,84795.83732595015
712800.0,101006.07861754119
716400.0,52963.86083400245
720000.0,31960.223196537823
723600.0,35590.57380208111
727200.0,19289.100870888065
730800.0,8144.903352861416
734400.0,29320.14720867283
738000.0,26231.976986143105
741600.0,13677.729468070593
745200.0,12094.172365132905
748800.0,15153.77045379569
752400.0,11270.659478490035
756000.0,11480.097244875247
759600.0,13135.395397873364
763200.0,17739.70496057753
766800.0,30528.071515792613
770400.0,19648.702788858092
774000.0,10883.09412972214
777600.0,17274.543175509218
781200.0,23784.82168802321
784800.0,18095.15000615112
788400.0,13867.94074504352
792000.0,17282.32712907887
795600.0,40846.62298179475
799200.0,53623.65932327039
802800.0,93211.90819119957
806400.0,101854.63933319316
810000.0,89892.95613894414
813600.0,115232.17063900121
817200.0,156023.93684201324
820800.0,184042.97408120046
824400.0,207838.34163739844
828000.0,256652.50596185392
831600.0,304395.4407059878
835200.0,305014.71032577637
838800.0,301518.01061349286
842400.0,304258.03195426177
846000.0,215605.89331625108
849600.0,230023.69243963316
853200.0,274553.08481154835
856800.0,288091.456596216
860400.0,256275.81772009766
864000.0,218322.59238825322
867600.0,204435.53588493596
871200.0,206452.78231054675
874800.0,194152.28187850278
878400.0,203292.53375345413
882000.0,195662.97948324215
885600.0,195792.89892804873
889200.0,208465.77036021743
892800.0,251604.67746058028
896400.0,284397.6172741703
900000.0,317813.24409958324
903600.0,325320.1693613287
907200.0,321201.01714540937
910800.0,307254.02773154725
914400.0,308056.8644418031
918000.0,297481.69197125704
921600.0,271426.7559386514
925200.0,260727.25467302362
928800.0,249386.220783094
932400.0,248275.4878690962
936000.0,217769.39712069073
939600.0,207426.12556439417
943200.0,195998.84389067587
946800.0,196560.31471988
950400.0,188353.7754879292
954000.0,184100.3379020539
957600.0,158175.7804666483
961200.0,143621.85109072033
964800.0,126650.11971417486
968400.0,96938.00782132742
972000.0,92512.73364542627
975600.0,99355.82954990641
979200.0,91048.11101288136
982800.0,66979.19363385202
986400.0,55047.149474353675
990000.0,45205.21060227858
993600.0,38440.10092043424
997200.0,35758.36425084905
1000800.0,32365.769945795222
1004400.0,21504.516578572406
1008000.0,13635.204892553986
1011600.0,6363.36406529115
1015200.0,3508.453759001486
1018800.0,2826.0218886534276
1022400.0,2056.0032786804886
1026000.0,3084.2987691886833
1029600.0,13433.52753346184
1033200.0,35038.680579975306
1036800.0,69268.98407445237
1040400.0,129319.0335270007
1044000.0,194056.3724846831
1047600.0,223609.64660495255
1051200.0,259343.94560655064
1054800.0,295508.8570052191
1058400.0,302063.0171860828
1062000.0,320921.6520286468
1065600.0,350174.87085527787
1069200.0,364216.6722155549
1072800.0,371842.2446194803
1076400.0,376215.33992827113
1080000.0,352656.6846815696
1083600.0,343311.48219688755
1087200.0,326882.4915410998
1090800.0,345398.96493820765
1094400.0,352026.35213010013
1098000.0,359810.10873833165
1101600.0,356447.6482580297
1105200.0,351553.7834500805
1108800.0,356510.8833747695
1112400.0,360421.0604768193
1116000.0,360511.06166437315
1119600.0,357995.54516146187
1123200.0,363281.2629678684
1126800.0,362880.7089838263
1130400.0,361786.1937269244
1134000.0,363253.88755759934
1137600.0,384202.0667134566
1141200.0,384041.6023386365
1144800.0,382256.92025952775
1148400.0,384988.8423175365
1152000.0,413975.31619526993
1155600.0,403811.88091737323
1159200.0,397796.008347256
1162800.0,397704.67902242544
1166400.0,400188.01221994293
1170000.0,408111.789307444
1173600.0,397590.2183445843
1177200.0,402639.0571084007
1180800.0,412038.74217698345
1184400.0,404408.9721719671
1188000.0,391996.94957376143
1191600.0,389888.46228095377
1195200.0,392093.15934170404
1198800.0,365789.25770818174
1202400.0,380930.4643142606
1206000.0,345405.432209446
1209600.0,348463.6598411728
1213200.0,314657.7684363934
1216800.0,262447.90042560286
1220400.0,223472.94042320907
1224000.0,198019.29929195397
1227600.0,167608.42682233106
1231200.0,139083.13604530855
1234800.0,120330.12248107769
1238400.0,108100.37861017846
1242000.0,40344.17121304953
1245600.0,9970.503451399145
1249200.0,5579.796164106872
1252800.0,37350.663386259155
1256400.0,67535.57433080526
1260000.0,102711.7483018251
1263600.0,177486.33899575175
1267200.0,184225.51245393523
1270800.0,189951.71841128296
1274400.0,211122.50565696083
1278000.0,234180.2300971075
1281600.0,229629.50676882913
1285200.0,258862.9989067669
1288800.0,252976.7154971982
1292400.0,266231.24009953556
1296000.0,329610.1781330592
1299600.0,218153.05633308855
1303200.0,205372.57555317972
1306800.0,212168.602132569
1310400.0,194705.16404422524
1314000.0,156037.6474570385
1317600.0,149692.97531704252
1321200.0,203114.7020904934
1324800.0,228717.33483239787
1328400.0,256154.43857344784
1332000.0,250932.30907792988
1335600.0,243201.7791461168
1339200.0,222260.21713036645
1342800.0,218724.76533790719
1346400.0,202227.15924117953
1350000.0,188585.74481365795
1353600.0,228456.91174057097
1357200.0,200288.1106365009
1360800.0,254205.64658315602
1364400.0,256466.93266498286
1368000.0,293787.56882112054
1371600.0,328958.82925696386
1375200.0,310471.24395929935
1378800.0,348710.68796535785
1382400.0,323096.0727142139
1386000.0,304658.16815099097
1389600.0,248552.54067785933
1393200.0,243402.17673325713
1396800.0,223405.8153979385
1400400.0,211078.92849924217
1404000.0,212613.6601703257
1407600.0,225932.7057070202
1411200.0,236125.69188022686
1414800.0,259514.1476395112
1418400.0,285472.94677035447
1422000.0,281696.6067044267
1425600.0,268570.8169146292
1429200.0,249548.3604436739
1432800.0,258066.42136957523
1436400.0,257731.1313003745
1440000.0,240915.222818425
1443600.0,237373.58249173133
1447200.0,216590.7911098514
1450800.0,173769.80774512736
1454400.0,174763.05969402223
1458000.0,199270.33205861112
1461600.0,206425.12816327377
1465200.0,201632.09392095095
1468800.0,140237.06874021373
1472400.0,112724.47595461788
1476000.0,143255.8391762388
1479600.0,122111.5889024677
1483200.0,140231.06189414056
1486800.0,150391.42788306478
1490400.0,151922.61297578557
1494000.0,144858.13816076118
1497600.0,124328.40434083728
1501200.0,109952.18985106588
1504800.0,86132.11875060567
1508400.0,56610.477143773634
1512000.0,57082.38175515493
1515600.0,49461.422512283156
1519200.0,46822.631705649736
1522800.0,54513.36047520714
1526400.0,58835.0189427931
1530000.0,49290.590139134474
1533600.0,40134.91322566799
1537200.0,41799.75557550712
1540800.0,41225.78644632904
1544400.0,39862.19293179693
1548000.0,37710.34930716187
1551600.0,31740.16733218346
1555200.0,27174.783582993172
1558800.0,22948.67845134176
1562400.0,16094.304198569234
1566000.0,11641.698523022937
1569600.0,15540.83878521184
1573200.0,22996.47580184928
1576800.0,22411.98880547401
1580400.0,21858.861631197862
1584000.0,24055.64809759363
1587600.0,28511.37938226042
1591200.0,28412.618661623175
1594800.0,27706.833975987374
1598400.0,38593.867970529835
1602000.0,49282.29294037381
1605600.0,41792.486776286045
1609200.0,30565.554642576128
1612800.0,33838.42694974322
1616400.0,41141.28681448051
1620000.0,37894.346594466246
1623600.0,36571.8553330677
1627200.0,47447.24060275092
1630800.0,45053.83922672927
1634400.0,30399.24474549684
1638000.0,25124.88324464976
1641600.0,36135.77829067149
1645200.0,49846.338904934986
1648800.0,41813.36500518164
1652400.0,32153.380940013427
1656000.0,35624.173384192356
1659600.0,40432.43665818739
1663200.0,38300.46895472833
1666800.0,49198.990350316104
1670400.0,52544.4707832693
1674000.0,43810.32949544174
1677600.0,51316.627917121325
1681200.0,45616.01071675835
1684800.0,47081.86189219385
1688400.0,37582.58243750545
1692000.0,40543.76186292736
1695600.0,52971.27345642646
1699200.0,67896.56197897175
1702800.0,58907.3378312087
1706400.0,42474.29021560356
1710000.0,45224.335588147194
1713600.0,56166.611374913875
1717200.0,69984.49050858237
1720800.0,68297.37369928461
1724400.0,70678.12467911329
1728000.0,86080.45758338735
1731600.0,106285.09114440011
1735200.0,77635.5530296851
1738800.0,69873.46599615828
1742400.0,78364.31538114788
1746000.0,126135.20910137861
1749600.0,146552.2771697617
1753200.0,182060.34609145275
1756800.0,193787.8081086297
1760400.0,253591.1113559261
1764000.0,270993.3720811881
1767600.0,307444.37646786455
1771200.0,345486.02729588904
1774800.0,331337.41811585455
1778400.0,330072.91656079656
1782000.0,290249.099286943
1785600.0,250468.56706970118
1789200.0,273450.15462450293
1792800.0,268386.5122529575
1796400.0,202728.01813613292
1800000.0,169659.1942364002
1803600.0,162664.57963304556
1807200.0,159660.0896955777
1810800.0,170306.49219834368
1814400.0,224809.92728158343
1818000.0,222435.20160301766
1821600.0,196012.43868347575
1825200.0,205814.27697375102
1828800.0,191852.86992018018
1832400.0,149458.21193922305
1836000.0,149471.10575300507
1839600.0,154632.75568252988
1843200.0,136950.56600263895
1846800.0,149601.56135289342
1850400.0,125677.44816559603
1854000.0,117595.81970359021
1857600.0,106115.14843867492
1861200.0,106452.86950183683
1864800.0,82422.72934022454
1868400.0,68010.37449782094
1872000.0,85876.10899467426
1875600.0,150520.4293412774
1879200.0,222767.261377625
1882800.0,260588.0093117238
1886400.0,239836.84407942276
1890000.0,253912.38757224233
1893600.0,241095.5815696108
1897200.0,208724.82744980932
1900800.0,195671.9257955736
1904400.0,174864.15340519918
1908000.0,162373.59315601547
1911600.0,150709.50594227316
1915200.0,104268.13045603766
1918800.0,62397.23585148771
1922400.0,60667.955615645325
1926000.0,93594.16162724656
1929600.0,185244.09574173702
1933200.0,210182.04255101705
1936800.0,209737.37398140284
1940400.0,235909.0308162091
1944000.0,274303.8509739943
1947600.0,314334.7157489666
1951200.0,350790.7208556815
1954800.0,356207.8637958245
1958400.0,393409.22628790943
1962000.0,379005.05186746235
1965600.0,370226.5500309302
1969200.0,331051.80018988636
1972800.0,310830.20090020663
1976400.0,272205.64417646045
1980000.0,281492.19956821506
1983600.0,296013.1186553323
1987200.0,337832.773698292
1990800.0,368232.66660278087
1994400.0,412002.9244719791
1998000.0,401230.71357702155
2001600.0,370983.93415435654
2005200.0,405774.51079986105
2008800.0,417030.01888575306
2012400.0,423759.53423402767
2016000.0,424365.8254007157
2019600.0,423880.18917357596
2023200.0,426086.2951926064
2026800.0,426735.5214036866
2030400.0,427019.5932302232
2034000.0,422627.40443666355
2037600.0,419998.9708097992
2041200.0,426269.978105299
2044800.0,423605.72422788694
2048400.0,426108.2909150611
2052000.0,424734.31571990444
2055600.0,417152.15151325363
2059200.0,421180.8863452708
2062800.0,420828.0883466557
2066400.0,428029.28748042043
2070000.0,428964.98023800476
2073600.0,428048.4442855817
2077200.0,427487.3788341664
2080800.0,426918.07695883943
2084400.0,427282.7352806101
2088000.0,427917.30552547943
2091600.0,427215.61248269
2095200.0,420711.10312613286
2098800.0,423879.9572109323
2102400.0,425984.18199129176
2106000.0,421490.8469847222
2109600.0,412126.51824139984
2113200.0,319185.27863607893
2116800.0,347148.4478793619
2120400.0,350118.45015825966
2124000.0,413979.5141145539
2127600.0,420554.2445135599
2131200.0,388946.72990342474
2134800.0,390445.3880423907
2138400.0,386128.32237151096
2142000.0,391057.58582437993
2145600.0,403731.2027825762
2149200.0,397422.5679007041
2152800.0,370042.33955436485
2156400.0,306096.8061945501
2160000.0,229511.8148418157
2163600.0,172330.29976210618
2167200.0,129219.13908496508
2170800.0,74903.26664077511
2174400.0,28621.22530808344
2178000.0,23368.83121052058
2181600.0,39774.256498145434
2185200.0,53859.121452757216
2188800.0,78263.79314446758
2192400.0,63470.12989900976
2196000.0,39037.66437333154
2199600.0,42278.57674653947
2203200.0,54249.444261429235
2206800.0,110878.69860620244
2210400.0,123657.84615774774
2214000.0,111063.00454064585
2217600.0,148327.2546827944
2221200.0,152093.75304149452
2224800.0,142345.68999224357
2228400.0,125712.79176313936
2232000.0,187567.91373393525
2235600.0,266115.28836963914
2239200.0,286317.4371620861
2242800.0,294259.5307072287
2246400.0,298453.27911834116
2250000.0,316372.544484051
2253600.0,348769.67202459485
2257200.0,398794.92858494987
2260800.0,411206.3475711733
2264400.0,423690.53887073306
2268000.0,426708.02348914073
2271600.0,428499.82672595256
2275200.0,424400.1364622114
2278800.0,320805.93671609496
2282400.0,318024.1067338949
2286000.0,317352.2528692072
2289600.0,315110.8185258939
2293200.0,316534.1734449833
2296800.0,320191.02538482554
2300400.0,316611.93279606226
2304000.0,342180.2185206703
2307600.0,338980.58595224906
2311200.0,335066.09797242633
2314800.0,319646.01022102666
2318400.0,331820.19665231823
2322000.0,331062.29896550794
2325600.0,252081.38742154295
2329200.0,312167.25457909564
2332800.0,329498.96047752845
2336400.0,343810.99513576034
2340000.0,354534.19318322977
2343600.0,325511.1611655512
2347200.0,372274.06678605854
2350800.0,360468.7725516224
2354400.0,300782.1070581727
2358000.0,299297.3825874737
2361600.0,375396.5862532352
2365200.0,323325.90664721053
2368800.0,250510.39289355042
2372400.0,216558.1216056653
2376000.0,229162.62674195578
2379600.0,203375.4131469191
2383200.0,166666.2661571225
2386800.0,203258.2732846338
2390400.0,212101.4112413626
2394000.0,220736.73389744022
2397600.0,239976.787874197
2401200.0,223670.181536515
2404800.0,174755.12841712745
2408400.0,129483.66527458376
2412000.0,161547.04502704335
2415600.0,143382.44846002734
2419200.0,135118.59409074095
2422800.0,183538.81107089462
2426400.0,177291.7471567548
2430000.0,150760.30130653753
2433600.0,142873.3887787701
2437200.0,182150.9836648603
2440800.0,160264.14555695458
2444400.0,119125.30437330987
2448000.0,90937.94784871026
2451600.0,73309.92096882858
2455200.0,76288.0120301199
2458800.0,51499.78931160685
2462400.0,45639.353986258284
2466000.0,39737.35948273319
2469600.0,29044.90046296255
2473200.0,40197.73246425233
2476800.0,118202.49715649142
2480400.0,158600.288332417
2484000.0,167781.73091813558
2487600.0,170814.37488396442
2491200.0,157076.18812340556
2494800.0,123722.11253776343
2498400.0,118552.59624270092
2502000.0,122753.39103617858
2505600.0,156720.98426807052
2509200.0,203401.70797400855
2512800.0,216507.56806802537
2516400.0,242705.34886031938
2520000.0,287604.4677309442
2523600.0,311117.8530335562
2527200.0,307130.8447491951
2530800.0,310360.50327496603
2534400.0,344698.4558912991
2538000.0,336398.11815740535
2541600.0,380033.9710161072
2545200.0,301758.7299265172
2548800.0,281688.85616111435
2552400.0,247063.6663350083
2556000.0,242060.59453263314
2559600.0,266718.7565286801
2563200.0,244718.87465603644
2566800.0,275766.0610677678
2570400.0,294896.0902942767
2574000.0,307049.6584602939
2577600.0,292459.3504052315
2581200.0,251843.8774023789
2584800.0,312674.69561293395
2588400.0,301262.9637093581
2592000.0,278109.74702631886
2595600.0,223895.0647057627
2599200.0,231877.5690708088
2602800.0,244604.3363391211
2606400.0,248727.01540544172
2610000.0,260844.54631333504
2613600.0,252739.57553640805
2617200.0,249330.12814298336
2620800.0,252236.43392539743
2624400.0,245889.42879486174
2628000.0,243048.05250652292
2631600.0,253738.086577998
2635200.0,260750.93554521893
2638800.0,202898.56731757667
2642400.0,133951.38256861226
2646000.0,142729.0434212387
2649600.0,132606.28465433946
2653200.0,128642.42522359994
2656800.0,137834.94442329527
2660400.0,149959.6143076955
2664000.0,140648.26086837938
2667600.0,159147.57539371363
2671200.0,115114.06251563947
2674800.0,120172.7617600662
2678400.0,97138.55845926558
2682000.0,69686.89389168979
2685600.0,74486.56913858901
2689200.0,58140.86579959849
2692800.0,48611.216102813494
2696400.0,38338.75520045922
2700000.0,31746.794654463996
2703600.0,25648.15946768594
2707200.0,21558.635467957756
2710800.0,8529.161404347582
2714400.0,8208.61384983388
2718000.0,6708.52511546879
2721600.0,6480.065457723261
2725200.0,2995.899683021542
2728800.0,5607.145800748838
2732400.0,1252.5836389826559
2736000.0,3176.7182229866376
2739600.0,2070.9952566221873
2743200.0,2992.8625315347113
2746800.0,8178.783262941227
2750400.0,16671.415482900004
2754000.0,27124.15590640128
2757600.0,32681.95634805345
2761200.0,29338.211339323316
2764800.0,29489.638716827743
2768400.0,28620.675788898763
2772000.0,35407.530138978516
2775600.0,35598.396256994914
2779200.0,39437.603290446044
2782800.0,41985.13795662209
2786400.0,52609.027991620125
2790000.0,67911.82919379517
2793600.0,78969.4454618458
2797200.0,78820.351393074
2800800.0,77952.50150400316
2804400.0,78938.64215917575
2808000.0,68357.09692069066
2811600.0,66633.26796607114
2815200.0,70869.92978445684
2818800.0,71149.49536276332
2822400.0,76673.55908115277
2826000.0,61488.876820898964
2829600.0,85470.44037752587
2833200.0,94777.92522723731
2836800.0,93307.34952322388
2840400.0,105828.01050509514
2844000.0,98091.80751158917
2847600.0,123518.88717008213
2851200.0,128062.43652063163
2854800.0,126220.66108465723
2858400.0,153445.31345411175
2862000.0,161203.26525236116
2865600.0,98090.79533988885
2869200.0,91750.73158805251
2872800.0,107385.53210817877
2876400.0,139666.68309977787
2880000.0,143243.18305257315
2883600.0,145631.07523625923
2887200.0,149748.38066043114
2890800.0,163870.98838725474
2894400.0,168182.38545114256
2898000.0,155766.21138982024
2901600.0,147930.30741557817
2905200.0,143922.3658549451
2908800.0,134399.56653368237
2912400.0,141227.40986021372
2916000.0,163729.43262711307
2919600.0,186521.47933743874
2923200.0,194441.23860285248
2926800.0,212777.11651323695
2930400.0,231876.76499728262
2934000.0,202592.54240643757
2937600.0,187308.91264629847
2941200.0,223423.2300968253
2944800.0,273723.4890307228
2948400.0,302397.18721618096
2952000.0,352742.1360284623
2955600.0,340317.52094517637
2959200.0,371606.197015008
2962800.0,404961.07826514094
2966400.0,403457.1005768238
2970000.0,409786.58059552714
2973600.0,409575.23176242324
2977200.0,409499.4989820954
2980800.0,404988.05879798776
2984400.0,413812.7275644702
2988000.0,410366.06687186396
2991600.0,408552.5103756077
2995200.0,409800.6609507334
2998800.0,414278.357093141
3002400.0,422211.9816153424
3006000.0,424715.90475896373
3009600.0,403372.2248409358
3013200.0,402081.264589431
3016800.0,403937.5725327607
3020400.0,401617.50889890647
3024000.0,347707.00310677727
3027600.0,348217.0447314068
3031200.0,347081.5850450631
3034800.0,343979.3211032242
3038400.0,372172.16868316254
3042000.0,373962.56805278105
3045600.0,364300.81006204564
3049200.0,342567.4440393923
3052800.0,314450.61656799476
3056400.0,322812.29394336295
3060000.0,286823.43932750914
3063600.0,271813.70494772
3067200.0,284313.10968749854
3070800.0,273119.6253578738
3074400.0,259980.49182949573
3078000.0,233007.10814136246
3081600.0,265228.9759723734
3085200.0,195555.68610107835
3088800.0,184510.03229611283
3092400.0,175931.82177028348
3096000.0,154900.3002502527
3099600.0,134631.39044524354
3103200.0,118036.60409214631
3106800.0,150571.232342172
3110400.0,154659.83294602646
3114000.0,134726.9033706764
3117600.0,105300.07434664517
3121200.0,112299.23306318816
3124800.0,102181.93480510668
3128400.0,109186.22501898107
3132000.0,153319.78284434526
3135600.0,138286.658102503
3139200.0,150240.80967017336
3142800.0,116796.16078609487
3146400.0,122962.2197813018
3150000.0,122098.79913777277
3153600.0,94293.61586460257
3157200.0,66186.22599541552
3160800.0,45140.03419049209
3164400.0,74556.44939641318
3168000.0,114078.40658634726
3171600.0,154412.88500645894
3175200.0,192996.39961553476
3178800.0,189378.6974970269
3182400.0,181912.42647277395
3186000.0,180259.9634187541
3189600.0,187657.0274814161
3193200.0,184753.7416680708
3196800.0,197420.09650909752
3200400.0,173546.3026694459
3204000.0,160693.88960552757
3207600.0,138137.57167036142
3211200.0,141939.9796918218
3214800.0,130577.7729263463
3218400.0,140161.73720116666
3222000.0,149630.3934503816
3225600.0,206725.40141906706
3229200.0,223278.95283258022
3232800.0,254496.38391512437
3236400.0,254896.30246789157
3240000.0,246284.49554188023
3243600.0,304120.396012786
3247200.0,347797.1026159455
3250800.0,364930.8043744339
3254400.0,348176.569954725
3258000.0,348550.68465208885
3261600.0,377156.1317275083
3265200.0,376676.4434807503
3268800.0,382522.8633622497
3272400.0,387747.2300722364
3276000.0,372406.16648879997
3279600.0,380941.9189414344
3283200.0,363446.74397237325
3286800.0,361816.7698398447
3290400.0,376449.01444989484
3294000.0,370052.8246476906
3297600.0,361134.1686908596
3301200.0,339111.09532674216
3304800.0,339212.1772647808
3308400.0,346796.5303205754
3312000.0,332537.3624625618
3315600.0,331390.1980494037
3319200.0,329876.2532858458
3322800.0,328988.2426929294
3326400.0,340562.6084107006
3330000.0,333670.3478807062
3333600.0,346246.5949395486
3337200.0,353484.55999323964
3340800.0,378262.3027095138
3344400.0,382566.1248725849
3348000.0,371910.30640472745
3351600.0,336450.9677752055
3355200.0,274786.572872117
3358800.0,257455.89569141663
3362400.0,233165.90041235188
3366000.0,206840.29770302513
3369600.0,198619.8181207559
3373200.0,197449.8529570382
3376800.0,167897.47614082246
3380400.0,159670.85066217103
3384000.0,190598.940006924
3387600.0,192913.5711329381
3391200.0,232319.53713705277
3394800.0,263920.9637619184
3398400.0,272406.74401539034
3402000.0,237793.4501500477
3405600.0,209557.35219652657
3409200.0,201203.30699670193
3412800.0,240556.43229241847
3416400.0,283727.6642940276
3420000.0,308633.98495372874
3423600.0,318466.25330637087
3427200.0,337433.93127400347
3430800.0,355715.6909313884
3434400.0,381661.0082279208
3438000.0,385606.15727817535
3441600.0,394894.40641087963
3445200.0,389555.1504171793
3448800.0,391830.8729120975
3452400.0,391416.6964524709
3456000.0,359465.73998854187
3459600.0,368053.03046773194
3463200.0,367962.8456828593
3466800.0,359032.81814720837
3470400.0,363346.95326123177
3474000.0,359355.57300605567
3477600.0,354596.06611604965
3481200.0,350877.94517356274
3484800.0,314979.99414040335
3488400.0,312438.8917442437
3492000.0,311502.52091753215
3495600.0,324999.1359262157
3499200.0,336681.09540027357
3502800.0,335421.7202514601
3506400.0,335661.5024863149
3510000.0,336952.726837949
3513600.0,336887.66433923034
3517200.0,341751.1016303561
3520800.0,344487.18692461983
3524400.0,345450.6846529245
3528000.0,346592.42960415233
3531600.0,343823.99204405065
3535200.0,342162.3799888049
3538800.0,344449.52624618314
3542400.0,343086.72471384594
3546000.0,342366.97644980805
3549600.0,339459.7854546715
3553200.0,329909.81373022706
3556800.0,327331.10761216463
3560400.0,337636.8740863657
3564000.0,332915.869495088
3567600.0,320341.14435301477
3571200.0,303206.7231603188
3574800.0,306032.7396396925
3578400.0,302033.0933686625
3582000.0,302301.9867562023
3585600.0,296121.6997642711
3589200.0,282212.1206110122
3592800.0,284873.09391934844
3596400.0,276143.1868247985
3600000.0,272567.797365318
3603600.0,272758.61384523776
3607200.0,278279.5704096965
3610800.0,288973.85935698944
3614400.0,333403.7282998217
3618000.0,327805.1326612104
3621600.0,329897.7841284344
3625200.0,332789.1777993313
3628800.0,359869.89814386645
3632400.0,354130.24567162275
3636000.0,356596.5460017657
3639600.0,352319.70882624236
3643200.0,340642.53020091046
3646800.0,333299.3937936847
3650400.0,315517.0099340211
3654000.0,305784.6166136461
3657600.0,307109.02466923604
3661200.0,302247.1061129501
3664800.0,306056.68843033223
3668400.0,308211.22110339213
3672000.0,294095.6594407408
3675600.0,275225.4105563466
3679200.0,263813.81452115055
3682800.0,250479.51417915671
3686400.0,227832.07310817658
3690000.0,202259.24995243162
3693600.0,197788.10508419503
3697200.0,181553.27384321665
3700800.0,176205.93829471758
3704400.0,163596.95236563115
3708000.0,140053.3944187301
3711600.0,122774.45636251516
3715200.0,100823.289826973
3718800.0,103706.2246571025
3722400.0,107795.55615010994
3726000.0,128239.20414644493
3729600.0,142803.3529246047
3733200.0,143095.9211386742
3736800.0,158610.24586186997
3740400.0,144256.50629310112
3744000.0,136395.9519128156
3747600.0,144856.53192286642
3751200.0,156422.92945336326
3754800.0,145516.72115304854
3758400.0,116864.73422556846
3762000.0,90592.86730134311
3765600.0,92251.32765564832
3769200.0,122376.33273604837
3772800.0,130489.48075300259
3776400.0,170991.54279647974
3780000.0,214049.89203897194
3783600.0,202376.8524672326
3787200.0,157946.64146700394
3790800.0,135360.4700350544
3794400.0,130382.65129612615
3798000.0,108404.53254690768
3801600.0,120457.93007942876
3805200.0,70735.59382182549
3808800.0,42491.75359800815
3812400.0,41157.140140675205
3816000.0,39984.1308252263
3819600.0,40326.43863942882
3823200.0,40623.8834782953
3826800.0,38524.164309780055
3830400.0,23559.01480470887
3834000.0,13485.998819871933
3837600.0,8040.773444776419
3841200.0,5029.730960365849
3844800.0,2391.072521989997
3848400.0,2257.037888060388
3852000.0,3657.4049591491294
3855600.0,1735.3389473626319
3859200.0,5234.226236018222
3862800.0,11090.011808126661
3866400.0,14662.772357645537
3870000.0,6180.050574586585
3873600.0,4969.255212687793
3877200.0,3877.267998589818
3880800.0,6063.345045646424
3884400.0,15041.572445857359
3888000.0,28736.86966361254
3891600.0,41729.86099900123
3895200.0,41336.31425959431
3898800.0,46779.550928896984
3902400.0,54742.30696813076
3906000.0,51200.42863312779
3909600.0,56304.88497501504
3913200.0,76394.70148210853
3916800.0,104808.14426341225
3920400.0,113829.17529433664
3924000.0,147552.60191103473
3927600.0,139580.2173538343
3931200.0,77875.81764501696
3934800.0,58526.8567297643
3938400.0,150432.61032081593
3942000.0,144574.08542580018
3945600.0,133986.41433708728
3949200.0,192445.26273801608
3952800.0,228907.11304879736
3956400.0,280830.00954090885
3960000.0,364122.1580977195
3963600.0,384544.66662876593
3967200.0,398898.1732803124
3970800.0,393069.1706432432
3974400.0,390500.66324487224
3978000.0,372080.8893146215
3981600.0,350597.7603918206
3985200.0,308439.9073145016
3988800.0,263112.95705298707
3992400.0,208295.20972382827
3996000.0,177995.46327017312
3999600.0,162966.244346508
4003200.0,188555.0955163645
4006800.0,163584.83621536236
4010400.0,125924.10273128498
4014000.0,95195.4993509369
4017600.0,66419.89447137367
4021200.0,48119.08810358008
4024800.0,35036.27026855438
4028400.0,24790.966496121324
4032000.0,20916.6096446193
4035600.0,21733.18942557893
4039200.0,22368.469558868055
4042800.0,26515.54702243406
4046400.0,24067.419963115553
4050000.0,20107.400166424417
4053600.0,23766.401499487576
4057200.0,28573.140629362973
4060800.0,38845.22383671306
4064400.0,62128.310644655256
4068000.0,81528.7653576467
4071600.0,97052.0605758364
4075200.0,129122.72821909265
4078800.0,132879.44628180005
4082400.0,137076.5096268245
4086000.0,128710.61683156132
4089600.0,117360.65794822633
4093200.0,120145.58490218352
4096800.0,111451.06117929282
4100400.0,117031.71582791634
4104000.0,128547.79528353913
4107600.0,128273.5680279665
4111200.0,116504.81029635646
4114800.0,124905.3644835278
4118400.0,112476.42897668103
4122000.0,124761.57723639009
4125600.0,118371.59537818874
4129200.0,111271.74769187174
4132800.0,89532.07826733742
4136400.0,51948.84671626118
4140000.0,43693.250726198385
4143600.0,55570.77189129427
4147200.0,58644.154415741345
4150800.0,57331.72823300507
4154400.0,44447.7071565047
4158000.0,51257.29543662946
4161600.0,47808.054517579345
4165200.0,43077.363815415214
4168800.0,29394.61008102958
4172400.0,19441.75774586186
4176000.0,19982.961912975825
4179600.0,23196.75883953595
4183200.0,25352.33454901009
4186800.0,30726.103974907634
4190400.0,29033.627842142858
4194000.0,25126.324658608417
4197600.0,21295.96529768141
4201200.0,14099.768793112737
4204800.0,11833.544357061119
4208400.0,8393.983185038856
4212000.0,16108.703383088203
4215600.0,27520.538699365254
4219200.0,48169.7208712588
4222800.0,60280.48572475549
4226400.0,64418.99298002958
4230000.0,72878.37053900982
4233600.0,96524.51802203695
4237200.0,106722.90647475573
4240800.0,114725.00420565877
4244400.0,115949.22571810622
4248000.0,126478.06993488803
4251600.0,148701.1686004214
4255200.0,175262.9350546387
4258800.0,186461.76820736393
4262400.0,170290.13580913164
4266000.0,184432.2366710402
4269600.0,197146.44104621443
4273200.0,206431.0338239962
4276800.0,206422.2230618516
4280400.0,196114.81121202573
4284000.0,191797.43053014838
4287600.0,201696.74658717983
4291200.0,191600.05323026975
4294800.0,277296.62727524585
4298400.0,302106.1326458645
4302000.0,321854.9106103407
4305600.0,337369.3479738326
4309200.0,342481.46035573294
4312800.0,351269.78735346044
4316400.0,360932.75193177455
4320000.0,379247.92152828636
4323600.0,397879.3736213203
4327200.0,396519.76929151214
4330800.0,400985.39733078296
4334400.0,400631.7554845258
4338000.0,402514.69776679797
4341600.0,408762.5504812034
4345200.0,313118.47196958127
4348800.0,314790.9242214591
4352400.0,314087.5228008454
4356000.0,315845.7010001118
4359600.0,311535.5108419956
4363200.0,314285.5078492143
4366800.0,314428.07991756435
4370400.0,313669.1745137548
4374000.0,312627.1782722021
4377600.0,369993.9449557336
4381200.0,418573.47031580406
4384800.0,418990.4961930907
4388400.0,420619.918897277
4392000.0,420129.26826780295
4395600.0,422789.54855194443
4399200.0,427263.50083637465
4402800.0,426240.92327276204
4406400.0,425614.086388787
4410000.0,419969.15740532463
4413600.0,400196.7007960036
4417200.0,347699.8183104889
4420800.0,278682.5047950244
4424400.0,273277.84838171705
4428000.0,272009.9007972612
4431600.0,209145.6360046104
4435200.0,228589.23354197532
4438800.0,244615.17685394612
4442400.0,270877.72454372974
4446000.0,291064.06010229076
4449600.0,284329.3400723116
4453200.0,279330.9387057168
4456800.0,271613.9561559575
4460400.0,263538.98619913904
4464000.0,289639.8139248133
4467600.0,409844.651441064
4471200.0,412972.0020314491
4474800.0,422852.62584499246
4478400.0,422878.43001858867
4482000.0,425719.93517506286
4485600.0,423928.7317319182
4489200.0,423122.5237676023
4492800.0,421245.59087694675
4496400.0,417556.63836187165
4500000.0,419104.6526784938
4503600.0,414881.1602289648
4507200.0,387641.75739000004
4510800.0,356825.9876028835
4514400.0,366356.34782447416
4518000.0,372873.51139553945
4521600.0,394522.9352603521
4525200.0,406826.3344299597
4528800.0,396411.72783777735
4532400.0,384731.14136619883
4536000.0,390636.91250157275
4539600.0,407324.9542012868
4543200.0,404863.15343732253
4546800.0,402555.9062963691
4550400.0,395738.61201994173
4554000.0,340787.37321217946
4557600.0,288430.29197100777
4561200.0,279775.46886140783
4564800.0,200228.94138898051
4568400.0,172773.2134977288
4572000.0,196533.2148646856
4575600.0,213276.62467921583
4579200.0,207042.39666774534
4582800.0,196526.05170551626
4586400.0,137396.05200988226
4590000.0,142417.73937125012
4593600.0,198124.62115074295
4597200.0,142119.7380129546
4600800.0,132292.8776672973
4604400.0,129946.313017337
4608000.0,109637.91992480609
4611600.0,92885.50684141052
4615200.0,113738.925279914
4618800.0,175327.74713552397
4622400.0,224700.33686468066
4626000.0,275984.3140509986
4629600.0,294065.0995556598
4633200.0,326195.8000220399
4636800.0,351079.1185150587
4640400.0,366260.1730577534
4644000.0,402615.99098494
4647600.0,414982.9558737384
4651200.0,424749.4467481552
4654800.0,426300.9583232364
4658400.0,425375.5556067136
4662000.0,423053.76736719575
4665600.0,428106.5899064564
4669200.0,428731.3919466642
4672800.0,427852.48580796394
4676400.0,428561.6821581615
4680000.0,421807.261531309
4683600.0,428403.7989643641
4687200.0,429624.8675030993
4690800.0,428776.2043293249
4694400.0,429599.10914928454
4698000.0,429446.346952452
4701600.0,428791.92083256104
4705200.0,427893.046496736
4708800.0,427407.5486835195
4712400.0,423355.907142698
4716000.0,422228.58937696664
4719600.0,418574.401348308
4723200.0,413839.4497246604
4726800.0,387661.52067088
4730400.0,315506.6565725671
4734000.0,265377.75534834055
4737600.0,260728.01197218953
4741200.0,319354.8493742726
4744800.0,343413.13465484406
4748400.0,293598.0884333006
4752000.0,191425.14798765734
4755600.0,162863.6360369992
4759200.0,140353.36857317213
4762800.0,120758.12060506105
4766400.0,101127.09025136048
4770000.0,90193.8654623982
4773600.0,94072.55482879227
4777200.0,120640.57791053034
4780800.0,129649.2302820213
4784400.0,118443.94990421215
4788000.0,150270.762124957
4791600.0,165066.7265416618
4795200.0,172636.74086959363
4798800.0,186612.7221137932
4802400.0,173830.7916469096
4806000.0,162008.13967012058
4809600.0,156373.42117948807
4813200.0,137509.3436469102
4816800.0,95938.06013867274
4820400.0,87021.56662097265
4824000.0,54755.43815383621
4827600.0,73488.38010824105
4831200.0,82079.08607030801
4834800.0,59788.87319806358
4838400.0,55857.97537261699
4842000.0,54029.64549695977
4845600.0,39486.29730862144
4849200.0,26500.778415927016
4852800.0,25543.396037483573
4856400.0,22018.770759360537
4860000.0,24252.50387926514
4863600.0,37193.47576219987
4867200.0,49605.3653557621
4870800.0,50678.01025822241
4874400.0,47275.83070944
4878000.0,46488.11484526125
4881600.0,45278.26356177643
4885200.0,54069.91408462497
4888800.0,59506.38851784612
4892400.0,62511.93962872503
4896000.0,39542.62318414746
4899600.0,28716.514225695773
4903200.0,34198.85203281502
4906800.0,38297.31375366563
4910400.0,44938.746299542414
4914000.0,40411.70607080986
4917600.0,37933.000353027666
4921200.0,47058.095107908266
4924800.0,58944.225937219
4928400.0,62018.91018892983
4932000.0,66345.73165494694
4935600.0,72870.90668752458
4939200.0,71396.56867034402
4942800.0,60537.708750317
4946400.0,69755.56374362022
4950000.0,58508.992424271884
4953600.0,56304.528917129894
4957200.0,50409.55056764195
4960800.0,47113.1723943893
4964400.0,38961.11001886657
4968000.0,28653.992815690966
4971600.0,30381.80236382543
4975200.0,39154.97096871053
4978800.0,42481.00281358849
4982400.0,39084.46005250532
4986000.0,26434.85934184925
4989600.0,12929.890814257005
4993200.0,15316.003344903187
4996800.0,22484.970489756248
5000400.0,36777.89670815166
5004000.0,41714.98993437174
5007600.0,39980.984533565555
5011200.0,39649.2964082968
5014800.0,50966.26823090473
5018400.0,48367.14590007646
5022000.0,36736.588584194425
5025600.0,27882.189779784225
5029200.0,17718.101570001636
5032800.0,27122.520076564317
5036400.0,32707.41941883209
5040000.0,38580.39504562094
5043600.0,61117.76841030801
5047200.0,69728.11451259215
5050800.0,63255.31467216069
5054400.0,61013.58886412642
5058000.0,71698.56812276549
5061600.0,62912.788259417415
5065200.0,46308.005875523035
5068800.0,43524.53592697792
5072400.0,54884.37088237663
5076000.0,48046.2966986681
5079600.0,42759.893504697124
5083200.0,37588.00412678613
5086800.0,35357.84144971377
5090400.0,29622.852731198993
5094000.0,23786.83489467142
5097600.0,32684.43379818194
5101200.0,44926.45864328606
5104800.0,40168.537626827536
5108400.0,37974.44020885662
5112000.0,29887.986669307975
5115600.0,34805.26984028791
5119200.0,48532.35294047127
5122800.0,48744.8288129221
5126400.0,46127.97804498117
5130000.0,65642.21345752913
5133600.0,83391.58448283866
5137200.0,99259.78269674232
5140800.0,134740.69989779187
5144400.0,182092.60258121975
5148000.0,190901.1042832816
5151600.0,196418.65586523002
5155200.0,212758.92224167936
5158800.0,265754.40699791024
5162400.0,294495.1477966709
5166000.0,353594.8793901378
5169600.0,356384.78924532956
5173200.0,358128.733720399
5176800.0,371246.13021717186
5180400.0,390665.77291823144
5184000.0,391826.7068121062
5187600.0,362251.9486236084
5191200.0,332574.83827090793
5194800.0,314546.0435813373
5198400.0,292041.4444063092
5202000.0,279438.89297458966
5205600.0,282729.9083242531
5209200.0,322722.9625519201
5212800.0,343994.78305211884
5216400.0,344169.8400727574
5220000.0,326847.1333066818
5223600.0,339548.82951790135
5227200.0,338476.7980914041
5230800.0,254790.91569774548
5234400.0,151490.77776329726
5238000.0,344478.88590754406
5241600.0,349410.1301113827
5245200.0,363454.6205200846
5248800.0,363768.6880756429
5252400.0,387856.0396436966
5256000.0,399389.45615913207
5259600.0,413171.27289743547
5263200.0,417820.78844745085
5266800.0,421014.27925599786
5270400.0,419895.851164257
5274000.0,425073.7193872636
5277600.0,423923.1410821933
5281200.0,419847.43588308553
5284800.0,416401.9442312925
5288400.0,420723.7649772712
5292000.0,412892.6358060895
5295600.0,416829.79503195075
5299200.0,424726.9699179951
5302800.0,426681.61856729863
5306400.0,420334.7279862166
5310000.0,410781.5876966065
5313600.0,150528.93272905468
5317200.0,124786.75234256992
5320800.0,379272.2728329786
5324400.0,397887.3971741639
5328000.0,378157.85842681705
5331600.0,372035.2404027561
5335200.0,393104.64533627237
5338800.0,398177.88313372
5342400.0,399591.56116951787
5346000.0,384592.10314849444
5349600.0,419665.392618545
5353200.0,421725.465266567
5356800.0,419361.1931802272
5360400.0,406305.2537381188
5364000.0,414893.2655606741
5367600.0,412574.69266068214
5371200.0,416542.69209959294
5374800.0,420499.48637458455
5378400.0,415493.35610179644
5382000.0,420193.2225005574
5385600.0,416842.4266547611
5389200.0,417686.62017249194
5392800.0,413808.7717900035
5396400.0,366206.3093590954
5400000.0,320605.9301880618
5403600.0,307352.4543496113
5407200.0,417529.2260412231
5410800.0,419028.25932964985
5414400.0,419320.0641988878
5418000.0,422023.9200497833
5421600.0,420299.2781122357
5425200.0,428636.816099401
5428800.0,376686.0812263118
5432400.0,369147.7856421006
5436000.0,367474.15003072785
5439600.0,367389.9074987642
5443200.0,373871.1906808186
5446800.0,416706.0399387161
5450400.0,409847.67522844794
5454000.0,393502.3231744486
5457600.0,394555.05301800295
5461200.0,388359.19143688097
5464800.0,419612.6896876841
5468400.0,419163.69942173734
5472000.0,419286.6806697739
5475600.0,426512.8321746696
5479200.0,184528.36911810163
5482800.0,70648.57919308309
5486400.0,48880.51773187842
5490000.0,28032.524164584906
5493600.0,121579.88279422036
5497200.0,249886.28642308072
5500800.0,355337.3009938593
5504400.0,416637.11489605834
5508000.0,425073.87371083314
5511600.0,420362.8269672013
5515200.0,411901.20742085844
5518800.0,407564.6947528681
5522400.0,413434.9593759202
5526000.0,411145.0492947793
5529600.0,410179.7531400521
5533200.0,390916.24007157
5536800.0,399055.5702753175
5540400.0,395975.6049755997
5544000.0,393156.5343296263
5547600.0,394208.84765863937
5551200.0,402041.10832386895
5554800.0,401311.51612525294
5558400.0,393033.4289863483
5562000.0,373226.54167499114
5565600.0,317072.5768779551
5569200.0,191998.3384987434
5572800.0,26633.854652760936
5576400.0,11992.544408031768
5580000.0,296464.0133059463
5583600.0,280936.379209006
5587200.0,240936.06381874817
5590800.0,206305.28875219703
5594400.0,187484.96592899098
5598000.0,239939.16442433273
5601600.0,257629.35474717652
5605200.0,263709.65406654455
5608800.0,271659.4790634239
5612400.0,264201.41932584136
5616000.0,234639.49672181997
5619600.0,214157.19496692356
5623200.0,203465.51870175297
5626800.0,180356.45701478753
5630400.0,163316.53084835142
5634000.0,164920.8452668725
5637600.0,199098.80634307483
5641200.0,238981.49344490463
5644800.0,268675.18196728715
5648400.0,252458.73177711442
5652000.0,247931.6944121182
5655600.0,261798.42602403965
5659200.0,261334.04349344922
5662800.0,259576.4956343709
5666400.0,217537.67725821666
5670000.0,191870.48317145332
5673600.0,184151.16413103213
5677200.0,147184.68497550013
5680800.0,130103.0115788677
5684400.0,108053.78816544251
5688000.0,94683.80694140287
5691600.0,88928.54965164037
5695200.0,92101.83743668257
5698800.0,60483.35439816578
5702400.0,39544.855943915194
5706000.0,43117.61649343407
5709600.0,25223.93224807874
5713200.0,23032.791160591238
5716800.0,26214.922481649533
5720400.0,26908.463739845804
5724000.0,31538.645569432545
5727600.0,27425.24659982365
5731200.0,24315.58053592731
5734800.0,26510.76490093636
5738400.0,29229.593956390883
5742000.0,18908.844413650026
5745600.0,8685.990743171227
5749200.0,8469.33254288982
5752800.0,6749.435498267461
5756400.0,27319.978197446366
5760000.0,18345.787392705515
5763600.0,9451.550833853074
5767200.0,24429.636472365546
5770800.0,52674.67501074543
5774400.0,93097.2203236086
5778000.0,141393.12346374808
5781600.0,146323.58682214422
5785200.0,167393.546365932
5788800.0,175921.0907138253
5792400.0,155464.94664486687
5796000.0,108125.20943161145
5799600.0,82679.16356552037
5803200.0,62909.597102553984
5806800.0,46603.117723849806
5810400.0,54922.63008170874
5814000.0,64872.1404365657
5817600.0,77307.79267790547
5821200.0,65298.98129287409
5824800.0,51422.3061519884
5828400.0,22754.62054007608
5832000.0,6771.8140068131715
5835600.0,4098.261259306696
5839200.0,5692.630557898915
5842800.0,8916.363694985936
5846400.0,9563.469786594555
5850000.0,21847.067810363984
5853600.0,45487.73887492701
5857200.0,55963.2523662033
5860800.0,61539.76541569088
5864400.0,101618.88669356411
5868000.0,99487.85638646757
5871600.0,63082.69978223577
5875200.0,46979.03880245944
5878800.0,58094.77650872232
5882400.0,70641.66104246741
5886000.0,58265.10200053852
5889600.0,53422.38893293169
5893200.0,41093.90502393546
5896800.0,38835.73055074035
5900400.0,32757.89881752007
5904000.0,44256.60430295072
5907600.0,38698.446848834625
5911200.0,34947.400575048414
5914800.0,36590.49602930165
5918400.0,42940.92459753736
5922000.0,62409.991569539474
5925600.0,84930.95604318156
5929200.0,93835.9535686273
5932800.0,101466.14136095665
5936400.0,103627.68700612446
5940000.0,112969.31236592279
5943600.0,101771.61102543841
5947200.0,88085.14684333272
5950800.0,67365.30706829469
5954400.0,91868.33951213323
5958000.0,103024.04320458788
5961600.0,86234.50273410101
5965200.0,63664.57123275229
5968800.0,38012.15720744138
5972400.0,34195.49923394475
5976000.0,28725.055160238415
5979600.0,27577.012216409326
5983200.0,19449.034818099033
5986800.0,15470.164317842227
5990400.0,14644.603859715044
5994000.0,12310.978525125298
5997600.0,6080.809382629786
6001200.0,3803.4491487170253
6004800.0,6987.574903040847
6008400.0,18576.58767762099
6012000.0,34714.69304172937
6015600.0,29851.50616843698
6019200.0,48472.65135618425
6022800.0,56174.38482811694
6026400.0,65388.25827332642
6030000.0,76995.66959932317
6033600.0,99261.789539532
6037200.0,124083.03654734454
6040800.0,142515.0262222502
6044400.0,139105.94061418332
6048000.0,174325.69015195715
6051600.0,164029.52674028854
6055200.0,145644.3343355213
6058800.0,168362.7343383476
6062400.0,189329.27258969852
6066000.0,122721.61056303016
6069600.0,83067.27716070123
6073200.0,75724.74436545782
6076800.0,71849.73521845574
6080400.0,40669.141649246514
6084000.0,26807.185158578355
6087600.0,43328.39067011208
6091200.0,35690.737435332856
6094800.0,28511.719212306303
6098400.0,40355.34137574677
6102000.0,43901.32789962836
6105600.0,47529.80403063955
6109200.0,44597.51143188924
6112800.0,54558.596372653476
6116400.0,54507.482497269346
6120000.0,52715.37729536994
6123600.0,57635.89998853818
6127200.0,50832.668248513204
6130800.0,46847.29006651636
6134400.0,50208.68141858401
6138000.0,69201.3906691935
6141600.0,93015.56979122713
6145200.0,139992.67970816398
6148800.0,189477.5132650405
6152400.0,211306.95986930816
6156000.0,184208.12989253405
6159600.0,157616.5649889097
6163200.0,147244.11164109834
6166800.0,135881.78523508235
6170400.0,144981.40864616822
6174000.0,147636.24274017368
6177600.0,162988.51466945856
6181200.0,223512.10169948882
6184800.0,268033.98694568075
6188400.0,256630.23086600946
6192000.0,255610.2653481334
6195600.0,264297.7344156428
6199200.0,287798.2115857911
6202800.0,302781.4506769469
6206400.0,272032.2738965271
6210000.0,242432.3781486149
6213600.0,230498.4261043271
6217200.0,197315.25734897854
6220800.0,146141.63360620194
6224400.0,134972.02265549326
6228000.0,124727.894287732
6231600.0,143152.23555925483
6235200.0,167423.06894207146
6238800.0,188374.3848438016
6242400.0,203096.47313590682
6246000.0,200362.95406759818
6249600.0,185753.9712696587
6253200.0,126790.48638734888
6256800.0,80943.42401326283
6260400.0,59526.67840801996
6264000.0,51762.657079690776
6267600.0,50788.462341571096
6271200.0,54423.148007549855
6274800.0,71121.90389949695
6278400.0,79122.44089409377
6282000.0,83988.77469543277
6285600.0,83753.6368045384
6289200.0,65401.42318748212
6292800.0,49600.52055025781
6296400.0,34371.97921335218
6300000.0,19718.210760957852
6303600.0,13319.040445607712
6307200.0,8468.00313284142
6310800.0,3466.7049378405522
6314400.0,1690.7785735000075
6318000.0,2734.7969311028874
6321600.0,7371.257343522331
6325200.0,12960.697935242177
6328800.0,15661.169486167657
6332400.0,21625.950454405633
6336000.0,33248.710770808015
6339600.0,46179.46166054631
6343200.0,54352.81050648978
6346800.0,51636.40703571667
6350400.0,56135.78261680967
6354000.0,81195.69595688248
6357600.0,85580.98632778798
6361200.0,86139.208089016
6364800.0,92098.50532035256
6368400.0,121707.30601551577
6372000.0,135135.50795396086
6375600.0,154316.2463144509
6379200.0,188144.26771910008
6382800.0,201122.45099205882
6386400.0,200508.01472282916
6390000.0,222451.66967794707
6393600.0,236477.51048101307
6397200.0,261750.32543567286
6400800.0,293816.3150065185
6404400.0,310260.9209801916
6408000.0,330115.2584935732
6411600.0,329482.253439711
6415200.0,364776.2132046577
6418800.0,381602.91288152855
6422400.0,393725.9081165548
6426000.0,389537.93363429303
6429600.0,338915.50022544677
6433200.0,75046.99279487086
6436800.0,25891.27604622119
6440400.0,57698.184981198334
6444000.0,91206.06420912265
6447600.0,331608.13824898744
6451200.0,345469.0975230228
6454800.0,345861.0536159884
6458400.0,356969.4350199753
6462000.0,400662.5113764498
6465600.0,327543.2681554249
6469200.0,276765.4178661573
6472800.0,327756.9448879817
6476400.0,344932.5768375992
6480000.0,287204.74041212606
6483600.0,237522.71728919775
6487200.0,161519.21428269596
6490800.0,110240.65687650113
6494400.0,85816.25563236114
6498000.0,47734.21657613094
6501600.0,26139.44521024197
6505200.0,17271.02809824625
6508800.0,13042.237736485107
6512400.0,13627.810088933877
6516000.0,16683.902009735648
6519600.0,32903.503264463056
6523200.0,34016.41484543101
6526800.0,39573.97250587999
6530400.0,62586.607735519596
6534000.0,92887.89742486998
6537600.0,111134.1982988721
6541200.0,139351.5839627507
6544800.0,164435.4072739262
6548400.0,195076.730016245
6552000.0,208632.59127513724
6555600.0,236694.31377726913
6559200.0,249182.78859001023
6562800.0,256025.57839289476
6566400.0,276901.4173414103
6570000.0,284796.16727915907
6573600.0,300707.8863306333
6577200.0,306496.45651068
6580800.0,287998.5213516836
6584400.0,247850.14411050867
6588000.0,222814.7978099325
6591600.0,208132.5564998644
6595200.0,203622.84601250716
6598800.0,179009.0082911711
6602400.0,151658.80590218157
6606000.0,54603.611444208575
6609600.0,7107.761780793727
6613200.0,644.7861469789196
6616800.0,102039.12854676245
6620400.0,183427.49923025758
6624000.0,158570.88476043218
6627600.0,156936.62679652942
6631200.0,113452.64678542965
6634800.0,119072.7824942244
6638400.0,146276.77809706042
6642000.0,144184.05153630575
6645600.0,160679.27532259005
6649200.0,155787.45426780998
6652800.0,158586.85645439566
6656400.0,155680.88127443258
6660000.0,147037.72502668874
6663600.0,150917.92230936317
6667200.0,145074.11320082864
6670800.0,130720.49549995076
6674400.0,102414.46637773718
6678000.0,71170.40286540818
6681600.0,64421.78544115566
6685200.0,65525.218373025535
6688800.0,59202.37904070571
6692400.0,7815.206160736001
6696000.0,5244.90129052128
6699600.0,5625.17365740566
6703200.0,16666.852596328903
6706800.0,35924.842153793725
6710400.0,28118.285749581348
6714000.0,22932.4795676285
6717600.0,22050.38895411626
6721200.0,17170.177168272494
6724800.0,20459.611417282384
6728400.0,17709.220805413115
6732000.0,17859.317500097433
6735600.0,21419.39901605992
6739200.0,21321.767243927152
6742800.0,27194.981515411146
6746400.0,28609.855320228133
6750000.0,29485.869085223294
6753600.0,26828.73031984863
6757200.0,15739.638407473509
6760800.0,15522.740289725254
6764400.0,18967.28468117499
6768000.0,14018.979927177184
6771600.0,13498.157607992915
6775200.0,10403.986903248555
6778800.0,7545.945260365712
6782400.0,5592.431605232284
6786000.0,6036.438015365714
6789600.0,5906.8062169649975
6793200.0,9054.588611569297
6796800.0,13481.85690254306
6800400.0,6028.3600515316475
6804000.0,9915.656536597153
6807600.0,15155.015224525547
6811200.0,10831.187317564287
6814800.0,10774.64125253289
6818400.0,17726.01311893496
6822000.0,13942.851633041279
6825600.0,28957.24053896449
6829200.0,26047.66882434919
6832800.0,24052.177885533347
6836400.0,17975.361187749735
6840000.0,21746.792809587834
6843600.0,38060.941274215074
6847200.0,64917.40083486741
6850800.0,80930.71538776424
6854400.0,107825.1226368733
6858000.0,122037.64054807369
6861600.0,150709.70608562417
6865200.0,185352.30997423112
6868800.0,113578.34190093931
6872400.0,102332.95680482229
6876000.0,210627.56324128938
6879600.0,279425.4795517581
6883200.0,277567.8794269524
6886800.0,320168.53519056254
6890400.0,357226.6405449259
6894000.0,385036.239381342
6897600.0,419219.9317485429
6901200.0,419335.82811287005
6904800.0,423286.32057694526
6908400.0,424871.5520110641
6912000.0,422149.1251481856
6915600.0,426452.6708016033
6919200.0,426384.65356336586
6922800.0,424440.30322814
6926400.0,423655.85552351293
6930000.0,425170.5334035743
6933600.0,428996.92108038836
6937200.0,431084.4849609048
6940800.0,316227.9789370142
6944400.0,177477.09167291148
6948000.0,21348.78659631105
6951600.0,9735.198509218184
6955200.0,4582.900906199507
6958800.0,3215.0849715280297
6962400.0,1053.4413229387628
6966000.0,111846.72294708453
6969600.0,266336.2135370697
6973200.0,414244.1860365331
6976800.0,425067.9635954097
6980400.0,425940.84475104
6984000.0,423751.04961963306
6987600.0,425362.75343249453
6991200.0,425938.4277575676
6994800.0,426083.58546164125
6998400.0,423723.935445757
7002000.0,424295.68390649854
7005600.0,421414.0667132792
7009200.0,422894.5553997358
7012800.0,421271.74538095546
7016400.0,420576.0932308824
7020000.0,421123.2558787447
7023600.0,393688.4809917264
7027200.0,401965.1289440228
7030800.0,334013.81678089884
7034400.0,299290.25347494753
7038000.0,257674.37172788917
7041600.0,211345.78704301472
7045200.0,215742.13366354964
7048800.0,271426.93667223386
7052400.0,351630.2413920886
7056000.0,373062.06234182004
7059600.0,340915.88942617865
7063200.0,307006.86214801774
7066800.0,341432.35568419425
7070400.0,351672.87097127107
7074000.0,340879.41210723686
7077600.0,321652.4202683204
7081200.0,247537.52878746853
7084800.0,212549.71993806004
7088400.0,157867.50847705975
7092000.0,98794.74946161645
7095600.0,58015.25755075785
7099200.0,52676.40598026752
7102800.0,43515.20301024034
7106400.0,43415.87176968524
7110000.0,59586.426766667224
7113600.0,56232.73059234263
7117200.0,36721.5927879376
7120800.0,19253.24943743346
7124400.0,14601.268846813738
7128000.0,9571.798804647911
7131600.0,18130.109863024678
7135200.0,23016.70141705189
7138800.0,20081.15338646693
7142400.0,15641.772445346578
7146000.0,8024.410373512902
7149600.0,8195.360796237444
7153200.0,16143.413458514178
7156800.0,54100.87202905748
7160400.0,83974.25809772377
7164000.0,122162.06575561228
7167600.0,112357.37422936189
7171200.0,101444.88034597006
7174800.0,123419.24060033652
7178400.0,154474.13650849267
7182000.0,168272.11840205907
7185600.0,236511.09033516288
7189200.0,275490.56676796044
7192800.0,304761.5048041093
7196400.0,218684.48020420977
7200000.0,245791.1199081806
7203600.0,248608.7866869607
7207200.0,229831.5923694464
7210800.0,233505.88255445205
7214400.0,219565.73619767488
7218000.0,213708.2164741151
7221600.0,187054.9272337677
7225200.0,195111.48209313734
7228800.0,234871.62514401213
7232400.0,275685.03514810174
7236000.0,398566.28692085017
7239600.0,418341.3301204736
7243200.0,405196.6562168531
7246800.0,421279.7348871559
7250400.0,415064.65095312963
7254000.0,417344.11826060404
7257600.0,415705.38968607894
7261200.0,412096.10536145105
7264800.0,409263.76066114806
7268400.0,411174.78028728586
7272000.0,408551.7454398115
7275600.0,407556.64765374793
7279200.0,378269.6558298605
7282800.0,241960.24793844845
7286400.0,233388.42036273182
7290000.0,213989.93430937882
7293600.0,165830.771397626
7297200.0,137374.80276803396
7300800.0,109943.68200858762
7304400.0,107739.83834126715
7308000.0,77112.10466427551
7311600.0,69207.58047619961
7315200.0,110224.55154150836
7318800.0,58443.128079377544
7322400.0,53859.354051786744
7326000.0,118126.13117223915
7329600.0,162769.7420771782
7333200.0,221497.62037041242
7336800.0,254504.49656198747
7340400.0,282379.3300394957
7344000.0,303932.36053904693
7347600.0,292246.9594902922
7351200.0,301488.6490429744
7354800.0,357710.6387148781
7358400.0,363359.454424942
7362000.0,334663.1422681723
7365600.0,325425.19402792404
7369200.0,222725.57651324235
7372800.0,206026.05536730617
7376400.0,194968.13013392358
7380000.0,181734.94450383986
7383600.0,191417.21225606158
7387200.0,192000.3526599704
7390800.0,163445.52435174087
7394400.0,144167.4711392732
7398000.0,160813.2876830148
7401600.0,169363.29740612285
7405200.0,131728.82502068466
7408800.0,222639.93775071568
7412400.0,237947.40684312768
7416000.0,243883.89409630973
7419600.0,275279.037519467
7423200.0,313113.1606932462
7426800.0,347083.65616282396
7430400.0,326324.0129981798
7434000.0,341270.06297281646
7437600.0,375105.04771147703
7441200.0,395423.49251856725
7444800.0,397626.69343617547
7448400.0,383557.3216133652
7452000.0,404406.6121350286
7455600.0,352928.12202155957
7459200.0,344444.8978118691
7462800.0,318915.9098683064
7466400.0,328639.76734522573
7470000.0,108998.75370130129
7473600.0,106221.55024425765
7477200.0,89972.69942292204
7480800.0,342379.3255172993
7484400.0,334474.68932531314
7488000.0,280712.36247909814
7491600.0,245898.28251305147
7495200.0,142143.78671617337
7498800.0,76514.0435576406
7502400.0,93076.74492695842
7506000.0,109357.85096528933
7509600.0,98519.51735278081
7513200.0,125184.4206349584
7516800.0,110254.59690862664
7520400.0,113266.95002970293
7524000.0,89691.33764554345
7527600.0,114348.41173997347
7531200.0,111835.14263370459
7534800.0,108874.78732796323
7538400.0,102861.75781164745
7542000.0,96366.41241138369
7545600.0,98247.33544134199
7549200.0,110467.67512028801
7552800.0,136142.51538308366
7556400.0,120929.17380410097
7560000.0,119817.5973606541
7563600.0,29184.824529775316
7567200.0,91440.21570194376
7570800.0,81457.42650344582
7574400.0,95502.67675685708
7578000.0,98796.32419841146
7581600.0,149102.33828777698
7585200.0,182271.9835255413
7588800.0,225839.2250798112
7592400.0,275941.00640268903
7596000.0,328399.08016968693
7599600.0,324335.38420802454
7603200.0,312253.05402905034
7606800.0,256834.7792798806
7610400.0,220365.72730858586
7614000.0,128952.17840126302
7617600.0,119156.9190679434
7621200.0,111266.6890607206
7624800.0,100303.89269390813
7628400.0,101465.13778046536
7632000.0,193900.45095027974
7635600.0,203098.15828564746
7639200.0,90514.6949358451
7642800.0,74001.60620768252
7646400.0,78401.25853453453
7650000.0,48341.2679057212
7653600.0,55271.08379229347
7657200.0,104823.43343354763
7660800.0,210299.42360354093
7664400.0,315436.5029870188
7668000.0,349254.65309249813
7671600.0,371121.68846360105
7675200.0,356104.29104355443
7678800.0,336766.33133055485
7682400.0,317966.77505052707
7686000.0,288822.90958706825
7689600.0,246568.17535473095
7693200.0,217721.48394795784
7696800.0,219586.33346221605
7700400.0,221469.9916785736
7704000.0,193168.84395405088
7707600.0,161678.37724844518
7711200.0,126975.14456136232
7714800.0,90656.76521394949
7718400.0,69050.44280842984
7722000.0,57686.975998964015
7725600.0,40240.63887128116
7729200.0,46439.55478630805
7732800.0,64164.753331350264
7736400.0,64539.539415789804
7740000.0,67035.10967688824
7743600.0,80223.9917148013
7747200.0,93306.7751849909
7750800.0,79494.90417016727
7754400.0,74450.09627434825
7758000.0,94617.1744787831
7761600.0,78992.67959117182
7765200.0,57176.54236064863
7768800.0,49865.01651154844
7772400.0,40313.340863980695
7776000.0,26341.38126018365
7779600.0,25381.464156884882
7783200.0,25900.644600566582
7786800.0,16892.58915900641
7790400.0,9173.034655819354
7794000.0,7158.0909924202315
7797600.0,12265.909997158487
7801200.0,9062.755351229958
7804800.0,7880.470711963225
7808400.0,4301.176070691381
7812000.0,4207.560529681379
7815600.0,6085.598822564808
7819200.0,5993.29105448418
7822800.0,6158.114990595056
7826400.0,6591.08010616662
7830000.0,7350.256610349903
7833600.0,5226.796112983233
7837200.0,2215.4357538387344
7840800.0,2273.0732206092443
7844400.0,2146.594077727807
7848000.0,3210.553586056688
7851600.0,2172.194289657924
7855200.0,6088.085182095253
7858800.0,7545.006909424416
7862400.0,11131.916543821753
7866000.0,13099.4176418268
7869600.0,7679.299916010631
7873200.0,3248.4634095551164
7876800.0,3785.349062265807
7880400.0,7349.377761485929
7884000.0,9812.614530129073
7887600.0,24404.382454339848
7891200.0,28015.886492825513
7894800.0,19927.641527098673
7898400.0,12627.969955488468
7902000.0,6208.771304550369
7905600.0,6002.486830070288
7909200.0,7092.329423841261
7912800.0,8776.460947099267
7916400.0,10020.308917468046
7920000.0,18361.76926884266
7923600.0,22642.044837133573
7927200.0,19764.714657217708
7930800.0,18634.29801057175
7934400.0,47054.44766238773
7938000.0,68166.74245690064
7941600.0,57031.91699334158
7945200.0,32716.598648386003
7948800.0,27053.947909862436
7952400.0,23394.710795840474
7956000.0,27828.681820818438
7959600.0,28910.805372376835
7963200.0,27662.99780922627
7966800.0,26560.912106208703
7970400.0,19830.63786780352
7974000.0,21537.323223909934
7977600.0,20000.30979134796
7981200.0,14140.274434508448
7984800.0,6694.101748287381
7988400.0,6199.989179769171
7992000.0,5120.2014824868165
7995600.0,5377.365005971006
7999200.0,6576.953294793039
8002800.0,30497.601997502832
8006400.0,54435.79935832161
8010000.0,57924.10036830073
8013600.0,78750.00211887564
8017200.0,87951.99455838928
8020800.0,81791.3391154662
8024400.0,99334.65858351812
8028000.0,93566.22174272528
8031600.0,85225.79551836292
8035200.0,92110.61447037695
8038800.0,113864.78649213148
8042400.0,117182.6493699983
8046000.0,118280.31569145477
8049600.0,84578.97739135312
8053200.0,89221.69984057307
8056800.0,79035.54940601406
8060400.0,148541.28460949997
8064000.0,180293.34376593877
8067600.0,151376.3743601829
8071200.0,125802.85945301494
8074800.0,10579.568305830546
8078400.0,5035.053055260425
8082000.0,2279.85232091589
8085600.0,12377.717900568496
8089200.0,260813.12794373737
8092800.0,250033.17923318455
8096400.0,256455.06025049603
8100000.0,302216.8949673169
8103600.0,302263.6375082719
8107200.0,257652.4294618462
8110800.0,228216.89372475745
8114400.0,198862.73201039675
8118000.0,181280.34099647045
8121600.0,165985.2970196592
8125200.0,249412.28746585487
8128800.0,270872.28630841686
8132400.0,248493.80385452652
8136000.0,258767.04114762234
8139600.0,256718.34007842024
8143200.0,262125.80327153538
8146800.0,224226.3779997636
8150400.0,206221.39336871658
8154000.0,52382.30407629059
8157600.0,7156.92258799282
8161200.0,6525.6287756913325
8164800.0,6325.111548010499
8168400.0,6716.579851219198
8172000.0,7220.731406579683
8175600.0,7520.78256371002
8179200.0,115561.30749338244
8182800.0,284444.70569083677
8186400.0,283052.9311015448
8190000.0,305284.53792774933
8193600.0,267867.13993894093
8197200.0,249196.24305972937
8200800.0,214313.79584322573
8204400.0,128905.67673235366
8208000.0,98683.1057457567
8211600.0,66921.44543594297
8215200.0,55237.595895899554
8218800.0,59837.43452978848
8222400.0,69730.7443771326
8226000.0,54382.77950730562
8229600.0,38466.72189527371
8233200.0,24890.398603834234
8236800.0,6614.124592508238
8240400.0,7410.681447159662
8244000.0,7204.428791972268
8247600.0,5813.989340201402
8251200.0,6598.557639947711
8254800.0,6181.69308647501
8258400.0,6964.893156635843
8262000.0,6908.477550704457
8265600.0,38374.41858189405
8269200.0,62573.567552991226
8272800.0,58850.241928799696
8276400.0,75280.9941006305
8280000.0,99834.00828941943
8283600.0,116066.06011518175
8287200.0,112978.20331268497
8290800.0,134289.13131455882
8294400.0,143489.859891767
8298000.0,146415.6358993753
8301600.0,131688.32892507676
8305200.0,154322.46125869823
8308800.0,154437.99965598268
8312400.0,170048.7794738677
8316000.0,164507.71852571153
8319600.0,149446.89763512995
8323200.0,131446.10296854377
8326800.0,113743.61289811242
8330400.0,90554.14354033778
8334000.0,63486.084728748116
8337600.0,24799.055914900757
8341200.0,69059.42698571959
8344800.0,73791.34336703796
8348400.0,74392.53867400238
8352000.0,62865.962988301435
8355600.0,61197.67874557251
8359200.0,83837.10803684733
8362800.0,112266.92057146605
8366400.0,95427.84128058299
8370000.0,65656.00966645172
8373600.0,68080.30089361951
8377200.0,53960.74750070079
8380800.0,49490.96417999823
8384400.0,38381.60815107635
8388000.0,26248.27546424247
8391600.0,21445.089594781264
8395200.0,19683.859925346296
8398800.0,13767.253366234167
8402400.0,12191.402895984907
8406000.0,8057.949498968051
8409600.0,7188.487326336834
8413200.0,8833.703854640478
8416800.0,5054.494643091264
8420400.0,5686.8712659228395
8424000.0,6244.122538723956
8427600.0,9404.987435515897
8431200.0,18774.041343802062
8434800.0,26935.78696647484
8438400.0,31632.343204217676
8442000.0,38882.76487460927
8445600.0,53032.74514796557
8449200.0,54350.37028493373
8452800.0,46957.71255792284
8456400.0,49934.258474361355
8460000.0,58588.01022837657
8463600.0,81950.34616668125
8467200.0,100046.09946662169
8470800.0,133121.6292822879
8474400.0,161338.88353248773
8478000.0,168585.5925278088
8481600.0,161009.579308627
8485200.0,144996.9275515968
8488800.0,130498.19637546207
8492400.0,120077.16260435019
8496000.0,111986.72688032195
8499600.0,108204.94921546716
8503200.0,94775.61832851761
8506800.0,95973.2013655146
8510400.0,80928.07279550671
8514000.0,78744.29914704761
8517600.0,97171.98271707413
8521200.0,135387.0929190514
8524800.0,110040.09096530249
8528400.0,69578.06427407515
8532000.0,151698.33723683524
8535600.0,104134.61765850808
8539200.0,91476.1113642152
8542800.0,118144.82914319992
8546400.0,101345.89020823255
8550000.0,95568.1261781748
8553600.0,44853.21699538258
8557200.0,31008.467423619957
8560800.0,38284.372529137516
8564400.0,32988.36531805527
8568000.0,16198.215508113482
8571600.0,5965.321896213628
8575200.0,1822.4181692691789
8578800.0,6876.340065092104
8582400.0,16539.556970397156
8586000.0,27662.601022646486
8589600.0,40457.86727328749
8593200.0,70423.96807878788
8596800.0,131183.06242170057
8600400.0,231158.69329177632
8604000.0,289306.85461880174
8607600.0,357465.1410986712
8611200.0,391319.94289281627
8614800.0,389678.12402858556
8618400.0,430898.33287109976
8622000.0,429454.9483436507
8625600.0,427190.31773596973
8629200.0,412601.9961593497
8632800.0,411126.36055141344
8636400.0,381542.82437464246
8640000.0,389204.54508602316
8643600.0,357370.1484186738
8647200.0,357638.778978856
8650800.0,382471.2152409414
8654400.0,358107.9802231307
8658000.0,408662.2035688258
8661600.0,432535.55830223835
8665200.0,435078.9539148219
8668800.0,422409.6987452669
8672400.0,386565.1850322436
8676000.0,300189.87397318607
8679600.0,163789.91092033454
8683200.0,115152.4343552677
8686800.0,86452.03914686054
8690400.0,84560.99185435558
8694000.0,196690.69204430835
8697600.0,252576.41002183195
8701200.0,251847.52739344284
8704800.0,270794.54636710644
8708400.0,322524.07860853284
8712000.0,330241.9715082558
8715600.0,371785.1633539459
8719200.0,396156.85912168166
8722800.0,351485.29019522446
8726400.0,372291.51712255314
8730000.0,350993.91949515697
8733600.0,245173.638532641
8737200.0,202648.44603994966
8740800.0,168149.91290837823
8744400.0,148003.07304686305
8748000.0,102009.30591469297
8751600.0,101541.70836276958
8755200.0,100956.88917297868
8758800.0,104561.43910504793
8762400.0,7196.696703849692
8766000.0,58033.585145151774
8769600.0,3566.5290592393485
8773200.0,5523.9883066657785
8776800.0,7182.441660726589
8780400.0,7389.394340353065
8784000.0,36837.72238768016
8787600.0,15811.934385998375
8791200.0,11918.389546428216
8794800.0,21379.685993245006
8798400.0,35991.30661054812
8802000.0,69280.90485426407
8805600.0,156098.3013927556
8809200.0,226147.05764496778
8812800.0,283700.39993309
8816400.0,323799.2953104027
8820000.0,345670.7767912725
8823600.0,353971.7703207885
8827200.0,355268.58786769083
8830800.0,367873.494563455
8834400.0,385572.57965137606
8838000.0,396823.66676474235
8841600.0,358141.8270411461
8845200.0,223522.29564628648
8848800.0,247552.77118324366
8852400.0,224585.2188002526
8856000.0,224112.42802157
8859600.0,204714.9907321039
8863200.0,231963.13560354107
8866800.0,292903.50572965475
8870400.0,373490.6023483578
8874000.0,362469.9145968192
8877600.0,345839.5020908596
8881200.0,336973.2795554804
8884800.0,288258.29914825485
8888400.0,304136.92581714323
8892000.0,255701.5883091054
8895600.0,217148.97405154232
8899200.0,145251.80199516518
8902800.0,105361.41717004891
8906400.0,101746.93102745275
8910000.0,85669.34086694536
8913600.0,57920.69029470363
8917200.0,31211.64697151979
8920800.0,27003.273140717367
8924400.0,26097.770209840066
8928000.0,20983.773489426927
8931600.0,15019.533449164603
8935200.0,13089.979721423353
8938800.0,5538.338807666938
8942400.0,5956.730687188543
8946000.0,5584.317685597482
8949600.0,8245.046939958775
8953200.0,8520.156544517586
8956800.0,6749.826557374567
8960400.0,9309.207864410355
8964000.0,8821.53233880242
8967600.0,3402.465604223655
8971200.0,4077.306027722808
8974800.0,17625.12686954632
8978400.0,41862.020840205805
8982000.0,112927.140984555
8985600.0,182642.61210119855
8989200.0,197997.9176818481
8992800.0,204998.41980892827
8996400.0,227685.19207121106
9000000.0,238999.03064806826
9003600.0,263878.5416445243
9007200.0,316808.50952253694
9010800.0,330586.0526116397
9014400.0,375113.0073075423
9018000.0,391825.0133893495
9021600.0,282636.93426018365
9025200.0,92569.63226822062
9028800.0,60117.2078880762
9032400.0,165542.71802299566
9036000.0,260274.77064873997
9039600.0,416261.7560643505
9043200.0,397946.8760234021
9046800.0,430476.41668672033
9050400.0,423497.17812017014
9054000.0,425498.6988149499
9057600.0,425982.36860980163
9061200.0,425617.7071061017
9064800.0,426566.1874010305
9068400.0,426026.2703243057
9072000.0,366642.28935264895
9075600.0,236675.45925538836
9079200.0,189409.7785821221
9082800.0,225435.04528736757
9086400.0,268931.6155561971
9090000.0,210400.48167711004
9093600.0,204723.94659022318
9097200.0,132942.09687813316
9100800.0,116109.12530048109
9104400.0,86521.45802494079
9108000.0,58418.02074829112
9111600.0,53213.13094555015
9115200.0,51084.91919139968
9118800.0,42049.548478033634
9122400.0,39148.934530695165
9126000.0,44124.695197772504
9129600.0,28002.803672444945
9133200.0,31191.35835411766
9136800.0,23617.733491044833
9140400.0,16895.3450279459
9144000.0,32226.98946436157
9147600.0,38889.617795674945
9151200.0,74605.61815843545
9154800.0,65084.228750031616
9158400.0,66047.1791865021
9162000.0,51571.97296802854
9165600.0,32262.40815543565
9169200.0,26059.3006849833
9172800.0,22162.82624313559
9176400.0,33898.268857110976
9180000.0,42357.18980924118
9183600.0,35048.64606425147
9187200.0,14142.519921993264
9190800.0,26833.252477725095
9194400.0,39939.244621806574
9198000.0,72136.56768682574
9201600.0,87249.23811483836
9205200.0,101489.13748197339
9208800.0,76801.68805435994
9212400.0,46064.9736181134
9216000.0,57464.37586396652
9219600.0,87502.56136788834
9223200.0,133517.33877901867
9226800.0,145633.13489907476
9230400.0,117098.40842899929
9234000.0,61399.44169856198
9237600.0,97820.25944046065
9241200.0,147761.1140541957
9244800.0,155977.9732373432
9248400.0,151280.60910775905
9252000.0,144916.1676412176
9255600.0,192487.41248226486
9259200.0,190625.94313146864
9262800.0,166803.53331299603
9266400.0,166245.72424799413
9270000.0,130847.4118399137
9273600.0,127098.22858571423
9277200.0,145542.46709733916
9280800.0,174154.6506352131
9284400.0,193213.59651644135
9288000.0,220460.37093094253
9291600.0,198100.82922921615
9295200.0,216741.34091126354
9298800.0,206085.3471191034
9302400.0,203154.52202613174
9306000.0,203431.51915113267
9309600.0,213338.98381082795
9313200.0,218507.24547117986
9316800.0,226340.95168687613
9320400.0,259557.31019184616
9324000.0,240624.3973470159
9327600.0,236497.3641286842
9331200.0,258770.7684595675
9334800.0,272877.9759669243
9338400.0,292398.22045289585
9342000.0,257462.64106327304
9345600.0,181767.80269643155
9349200.0,145167.78474379377
9352800.0,141840.3299401469
9356400.0,122202.72158406946
9360000.0,84425.64753833904
9363600.0,69478.55707283149
9367200.0,80716.30776605448
9370800.0,98160.47481797618
9374400.0,81512.55915549613
9378000.0,77928.8333595249
9381600.0,95824.23711945696
9385200.0,112819.06707514163
9388800.0,150928.47040488842
9392400.0,165602.0409576997
9396000.0,194691.3076968395
9399600.0,221459.6596360457
9403200.0,251529.6892517013
9406800.0,276387.9936441612
9410400.0,253497.98424105885
9414000.0,233418.13226366276
9417600.0,220523.90451264766
9421200.0,216552.38013249316
9424800.0,188051.5103444138
9428400.0,172322.80695506462
9432000.0,173142.44870655937
9435600.0,165682.93991838794
9439200.0,142176.35598958746
9442800.0,129274.98417097861
9446400.0,119731.84436686667
9450000.0,75361.0819875482
9453600.0,55765.33668389243
9457200.0,40746.74699494888
9460800.0,33407.23798708936
9464400.0,54303.39355398457
9468000.0,52114.38467729992
9471600.0,43302.76341178318
9475200.0,100770.00046654798
9478800.0,112079.4508447509
9482400.0,87920.68214703626
9486000.0,82653.45580438098
9489600.0,79075.9439980783
9493200.0,78175.49333449361
9496800.0,71116.5133931231
9500400.0,59545.15332573901
9504000.0,61277.099381922584
9507600.0,64199.51718138088
9511200.0,54345.99863231167
9514800.0,50832.22691492365
9518400.0,51266.31493333409
9522000.0,57236.06512051076
9525600.0,68836.53156768598
9529200.0,74208.43542845336
9532800.0,75378.2255860613
9536400.0,63203.96024292386
9540000.0,41613.04187518618
9543600.0,35851.80001285538
9547200.0,28709.826764952064
9550800.0,18901.252966801123
9554400.0,19320.135499815937
9558000.0,18177.073866256764
9561600.0,14771.517972327492
9565200.0,11112.928062718756
9568800.0,12826.677938187204
9572400.0,12860.10601431088
9576000.0,10600.101295400495
9579600.0,8681.057161840341
9583200.0,7468.916798439733
9586800.0,7550.0117659709185
9590400.0,11510.824181242851
9594000.0,17313.601039087738
9597600.0,9733.50031356756
9601200.0,12321.284475833205
9604800.0,24155.506265635595
9608400.0,29753.064595305368
9612000.0,32134.62346697533
9615600.0,22827.866006294684
9619200.0,13044.600000774079
9622800.0,23620.341718466265
9626400.0,32072.282472360046
9630000.0,29257.169510010914
9633600.0,32518.149038343872
9637200.0,22583.932626516194
9640800.0,30891.307196987324
9644400.0,52068.44716444987
9648000.0,44261.09273237694
9651600.0,45874.79925151999
9655200.0,40642.54040236851
9658800.0,32023.83728105345
9662400.0,26426.63914577688
9666000.0,16992.320368070563
9669600.0,16243.16312276809
9673200.0,18182.05581291253
9676800.0,27408.272598140575
9680400.0,21295.46255285698
9684000.0,20908.568591164752
9687600.0,17047.637572018448
9691200.0,10050.028136836301
9694800.0,11331.391053281282
9698400.0,7255.689672488605
9702000.0,8519.361062200449
9705600.0,9731.771571395957
9709200.0,11348.50983274608
9712800.0,17678.512642428195
9716400.0,19306.83312631584
9720000.0,4666.203814450139
9723600.0,2538.4795318636125
9727200.0,1029.067744741672
9730800.0,1483.2881478271474
9734400.0,11523.303389641176
9738000.0,33087.1565852135
9741600.0,46348.52329005704
9745200.0,64130.71177926361
9748800.0,91352.5331862479
9752400.0,84413.38247378048
9756000.0,72936.84135305576
9759600.0,58950.03423090581
9763200.0,56264.10346035175
9766800.0,67387.71007769575
9770400.0,54977.43785878073
9774000.0,24833.9279505265
9777600.0,29471.49471975262
9781200.0,38791.63060204288
9784800.0,43591.23170999014
9788400.0,45888.23494785644
9792000.0,55749.84068835459
9795600.0,45540.29575523443
9799200.0,23843.240000236223
9802800.0,20369.140895161418
9806400.0,33960.248066368425
9810000.0,42667.152039657194
9813600.0,55284.2098869121
9817200.0,65067.309477531955
9820800.0,93820.36116063263
9824400.0,100225.97551913744
9828000.0,98510.54781236568
9831600.0,77807.45771299729
9835200.0,56168.981912218944
9838800.0,47533.97617629647
9842400.0,51500.03018365248
9846000.0,46870.94834701388
9849600.0,54583.31200824694
9853200.0,47568.4084692973
9856800.0,25448.947785583994
9860400.0,15780.158367550928
9864000.0,12427.685326837165
9867600.0,16213.024206929313
9871200.0,20438.93778643876
9874800.0,19517.05810200209
9878400.0,13983.157131085998
9882000.0,16925.710815341525
9885600.0,24310.525404898362
9889200.0,29470.774330966222
9892800.0,38190.21510557308
9896400.0,46245.65088041897
9900000.0,42306.8870076276
9903600.0,42230.310697850684
9907200.0,40271.67413659489
9910800.0,39629.71990666498
9914400.0,37916.91920069734
9918000.0,32517.694340651396
9921600.0,30680.492928000534
9925200.0,22677.902634446713
9928800.0,20400.621312379815
9932400.0,31948.22445945905
9936000.0,32344.851942783775
9939600.0,20736.788957672823
9943200.0,18087.326914851463
9946800.0,16294.615237233465
9950400.0,9924.785173475695
9954000.0,6439.297625355821
9957600.0,5036.6758391873855
9961200.0,4134.662530138905
9964800.0,6760.740574765692
9968400.0,8087.605079750934
9972000.0,7564.050437903759
9975600.0,7181.009792555742
9979200.0,7137.194626527812
9982800.0,7419.113559721319
9986400.0,7490.293317458777
9990000.0,7106.298093330194
9993600.0,16062.919875614747
9997200.0,12808.760812668927
10000800.0,8989.618388799416
10004400.0,12616.904160071233
10008000.0,31151.462052176877
10011600.0,45835.99244216076
10015200.0,75075.23528086559
10018800.0,82426.86362092316
10022400.0,112225.66526753467
10026000.0,149151.46313917535
10029600.0,179999.2663628172
10033200.0,189521.34115878548
10036800.0,178329.74403140988
10040400.0,157272.99999445316
10044000.0,163484.03046878419
10047600.0,168042.78753207982
10051200.0,61256.138741058945
10054800.0,7965.896285228907
10058400.0,7688.241137255256
10062000.0,7358.052337057849
10065600.0,6050.374865561962
10069200.0,5542.125303496512
10072800.0,5302.271475233232
10076400.0,5401.897680631525
10080000.0,35136.12302731659
10083600.0,140714.79850950695
10087200.0,153706.3983872265
10090800.0,161548.7174490669
10094400.0,164129.57868782294
10098000.0,134812.47690365303
10101600.0,113669.15575322835
10105200.0,113095.87137522887
10108800.0,104693.41184881152
10112400.0,91639.09009954325
10116000.0,89473.80250555564
10119600.0,90808.00294846951
10123200.0,98502.6034895609
10126800.0,118586.02622798216
10130400.0,133923.81178788614
10134000.0,143366.91587230292
10137600.0,156131.5334620363
10141200.0,174474.51216577648
10144800.0,122508.74776798028
10148400.0,29853.7185638574
10152000.0,5370.682954507052
10155600.0,6247.2090101144495
10159200.0,36665.87879740993
10162800.0,139214.5312689099
10166400.0,228473.5853681311
10170000.0,244923.40493291078
10173600.0,235772.72778490395
10177200.0,236099.2748670535
10180800.0,229441.19096712148
10184400.0,236943.91194572442
10188000.0,237511.9890964759
10191600.0,224028.10594137464
10195200.0,222574.0113582006
10198800.0,220716.68010641812
10202400.0,217538.10395493158
10206000.0,198123.25514850797
10209600.0,166450.47344160214
10213200.0,155563.3070788021
10216800.0,162883.47313863813
10220400.0,147934.88557540975
10224000.0,135986.9349514979
10227600.0,93831.98474825064
10231200.0,21016.859189961302
10234800.0,8784.269401524289
10238400.0,8802.043658418408
10242000.0,9329.63935043664
10245600.0,22851.72506652905
10249200.0,38606.145762805456
10252800.0,48509.959476858
10256400.0,58682.760127170804
10260000.0,76320.79417460207
10263600.0,106022.17469279838
10267200.0,103640.00584528764
10270800.0,113168.49381969668
10274400.0,122835.67286332694
10278000.0,120821.96347029108
10281600.0,115673.8695140291
10285200.0,127721.53893748092
10288800.0,151708.50891012803
10292400.0,161712.98772948503
10296000.0,161108.7730898377
10299600.0,162933.18282863608
10303200.0,163265.3001961631
10306800.0,176513.70435755246
10310400.0,167081.87003021903
10314000.0,139156.30323606715
10317600.0,53697.63186032685
10321200.0,7282.417878344422
10324800.0,12018.861826819017
10328400.0,12005.302989819873
10332000.0,30852.16660324782
10335600.0,76618.36756341098
10339200.0,61209.84580670959
10342800.0,53394.8731995819
10346400.0,37481.264718508
10350000.0,34077.15246588787
10353600.0,21393.63493477247
10357200.0,12720.369044939103
10360800.0,16335.261838095774
10364400.0,25188.18168178195
10368000.0,28299.65730885332
10371600.0,34739.66800455822
10375200.0,35141.30957202433
10378800.0,37074.22118972267
10382400.0,41757.55332942542
10386000.0,48539.61919414893
10389600.0,51904.93831970568
10393200.0,71188.89782928162
10396800.0,72232.79781911572
10400400.0,85027.36945459738
10404000.0,76622.30711003838
10407600.0,53092.665330793345
10411200.0,43522.93764390633
10414800.0,62020.45024269581
10418400.0,69182.90238737152
10422000.0,80981.92758476277
10425600.0,183062.1361111539
10429200.0,203577.77589357572
10432800.0,201920.531354444
10436400.0,215064.35313740635
10440000.0,249273.37366158486
10443600.0,237673.3412295619
10447200.0,240332.8518050133
10450800.0,265818.2454084393
10454400.0,312436.98608680477
10458000.0,242204.74674705797
10461600.0,159580.00689974686
10465200.0,120897.21896122863
10468800.0,140270.7087328267
10472400.0,178408.39082256187
10476000.0,162460.82956522788
10479600.0,142105.27932635832
10483200.0,173568.72158849332
10486800.0,80217.89609290153
10490400.0,77162.31137162517
10494000.0,70623.12694086396
10497600.0,19762.35812040142
10501200.0,22655.52730783027
10504800.0,44035.37653404675
10508400.0,148830.4672508277
10512000.0,311905.2198400942
10515600.0,302683.8351326534
10519200.0,298066.6829852284
10522800.0,316351.23733109
10526400.0,322465.76625456446
10530000.0,326345.088824883
10533600.0,338421.58302738564
10537200.0,351080.14373266906
10540800.0,358701.5042168216
10544400.0,366586.89641878445
10548000.0,386699.6680000071
10551600.0,378334.67791807745
10555200.0,333825.18883193
10558800.0,307488.9342961838
10562400.0,280798.0260606731
10566000.0,237794.1279009819
10569600.0,234209.98877239868
10573200.0,256171.729813479
10576800.0,199906.30362513033
10580400.0,171074.9443445377
10584000.0,113284.93524850755
10587600.0,67089.44366469215
10591200.0,69494.94273579282
10594800.0,128945.92845579374
10598400.0,154195.05744717133
10602000.0,172441.0589016293
10605600.0,151273.50449608825
10609200.0,169250.68574737958
10612800.0,236258.23578029414
10616400.0,317463.80303634645
10620000.0,325833.6856527195
10623600.0,352362.86851484096
10627200.0,358959.99969589757
10630800.0,338162.29206599254
10634400.0,320018.3214008811
10638000.0,295199.65366493363
10641600.0,278333.510156464
10645200.0,332017.1332549931
10648800.0,317769.18074307236
10652400.0,214077.74442043836
10656000.0,76110.48392321142
10659600.0,83500.2515038677
10663200.0,79403.99486000018
10666800.0,73723.48745261444
10670400.0,7272.394801148491
10674000.0,3954.851707173159
10677600.0,2796.470356957626
10681200.0,51318.85526760931
10684800.0,324654.5336228176
10688400.0,350810.9213336429
10692000.0,334282.621710805
10695600.0,307297.2889236895
10699200.0,280984.70189603575
10702800.0,287814.7187984505
10706400.0,254086.52628809394
10710000.0,185874.4938409494
10713600.0,131050.64038952425
10717200.0,101551.5535701194
10720800.0,81237.24463469243
10724400.0,67924.35517655374
10728000.0,66386.96436718052
10731600.0,40220.10906364048
10735200.0,27926.622876476107
10738800.0,23853.429174139972
10742400.0,21638.793993705207
10746000.0,26231.143320674746
10749600.0,31712.374452794385
10753200.0,37158.69282059365
10756800.0,44391.86875254263
10760400.0,66772.83915692804
10764000.0,94827.89360808476
10767600.0,130475.3456686129
10771200.0,201745.16982317448
10774800.0,304114.22657012724
10778400.0,362982.39994312695
10782000.0,349716.2094335123
10785600.0,349361.1964939333
10789200.0,381308.62419830356
10792800.0,382379.53685847006
10796400.0,413707.88999531587
10800000.0,418318.74574110424
10803600.0,420698.2105851225
10807200.0,414344.4559462224
10810800.0,400131.9529900896
10814400.0,365735.20850304735
10818000.0,342656.0811338687
10821600.0,354635.32953225897
10825200.0,320924.4626267697
10828800.0,295418.24075073766
10832400.0,235024.03605585347
10836000.0,180603.5739147992
10839600.0,137521.80440011874
10843200.0,118922.19228231054
10846800.0,124426.89523387256
10850400.0,102103.57979686864
10854000.0,121686.99607918755
10857600.0,124146.79031855505
10861200.0,135653.55817636635
10864800.0,126198.68445377814
10868400.0,108423.39788734798
10872000.0,94482.3959097905
10875600.0,64450.19147831479
10879200.0,77587.17911359413
10882800.0,71625.17851515101
10886400.0,42835.89261250473
10890000.0,48245.68847796665
10893600.0,45018.571995488375
10897200.0,40305.24030844882
10900800.0,28648.52403385711
10904400.0,19380.427013789344
10908000.0,18849.519251595477
10911600.0,15124.60425373431
10915200.0,7089.3221824895545
10918800.0,12768.295899967854
10922400.0,8295.843258801904
10926000.0,9074.929730804355
10929600.0,13748.704627756082
10933200.0,20031.115639561423
10936800.0,30038.09481893766
10940400.0,37023.70774439152
10944000.0,42171.58882958545
10947600.0,48642.45342063577
10951200.0,46727.62979805742
10954800.0,43906.28884555096
10958400.0,46964.33733465996
10962000.0,34530.801394476715
10965600.0,18745.44502727268
10969200.0,10441.675264469894
10972800.0,6754.752502075208
10976400.0,6163.683366815018
10980000.0,3040.46069327002
10983600.0,354.1487275895862
10987200.0,2088.936564802905
10990800.0,4101.284092111818
10994400.0,8258.092849959829
10998000.0,7893.539213662086
11001600.0,12174.506851568907
11005200.0,10617.525221882148
11008800.0,10033.450285347157
11012400.0,8362.173756334092
11016000.0,8238.269430616765
11019600.0,10386.757392645211
11023200.0,14200.596176809906
11026800.0,23663.82723662197
11030400.0,40360.59028626817
11034000.0,35221.35036638884
11037600.0,35973.82445476085
11041200.0,29692.549073511454
11044800.0,30925.707988888393
11048400.0,33982.37042960802
11052000.0,42745.15767206154
11055600.0,37613.45033333965
11059200.0,32596.274629481646
11062800.0,37745.441532293
11066400.0,52596.67924232181
11070000.0,70912.33281027537
11073600.0,95597.38910888595
11077200.0,105213.67923953135
11080800.0,130160.77250449383
11084400.0,145489.2747857568
11088000.0,159138.0105143324
11091600.0,163835.41664538285
11095200.0,113247.11961011548
11098800.0,95259.13857269374
11102400.0,93485.55315371607
11106000.0,92806.07793204435
11109600.0,99024.19997213621
11113200.0,182564.05344948734
11116800.0,169315.2439103092
11120400.0,172353.12310436365
11124000.0,170275.843855629
11127600.0,157163.45189720968
11131200.0,135137.2230138366
11134800.0,119920.50286235654
11138400.0,120588.37899726562
11142000.0,113582.25090104573
11145600.0,113436.99296620008
11149200.0,114208.09152296677
11152800.0,88308.8285160886
11156400.0,67300.97354957143
11160000.0,53770.4394930781
11163600.0,41239.33860127672
11167200.0,40953.33852560337
11170800.0,37649.668961431846
11174400.0,30237.44205122645
11178000.0,20705.81192166471
11181600.0,22893.899629826115
11185200.0,14974.11490897825
11188800.0,16479.305230539605
11192400.0,10897.128346954005
11196000.0,9786.182561888158
11199600.0,9525.487096915876
11203200.0,54750.7839458951
11206800.0,59764.40925307526
11210400.0,76022.29802630527
11214000.0,54579.72820131177
11217600.0,49302.1166779098
11221200.0,45556.72182869746
11224800.0,43626.67490191959
11228400.0,56377.136406530146
11232000.0,67976.31862705258
11235600.0,63968.99690624103
11239200.0,63891.07050387547
11242800.0,49958.16494534182
11246400.0,48061.07644192759
11250000.0,48581.71643656477
11253600.0,38339.32349302659
11257200.0,43104.99155267525
11260800.0,44815.051981156816
11264400.0,52594.035377292574
11268000.0,7128.849698828113
11271600.0,7915.27179056628
11275200.0,9537.864801770535
11278800.0,9368.331610342206
11282400.0,9347.585431511261
11286000.0,9581.489052042352
11289600.0,8205.941029248299
11293200.0,11141.073499870785
11296800.0,20116.240520511226
11300400.0,18406.19154697503
11304000.0,23746.316525558635
11307600.0,104159.93849704842
11311200.0,156631.47564316745
11314800.0,159256.68883941905
11318400.0,141532.7042003928
11322000.0,159592.90644100157
11325600.0,172299.5454611469
11329200.0,176074.60957343795
11332800.0,202029.19264800035
11336400.0,191839.28276401057
11340000.0,144729.75463321252
11343600.0,137992.1705486987
11347200.0,112491.99274731228
11350800.0,104362.80780684458
11354400.0,55134.43965817073
11358000.0,18003.19670499101
11361600.0,31280.480374614617
11365200.0,19997.937663078257
11368800.0,53958.43582908719
11372400.0,42675.1711377998
11376000.0,40413.67568502709
11379600.0,37148.09572335767
11383200.0,25774.103410064406
11386800.0,32737.20673148669
11390400.0,34841.097091080075
11394000.0,34533.28393569204
11397600.0,46126.595178521064
11401200.0,47979.6521447171
11404800.0,41491.630272857845
11408400.0,21450.830113374654
11412000.0,23479.495846744398
11415600.0,27951.576838571782
11419200.0,42434.01780962324
11422800.0,76551.26799357458
11426400.0,103292.93341019838
11430000.0,110189.82873836532
11433600.0,109656.09192285879
11437200.0,128146.87951413919
11440800.0,12337.561316813544
11444400.0,7809.122630167461
11448000.0,7394.994535865712
11451600.0,7531.308385730383
11455200.0,9118.20015054151
11458800.0,42122.952404329815
11462400.0,193272.0994679729
11466000.0,216309.35232978448
11469600.0,216419.08529711846
11473200.0,223041.07911890076
11476800.0,250599.133718921
11480400.0,256468.64008822836
11484000.0,245735.89720753202
11487600.0,240480.0535804491
11491200.0,252260.117979522
11494800.0,294423.78698715806
11498400.0,281907.1568732842
11502000.0,251727.5852060507
11505600.0,234376.7482760836
11509200.0,231439.349953629
11512800.0,231505.34380304455
11516400.0,274524.30426131433
11520000.0,221620.52238841014
11523600.0,86701.24402885823
11527200.0,42410.111656835696
11530800.0,9028.386378621572
11534400.0,6300.697241118771
11538000.0,6159.29835009003
11541600.0,7505.598397240501
11545200.0,37648.972755307885
11548800.0,257439.54852979947
11552400.0,231488.72840479005
11556000.0,205578.8578003093
11559600.0,189971.91475273628
11563200.0,166596.89818991054
11566800.0,170238.96020431968
11570400.0,153011.2407089618
11574000.0,156515.50513988832
11577600.0,158792.03679941955
11581200.0,179300.2983242534
11584800.0,221714.79340684947
11588400.0,277004.2547498264
11592000.0,317550.16855151806
11595600.0,300846.97864113527
11599200.0,292801.99773128703
11602800.0,271539.2011824939
11606400.0,248874.31645707067
11610000.0,223653.58809357244
11613600.0,18090.301382331705
11617200.0,7974.773867888161
11620800.0,7860.765342196023
11624400.0,7843.551104853169
11628000.0,9237.617955990181
11631600.0,22823.405896038956
11635200.0,305542.2331516143
11638800.0,278840.99796466256
11642400.0,260212.77648441496
11646000.0,229797.2717621629
11649600.0,221969.5116176908
11653200.0,235558.4970784615
11656800.0,199080.59998018606
11660400.0,162429.65365864048
11664000.0,145537.5373343234
11667600.0,136253.80876853096
11671200.0,153130.05362965653
11674800.0,151533.08660400947
11678400.0,189718.1800762319
11682000.0,243922.50076231797
11685600.0,237178.9566060912
11689200.0,214955.72429952855
11692800.0,201690.3146353564
11696400.0,212347.5570165615
11700000.0,27744.099458808923
11703600.0,6639.956130696178
11707200.0,6276.323662921679
11710800.0,7308.350601883102
11714400.0,17123.04070447405
11718000.0,256705.30689613626
11721600.0,352216.29676140036
11725200.0,325159.9633591653
11728800.0,331231.7561088267
11732400.0,289774.6185856259
11736000.0,267926.62833396695
11739600.0,259176.0084708434
11743200.0,254868.32280925443
11746800.0,178025.82046635973
11750400.0,187523.11885188552
11754000.0,231856.4362875717
11757600.0,215839.67825082046
11761200.0,188959.12639451836
11764800.0,201205.96040751896
11768400.0,129923.48585676441
11772000.0,126801.32149289415
11775600.0,154405.9509461969
11779200.0,50317.66504157526
11782800.0,90079.0719547555
11786400.0,7923.162975152283
11790000.0,7824.72267479238
11793600.0,7752.357012016533
11797200.0,7695.909586792461
11800800.0,8148.093555146064
11804400.0,29964.514295567085
11808000.0,262113.45993151682
11811600.0,312310.6482215828
11815200.0,274751.4847834939
11818800.0,250011.25637691008
11822400.0,251044.8068236053
11826000.0,193731.4790511744
11829600.0,112998.6163435215
11833200.0,72785.37197408499
11836800.0,93384.7849539033
11840400.0,133515.1922495341
11844000.0,132553.61513373593
11847600.0,135482.82603398964
11851200.0,147716.4744502943
11854800.0,123322.49595008383
11858400.0,149371.74301135022
11862000.0,171113.6999248357
11865600.0,147551.69633396488
11869200.0,96817.37229154768
11872800.0,129437.05987478024
11876400.0,152231.8809092352
11880000.0,159574.96322366328
11883600.0,90107.3637606539
11887200.0,155479.35346601607
11890800.0,111991.37758814087
11894400.0,225600.284465248
11898000.0,212598.37418211956
11901600.0,213612.56577114493
11905200.0,175765.8602944591
11908800.0,172286.84192673513
11912400.0,157202.38884747602
11916000.0,119289.66502051924
11919600.0,45131.78185693411
11923200.0,96318.69970019472
11926800.0,145278.4318794066
11930400.0,202226.84200283143
11934000.0,173422.58194104736
11937600.0,130330.99967469563
11941200.0,129851.04669142247
11944800.0,134871.19145348095
11948400.0,146296.2661410586
11952000.0,138977.5589957922
11955600.0,121895.71918425905
11959200.0,114082.0244399256
11962800.0,108073.31821090702
11966400.0,114165.95991571483
11970000.0,117148.64695564164
11973600.0,148438.30846896773
11977200.0,160779.00303153202
11980800.0,153622.30508774557
11984400.0,152420.45540179237
11988000.0,145708.41711821817
11991600.0,159097.84852129768
11995200.0,154223.9662291549
11998800.0,137251.51032731496
12002400.0,145371.2866211285
12006000.0,159731.9332037606
12009600.0,137016.7265851482
12013200.0,145888.66259272202
12016800.0,142924.5545196013
12020400.0,145998.9431700831
12024000.0,140215.9639579542
12027600.0,130688.97817235284
12031200.0,112861.58433222091
12034800.0,123023.09358833135
12038400.0,120562.36736188109
12042000.0,134804.46035105386
12045600.0,154140.072754832
12049200.0,21532.661379338584
12052800.0,42972.63825017114
12056400.0,18431.97853815321
12060000.0,181194.00189131178
12063600.0,169983.49583106488
12067200.0,158707.72999248467
12070800.0,149728.46910164732
12074400.0,155835.94877902025
12078000.0,216068.86625217556
12081600.0,261187.33714440055
12085200.0,259872.0462707438
12088800.0,270927.98184375477
12092400.0,276500.42775125126
12096000.0,277049.6847449581
12099600.0,273972.45844995463
12103200.0,272864.9590124795
12106800.0,281355.66998354596
12110400.0,280745.20762577985
12114000.0,282344.11499189486
12117600.0,284378.0830921977
12121200.0,290009.9521651702
12124800.0,295261.6195100882
12128400.0,267616.3854573894
12132000.0,145217.22746992606
12135600.0,150984.2948083617
12139200.0,119387.34070327591
12142800.0,102791.5354964269
12146400.0,122060.8590859463
12150000.0,175579.82879977336
12153600.0,332399.62088103424
12157200.0,229487.43808168935
12160800.0,199750.20262991625
12164400.0,164905.0931260285
12168000.0,195093.4290992393
12171600.0,239077.14414787482
12175200.0,211182.2088322125
12178800.0,327181.0029626571
12182400.0,238674.08025802567
12186000.0,209617.99626826294
12189600.0,207763.78871644338
12193200.0,154305.97122845688
12196800.0,142978.69854622788
12200400.0,140132.27253613988
12204000.0,248796.91189110515
12207600.0,233761.4108844851
12211200.0,250716.64586693075
12214800.0,249791.63993698772
12218400.0,238924.822330053
12222000.0,200582.2010855325
12225600.0,165759.24321863364
12229200.0,184113.74750657033
12232800.0,157655.6091701924
12236400.0,172148.97815912374
12240000.0,187940.2131406514
12243600.0,214858.54213400144
12247200.0,109697.60337209629
12250800.0,118941.20208233963
12254400.0,182396.67251501625
12258000.0,216417.20414053492
12261600.0,131869.26392365308
12265200.0,134163.106232984
12268800.0,128115.73606323033
12272400.0,158098.69536638135
12276000.0,175674.38651003977
12279600.0,193554.13199604128
12283200.0,174690.94731281616
12286800.0,186765.15689010406
12290400.0,197855.6246686949
12294000.0,191515.44923114122
12297600.0,196865.08467811559
12301200.0,215363.10797655268
12304800.0,215143.9405068501
12308400.0,193609.1780996155
12312000.0,92586.71318272712
12315600.0,115707.50250639766
12319200.0,159742.06064823654
12322800.0,191993.84593280914
12326400.0,150170.49794274036
12330000.0,176417.0834843483
12333600.0,186004.43969576893
12337200.0,241188.08248079804
12340800.0,205465.79558038164
12344400.0,214020.95652878255
12348000.0,178396.9785150473
12351600.0,221707.18414119666
12355200.0,213733.1376623393
12358800.0,213368.52356938543
12362400.0,213721.0345579805
12366000.0,195074.60989677339
12369600.0,187013.09186413066
12373200.0,157465.83922680898
12376800.0,113267.43877403859
12380400.0,68560.78048618662
12384000.0,78319.82119141406
12387600.0,26272.136751827325
12391200.0,2143.124820246307
12394800.0,4587.132872126678
12398400.0,7474.192755359915
12402000.0,15482.407427088825
12405600.0,26386.737752749264
12409200.0,49817.47689731167
12412800.0,245519.51551690404
12416400.0,222690.31405489537
12420000.0,211659.89309991716
12423600.0,294966.3644749443
12427200.0,351756.13155986246
12430800.0,378657.0254899784
12434400.0,360417.53839931195
12438000.0,338269.52976439416
12441600.0,254683.64267992903
12445200.0,298602.7114261942
12448800.0,299443.0201264811
12452400.0,267174.40339065663
12456000.0,115603.26727645387
12459600.0,83965.87085036482
12463200.0,95197.18259151996
12466800.0,93069.9674176164
12470400.0,59452.02557448587
12474000.0,1842.9416130513248
12477600.0,2693.884957339582
12481200.0,1981.6387279381395
12484800.0,2225.888709678847
12488400.0,1613.9871653045354
12492000.0,1793.6983938841759
12495600.0,5039.524938654445
12499200.0,166523.80545629686
12502800.0,386285.2443044763
12506400.0,388326.7058482066
12510000.0,341824.8094308974
12513600.0,343826.36989979306
12517200.0,384533.14263553405
12520800.0,388541.041240122
12524400.0,370384.6298679564
12528000.0,346850.4512939603
12531600.0,331926.52113701974
12535200.0,328421.4478596731
12538800.0,361361.6050401523
12542400.0,348318.22880937497
12546000.0,323762.40561342775
12549600.0,287884.2099063251
12553200.0,274510.5844186942
12556800.0,279221.9353547641
12560400.0,251966.82714931565
12564000.0,75359.47224953123
12567600.0,4815.59539360855
12571200.0,35149.447037935715
12574800.0,46815.32949617134
12578400.0,47661.40957976555
12582000.0,42225.39270797322
12585600.0,248773.30006677497
12589200.0,302620.85138832586
12592800.0,300182.7629976567
12596400.0,275907.6674205849
12600000.0,251648.85791208825
12603600.0,278463.98071141995
12607200.0,297025.1697605387
12610800.0,297549.51352084446
12614400.0,302603.25691043545
12618000.0,342499.643808731
12621600.0,366164.1608876184
12625200.0,395979.0379590875
12628800.0,402198.28162924654
12632400.0,423456.1573244258
12636000.0,420551.5144182475
12639600.0,423906.50722874905
12643200.0,434237.85323234
12646800.0,428339.4508087662
12650400.0,428684.9348247646
12654000.0,247589.41300792858
12657600.0,248955.45724438335
12661200.0,200082.17108315355
12664800.0,342940.72857141
12668400.0,290412.2291639113
12672000.0,275666.6515517527
12675600.0,222229.480966404
12679200.0,181960.77206969445
12682800.0,134971.78560176273
12686400.0,108950.57865578959
12690000.0,78966.1136637087
12693600.0,49661.295399287104
12697200.0,42901.68250025419
12700800.0,27658.540880899815
12704400.0,24338.5820662238
12708000.0,16029.30979313691
12711600.0,9791.591841644691
12715200.0,6125.882047104647
12718800.0,5002.883750355388
12722400.0,3979.288923955621
12726000.0,10179.532658066277
12729600.0,12884.706464064819
12733200.0,21334.40045770208
12736800.0,24642.85723445814
12740400.0,31680.02695985031
12744000.0,48518.105533978414
12747600.0,48910.417048443276
12751200.0,51435.28365051018
12754800.0,63629.823928753874
12758400.0,72510.02117928762
12762000.0,74283.51018580845
12765600.0,67338.10825510004
12769200.0,73541.05853824652
12772800.0,90419.73566610499
12776400.0,113935.62928355939
12780000.0,146953.17002927093
12783600.0,180591.47590152724
12787200.0,217594.1921403412
12790800.0,212909.10421206808
12794400.0,198091.97328367594
12798000.0,182223.53451591957
12801600.0,157643.2066462894
12805200.0,136094.93854027445
12808800.0,121120.32438659397
12812400.0,108457.14479278437
12816000.0,96278.05946319093
12819600.0,85477.32861800643
12823200.0,28050.813575827604
12826800.0,21825.690336766158
12830400.0,31979.66192063232
12834000.0,35910.61733899867
12837600.0,28465.82401911552
12841200.0,33213.85400844276
12844800.0,341875.6312051747
12848400.0,396036.2633660177
12852000.0,396407.81692851335
12855600.0,387803.1050683851
12859200.0,365423.00333069
12862800.0,380648.3595563978
12866400.0,380443.8302341022
12870000.0,426915.09230918554
12873600.0,427909.3570661666
12877200.0,430077.3346631578
12880800.0,423977.7627164031
12884400.0,384882.2788699469
12888000.0,364997.40279041044
12891600.0,368942.356152015
12895200.0,338619.2562466863
12898800.0,338350.11721420696
12902400.0,295334.5852847241
12906000.0,112686.55403978824
12909600.0,63458.634224948335
12913200.0,45529.44728558623
12916800.0,3626.2691448705164
12920400.0,4144.177135037722
12924000.0,6254.231528010138
12927600.0,38864.71506264049
12931200.0,225048.36165120002
12934800.0,261024.30845278298
12938400.0,272756.99774336227
12942000.0,275425.9335115001
12945600.0,225703.19251249387
12949200.0,257384.86389339017
12952800.0,263644.30105768365
12956400.0,241854.80421176847
12960000.0,189003.61040207854
12963600.0,166247.55226635892
12967200.0,159268.21187807215
12970800.0,139040.97643707905
12974400.0,114039.98383585075
12978000.0,104594.81531572454
12981600.0,82423.77301302462
12985200.0,71470.20424109093
12988800.0,12809.23810205921
12992400.0,6058.456965904079
12996000.0,7042.309495739659
12999600.0,6943.192399024334
13003200.0,7183.173504458356
13006800.0,6729.525848641219
13010400.0,6532.309872576506
13014000.0,6493.713070548998
13017600.0,9866.507184343427
13021200.0,9311.933823214722
13024800.0,10590.94783947366
13028400.0,12826.515659794508
13032000.0,22738.102827050112
13035600.0,36840.7064009482
13039200.0,66117.1676299214
13042800.0,78642.38863462742
13046400.0,96709.55420924751
13050000.0,117545.66772542396
13053600.0,124618.45755801292
13057200.0,124383.61304099711
13060800.0,142954.95944472693
13064400.0,140422.53798799773
13068000.0,157097.51086781998
13071600.0,142910.27847574506
13075200.0,14125.793156214351
13078800.0,6232.922147698661
13082400.0,4564.000246344322
13086000.0,2564.963683744533
13089600.0,4431.79108523608
13093200.0,5912.120038843476
13096800.0,3931.3372498785766
13100400.0,3985.608553675888
13104000.0,89392.76353997957
13107600.0,143344.92905925016
13111200.0,198821.61257484512
13114800.0,180976.36333862273
13118400.0,186222.59244822778
13122000.0,199794.52435908373
13125600.0,169153.41321506124
13129200.0,214614.612890731
13132800.0,294225.1391429225
13136400.0,302358.7355101281
13140000.0,300335.7931129337
13143600.0,275073.01014487183
13147200.0,260803.36228461927
13150800.0,219668.47082977562
13154400.0,197238.8417266297
13158000.0,179521.28076641078
13161600.0,158117.43883893066
13165200.0,124724.30857163927
13168800.0,105374.71731619851
13172400.0,101220.8741164288
13176000.0,118787.69754140869
13179600.0,143025.81019097802
13183200.0,167800.41743415096
13186800.0,130139.97636937337
13190400.0,122585.87518790651
13194000.0,152801.78353280804
13197600.0,154647.39542090154
13201200.0,148354.5861824395
13204800.0,139288.7507236776
13208400.0,126524.23177375151
13212000.0,109827.26317147457
13215600.0,106585.95178433637
13219200.0,109737.84968625661
13222800.0,121396.62371450629
13226400.0,124953.4650718946
13230000.0,131878.32764917455
13233600.0,144594.37467958816
13237200.0,173582.682621352
13240800.0,212642.0423430153
13244400.0,246424.49342945204
13248000.0,275756.38641182677
13251600.0,118853.58225065036
13255200.0,55855.79861480437
13258800.0,7303.004960711939
13262400.0,4589.360222614663
13266000.0,4768.821033360869
13269600.0,6048.433888708147
13273200.0,85031.83783786921
13276800.0,387504.4523691682
13280400.0,417087.65539794473
13284000.0,407130.7095107731
13287600.0,392156.50296223187
13291200.0,384325.2716511207
13294800.0,398995.6917757632
13298400.0,402745.3889115395
13302000.0,413806.3808883511
13305600.0,404356.5117041165
13309200.0,376293.4728378462
13312800.0,331337.24979179626
13316400.0,303597.55921418185
13320000.0,292693.1245212414
13323600.0,258703.26764845033
13327200.0,280879.16780256457
13330800.0,276743.32986775384
13334400.0,263544.58225814364
13338000.0,236069.72047162135
13341600.0,202868.8786447294
13345200.0,194849.2408469264
13348800.0,216979.26044472447
13352400.0,213052.6734970509
13356000.0,226117.14687345756
13359600.0,232522.34376284233
13363200.0,256685.50352294758
13366800.0,311362.7982668421
13370400.0,287140.3738013384
13374000.0,210548.67939640692
13377600.0,192665.7087068988
13381200.0,214979.39689870778
13384800.0,192602.62409541346
13388400.0,200506.84822755933
13392000.0,166143.72273239685
13395600.0,129585.72565587249
13399200.0,143009.2087932123
13402800.0,191988.52097417822
13406400.0,232716.73704945293
13410000.0,225797.1316557105
13413600.0,254324.69051191563
13417200.0,240412.55404210367
13420800.0,183837.49654398288
13424400.0,245634.53875983992
13428000.0,278384.7859920479
13431600.0,297563.2464093746
13435200.0,321057.0329368499
13438800.0,307569.8828949686
13442400.0,311040.8442995917
13446000.0,325755.09136340045
13449600.0,347738.26874377
13453200.0,262274.95970612083
13456800.0,196276.96360032272
13460400.0,193644.85070864522
13464000.0,186131.83491608678
13467600.0,220337.85965385896
13471200.0,240926.06524240758
13474800.0,290912.28207618097
13478400.0,275746.2907866435
13482000.0,187473.13233404123
13485600.0,153674.2449919678
13489200.0,108827.70718431284
13492800.0,110184.36695677585
13496400.0,144363.84072215247
13500000.0,83013.22922833858
13503600.0,111793.37758470437
13507200.0,142686.2439270333
13510800.0,177262.43204240367
13514400.0,83675.75240363917
13518000.0,62716.26817128373
13521600.0,69218.67109066514
13525200.0,3423.374061447296
13528800.0,9220.340080061957
13532400.0,78831.44837139807
13536000.0,231212.77240704582
13539600.0,280233.2896174607
13543200.0,271462.3614089736
13546800.0,314192.4574188424
13550400.0,293432.7550703138
13554000.0,315497.7038963771
13557600.0,307773.486275847
13561200.0,314186.7773569051
13564800.0,300837.3011214579
13568400.0,280582.8067288069
13572000.0,264075.818395438
13575600.0,206009.60320202314
13579200.0,167122.19207429592
13582800.0,113577.77710849415
13586400.0,73910.13783254293
13590000.0,63798.95206058632
13593600.0,39739.840432983874
13597200.0,33789.5076509756
13600800.0,40166.55910320835
13604400.0,18833.933525652268
13608000.0,17976.150306208336
13611600.0,14626.91519671825
13615200.0,25467.932766564794
13618800.0,12205.422794535063
13622400.0,13640.512350573927
13626000.0,9275.55514408032
13629600.0,4799.5584700950585
13633200.0,2023.710196726904
13636800.0,8401.711136653383
13640400.0,32506.69568394173
13644000.0,20908.304172842534
13647600.0,10338.771353732069
13651200.0,7887.280358790848
13654800.0,15064.13900642284
13658400.0,10422.017941834647
13662000.0,10157.188832549593
13665600.0,7121.641674456067
13669200.0,10811.831005437845
13672800.0,16045.570724470906
13676400.0,8942.620338924155
13680000.0,4806.62235307124
13683600.0,5204.427150225329
13687200.0,4684.63545793114
13690800.0,26463.751895993537
13694400.0,26028.521246782766
13698000.0,11692.172830624088
13701600.0,22278.014628200504
13705200.0,51645.1172488964
13708800.0,142616.3980340452
13712400.0,160954.04573348883
13716000.0,332905.0455262951
13719600.0,375144.5262261048
13723200.0,382119.7940631208
13726800.0,368767.2695394343
13730400.0,392715.7318040734
13734000.0,397557.5335671377
13737600.0,390280.90457271156
13741200.0,407461.2387774022
13744800.0,392114.3554453336
13748400.0,373582.6775174089
13752000.0,359174.51041211566
13755600.0,344212.5542912584
13759200.0,319212.13793742063
13762800.0,241473.43567025108
13766400.0,111481.58956327407
13770000.0,12771.56405951958
13773600.0,3773.22718452434
13777200.0,5850.708803960466
13780800.0,7611.142991078296
13784400.0,7910.4988966634555
13788000.0,8035.707813380888
13791600.0,19902.762976726666
13795200.0,127318.59946106617
13798800.0,223725.49492214777
13802400.0,196159.9067863913
13806000.0,175978.6712240619
13809600.0,134429.69526734747
13813200.0,145754.99324427242
13816800.0,142569.056017616
13820400.0,114604.76132595076
13824000.0,116254.35714350671
13827600.0,142540.37315261053
13831200.0,170496.89280010806
13834800.0,158420.85774999883
13838400.0,174777.84039186052
13842000.0,108236.28549128969
13845600.0,101717.609867436
13849200.0,115088.53103338156
13852800.0,191882.44722550307
13856400.0,169338.87864453014
13860000.0,148385.49830709054
13863600.0,102203.11372631814
13867200.0,75194.09879423567
13870800.0,66119.71349152917
13874400.0,50500.00868023877
13878000.0,98062.1840682919
13881600.0,209232.94750735353
13885200.0,223956.37443710203
13888800.0,233189.0524479028
13892400.0,244448.07370190017
13896000.0,310900.93423326773
13899600.0,330120.76895868045
13903200.0,327709.75974066544
13906800.0,334969.01540128526
13910400.0,346462.0548252674
13914000.0,357122.2061262099
13917600.0,345512.5168570497
13921200.0,327953.3411990668
13924800.0,320116.22395519464
13928400.0,346383.7723650167
13932000.0,346851.32759728085
13935600.0,331751.7663996617
13939200.0,318250.89715154615
13942800.0,291874.3444361926
13946400.0,160452.95137576957
13950000.0,102254.03954968251
13953600.0,91586.0091554853
13957200.0,31540.657185116124
13960800.0,30979.223266291498
13964400.0,169632.9563658446
13968000.0,213236.88015530116
13971600.0,175841.41043204692
13975200.0,142776.180521423
13978800.0,121354.59265621923
13982400.0,108916.9287991959
13986000.0,99797.45555875404
13989600.0,93084.0554094529
13993200.0,88767.84249561714
13996800.0,66958.86778787745
14000400.0,49724.14041149853
14004000.0,33505.49246277998
14007600.0,18616.09992069906
14011200.0,10741.143173965305
14014800.0,6143.503571393876
14018400.0,5717.69779667655
14022000.0,7104.420755061749
14025600.0,7955.364099350007
14029200.0,8305.980885451503
14032800.0,8290.866721425891
14036400.0,8354.409848918829
14040000.0,8229.837318055108
14043600.0,8588.12255369381
14047200.0,8974.854236993344
14050800.0,8499.792197198867
14054400.0,21069.827493723144
14058000.0,46439.41605419194
14061600.0,130789.65664176024
14065200.0,188741.50247870394
14068800.0,212773.35483645566
14072400.0,221081.99454200396
14076000.0,243273.23032242086
14079600.0,252388.96129585
14083200.0,251821.3286606173
14086800.0,244543.66808472227
14090400.0,218063.22760610105
14094000.0,236404.35506339278
14097600.0,251109.47189935832
14101200.0,263170.2349617502
14104800.0,265370.2981789068
14108400.0,263601.58206628874
14112000.0,253034.047180566
14115600.0,227463.14972841434
14119200.0,80143.88887281605
14122800.0,41129.363170932476
14126400.0,16736.375205303302
14130000.0,16898.176308609054
14133600.0,37544.760753447765
14137200.0,101748.99514496926
14140800.0,255718.4582617014
14144400.0,260746.51361811443
14148000.0,248116.95142521997
14151600.0,240750.89526328002
14155200.0,237080.64262832326
14158800.0,225708.85889213532
14162400.0,223192.44794890666
14166000.0,221003.18451788052
14169600.0,221722.8424151272
14173200.0,243655.6349001081
14176800.0,250132.67370671112
14180400.0,254106.37516287118
14184000.0,267575.2007922878
14187600.0,270706.26373955054
14191200.0,291244.190709148
14194800.0,277438.1718986351
14198400.0,54190.92285470792
14202000.0,38054.696738025545
14205600.0,7773.962311749986
14209200.0,7826.389051150319
14212800.0,6850.343702968053
14216400.0,5417.4442688447325
14220000.0,3636.3724066840155
14223600.0,29711.545509437623
14227200.0,323311.98920678283
14230800.0,277003.15984796506
14234400.0,244285.20092481677
14238000.0,191198.66239883003
14241600.0,174120.69913172474
14245200.0,174935.8257255874
14248800.0,169188.99195717752
14252400.0,183552.9814746992
14256000.0,122149.04625562415
14259600.0,71912.47331784373
14263200.0,76748.15973104684
14266800.0,62835.74325145924
14270400.0,67054.3393482298
14274000.0,77195.8218597169
14277600.0,72542.55036039294
14281200.0,31242.537459051797
14284800.0,17713.542819938586
14288400.0,35625.95494638982
14292000.0,26074.452713967206
14295600.0,33850.843792327876
14299200.0,3192.6841894774393
14302800.0,3167.960599060808
14306400.0,2789.215558225332
14310000.0,43093.6056551736
14313600.0,50801.27947085774
14317200.0,63453.76650955331
14320800.0,99806.0416766923
14324400.0,133744.2427915448
14328000.0,151711.71661302366
14331600.0,145358.42685398966
14335200.0,129912.46779028622
14338800.0,214392.12953253766
14342400.0,238385.53686628796
14346000.0,211799.3971520665
14349600.0,192593.4184558466
14353200.0,238233.76647680838
14356800.0,250060.43595749186
14360400.0,240789.92608045976
14364000.0,224291.27758370372
14367600.0,257316.73974232932
14371200.0,277854.7405326858
14374800.0,255066.75428229972
14378400.0,303542.12205150054
14382000.0,182784.9767077603
14385600.0,172534.89017744368
14389200.0,182860.74098918788
14392800.0,211168.24111730233
14396400.0,303905.03031217353
14400000.0,265826.4484220936
14403600.0,262361.5228191
14407200.0,276504.88340680604
14410800.0,281800.69938393927
14414400.0,243467.2074126831
14418000.0,228580.32795833852
14421600.0,229706.27749448435
14425200.0,213317.43737678597
14428800.0,228778.5876072033
14432400.0,226333.89034944336
14436000.0,253384.92965776142
14439600.0,243820.8432132746
14443200.0,270354.24085890525
14446800.0,278950.9695766917
14450400.0,244503.48413637563
14454000.0,255252.89523535233
14457600.0,256821.08393811586
14461200.0,268956.203278234
14464800.0,21096.959168210215
14468400.0,16300.12474776196
14472000.0,20716.51529533826
14475600.0,20872.266278332794
14479200.0,24976.4306528185
14482800.0,237246.06126701445
14486400.0,274592.1035373969
14490000.0,270186.4882750956
14493600.0,226235.70937631885
14497200.0,214209.26787578923
14500800.0,229205.1264984241
14504400.0,235545.65449374073
14508000.0,233165.3044369999
14511600.0,241048.93894123484
14515200.0,247107.4350448689
14518800.0,241351.074580229
14522400.0,235870.78307182237
14526000.0,249893.3429876196
14529600.0,247997.1460607864
14533200.0,206611.0988831105
14536800.0,182039.6711878374
14540400.0,155971.01149429652
14544000.0,150042.63847894222
14547600.0,180949.8874597579
14551200.0,148129.04339925447
14554800.0,66410.11258441629
14558400.0,18798.615383543074
14562000.0,23015.212592347136
14565600.0,140476.88533990455
14569200.0,301055.7536116538
14572800.0,315227.954888057
14576400.0,318275.21568236686
14580000.0,272767.3253311892
14583600.0,281469.73610215785
14587200.0,275674.67542278924
14590800.0,272362.18777803576
14594400.0,322741.73848014796
14598000.0,341027.8942910104
14601600.0,363601.08217877254
14605200.0,391985.72881838883
14608800.0,377907.9430200137
14612400.0,401459.5102010766
14616000.0,423258.77302430285
14619600.0,432071.1821355065
14623200.0,427940.82921036886
14626800.0,396755.30555995094
14630400.0,97158.7557552977
14634000.0,115767.4366897142
14637600.0,99233.39368454652
14641200.0,73361.28303469566
14644800.0,60000.23984997138
14648400.0,52368.85851597341
14652000.0,50506.1170298556
14655600.0,51258.38461101808
14659200.0,94321.04377670455
14662800.0,256687.77223851605
14666400.0,292673.56679299223
14670000.0,319553.5885398782
14673600.0,346872.61470408743
14677200.0,343103.9039499669
14680800.0,336205.0685995249
14684400.0,322572.8276740846
14688000.0,306249.25051664875
14691600.0,291983.27428457915
14695200.0,251777.49917590767
14698800.0,203273.4654059265
14702400.0,182679.747443113
14706000.0,164010.52075857454
14709600.0,127770.07958666557
14713200.0,108907.76707025296
14716800.0,103623.52567902704
14720400.0,85138.92980391032
14724000.0,58789.56985608577
14727600.0,27724.17453592219
14731200.0,13561.828012656595
14734800.0,12643.905057265365
14738400.0,16964.07406376072
14742000.0,46665.20957340336
14745600.0,57905.93187037024
14749200.0,51011.23971002885
14752800.0,36937.23881651868
14756400.0,48728.08104641001
14760000.0,65876.92560628736
14763600.0,73324.89703712394
14767200.0,98910.72951068338
14770800.0,114196.9919990993
14774400.0,139420.215313337
14778000.0,166459.79522158726
14781600.0,174520.76055311607
14785200.0,188385.9737483906
14788800.0,188698.12514614337
14792400.0,190617.9733532297
14796000.0,200642.67683321054
14799600.0,194635.03686868984
14803200.0,171531.01631226455
14806800.0,59893.7794968901
14810400.0,6801.191486977984
14814000.0,7566.363064096142
14817600.0,7637.008257716483
14821200.0,7808.826392552559
14824800.0,8307.550849352605
14828400.0,47445.21466838564
14832000.0,157550.19567184045
14835600.0,151020.28211019607
14839200.0,135187.4300393792
14842800.0,116113.79000878877
14846400.0,115569.4172765092
14850000.0,83288.26883045348
14853600.0,39462.35138171804
14857200.0,23144.10713773633
14860800.0,19394.507687188532
14864400.0,26544.395029568586
14868000.0,55788.78241151481
14871600.0,82517.5317408517
14875200.0,89247.9173467813
14878800.0,144037.26945734047
14882400.0,163307.9711404261
14886000.0,38418.70499164666
14889600.0,7847.670430484233
14893200.0,6715.535223840333
14896800.0,2999.964597662114
14900400.0,4770.569185301009
14904000.0,1730.4728229322386
14907600.0,2404.2418908466702
14911200.0,2183.7475566391013
14914800.0,6614.378510463868
14918400.0,87241.74530779678
14922000.0,382212.2946561151
14925600.0,307878.59017248114
14929200.0,297832.15761571826
14932800.0,248557.11597395455
14936400.0,197989.54379859206
14940000.0,212270.18649723916
14943600.0,212390.28714470885
14947200.0,213295.24660206708
14950800.0,242553.91670992106
14954400.0,235130.41940624645
14958000.0,244014.09355089194
14961600.0,254435.2383713353
14965200.0,263608.23707135394
14968800.0,263027.5162064609
14972400.0,291039.2534635202
14976000.0,327569.82771902945
14979600.0,86584.81310041394
14983200.0,42683.06900443725
14986800.0,4140.130039201054
14990400.0,6913.614457315603
14994000.0,5742.2731091892665
14997600.0,5883.040069065273
15001200.0,5689.756957576487
15004800.0,7035.789086282546
15008400.0,242376.26005307012
15012000.0,428950.3109076909
15015600.0,422006.2517511338
15019200.0,425688.874454315
15022800.0,444605.12958123145
15026400.0,437744.2107363394
15030000.0,325240.24088906735
15033600.0,421062.01360430586
15037200.0,408670.5252684418
15040800.0,412907.4594599729
15044400.0,436773.2316559385
15048000.0,433547.251758595
15051600.0,434234.9179025898
15055200.0,382172.47917517775
15058800.0,345714.29190137045
15062400.0,194162.3393205348
15066000.0,129054.90126022547
15069600.0,72237.26652058047
15073200.0,6759.067516356288
15076800.0,4484.240098141293
15080400.0,5815.415799092493
15084000.0,6436.252837238746
15087600.0,8398.317927281401
15091200.0,300028.07891554595
15094800.0,360221.08735904336
15098400.0,337746.09699043795
15102000.0,303022.3497689749
15105600.0,286061.835011294
15109200.0,241654.4120339079
15112800.0,255569.8879384872
15116400.0,314520.8500199677
15120000.0,341700.51659161644
15123600.0,336021.19381649734
15127200.0,335851.97245413734
15130800.0,351175.81002709264
15134400.0,296631.3875583659
15138000.0,190088.13694662054
15141600.0,218925.51961931854
15145200.0,217558.3368885715
15148800.0,237804.476489542
15152400.0,198520.09295735735
15156000.0,103566.42723107462
15159600.0,18511.879327629907
15163200.0,20496.33374477779
15166800.0,67503.07028694118
15170400.0,68948.50588599672
15174000.0,116889.85969365171
15177600.0,99857.13455134326
15181200.0,142855.22282638305
15184800.0,130878.35132915643
15188400.0,103516.61508295426
15192000.0,72890.49623506641
15195600.0,58580.90879863501
15199200.0,51198.260148331276
15202800.0,38579.01504289717
15206400.0,29994.678985032937
15210000.0,33833.8745635387
15213600.0,26224.870465314725
15217200.0,31559.2472886747
15220800.0,37786.20331899483
15224400.0,43235.87098554216
15228000.0,39144.14922726819
15231600.0,40969.10498512904
15235200.0,45014.71708817953
15238800.0,52667.282434475805
15242400.0,56937.42801274736
15246000.0,59308.149233328644
15249600.0,67066.00430092831
15253200.0,78812.89931472705
15256800.0,59318.31422456995
15260400.0,59959.27664714686
15264000.0,46862.61296510199
15267600.0,36981.19589659199
15271200.0,37591.74766657058
15274800.0,30468.93599672247
15278400.0,79028.98254038964
15282000.0,132706.82184608732
15285600.0,134774.78217857316
15289200.0,177783.8866109336
15292800.0,171900.66549009294
15296400.0,190467.58678478902
15300000.0,239368.35781465468
15303600.0,314440.3888927468
15307200.0,331707.0752485062
15310800.0,355729.60009880003
15314400.0,349851.2848765056
15318000.0,317468.7362994844
15321600.0,263202.801371428
15325200.0,183053.33871311223
15328800.0,195381.79653028844
15332400.0,223654.80136320254
15336000.0,187522.82420523526
15339600.0,201024.74317181652
15343200.0,151267.80502438243
15346800.0,171211.40392676287
15350400.0,323637.4490237013
15354000.0,312018.9194004544
15357600.0,302144.1649736398
15361200.0,314622.1957399427
15364800.0,316209.9399436049
15368400.0,308543.71584773046
15372000.0,292430.60962911334
15375600.0,300277.7524957249
15379200.0,287137.49097342114
15382800.0,303520.55557130417
15386400.0,325379.61320934497
15390000.0,323897.5472405499
15393600.0,344032.74824118655
15397200.0,379358.4744787928
15400800.0,390673.8403816989
15404400.0,394917.974006393
15408000.0,233160.26521561728
15411600.0,34141.717629061866
15415200.0,2846.6678367124127
15418800.0,2126.646563143269
15422400.0,6220.8973187998845
15426000.0,5823.480717016559
15429600.0,1964.0531594496456
15433200.0,32699.85756392538
15436800.0,234992.1400786726
15440400.0,414692.82215375226
15444000.0,425877.02702305117
15447600.0,423274.08892264403
15451200.0,401418.89191938477
15454800.0,398001.2208297655
15458400.0,408455.0195629415
15462000.0,421585.5396087896
15465600.0,417320.9223144292
15469200.0,407990.102150041
15472800.0,403191.9456379817
15476400.0,386331.6832893791
15480000.0,361724.5467110826
15483600.0,360240.9222333318
15487200.0,344849.5762126291
15490800.0,347188.95002063544
15494400.0,174860.5361880067
15498000.0,82994.91658901222
15501600.0,3466.2069659100243
15505200.0,6076.237904849661
15508800.0,4426.671997428837
15512400.0,5961.526490982102
15516000.0,6593.151223927519
15519600.0,5218.922429008207
15523200.0,43692.473699071
15526800.0,200648.38712347587
15530400.0,227938.9671582172
15534000.0,272573.3593776794
15537600.0,289828.71997440024
15541200.0,302432.9753292431
15544800.0,299836.72468957974
15548400.0,293245.34548206185
15552000.0,278320.2405568354
15555600.0,262985.2165933436
15559200.0,228313.84106390455
15562800.0,220569.731930745
15566400.0,208482.94450525148
15570000.0,178237.94091731127
15573600.0,146992.4534916346
15577200.0,118826.99086775309
15580800.0,93091.50430587058
15584400.0,62519.05537714829
15588000.0,41432.98286173749
15591600.0,39007.17544527322
15595200.0,24909.192350865997
15598800.0,13360.920998640364
15602400.0,9393.277935807635
15606000.0,9420.324334590308
15609600.0,8442.231096730802
15613200.0,6233.781268601169
15616800.0,5601.531922940336
15620400.0,5549.06190930195
15624000.0,560.433202069666
15627600.0,1769.2026296031725
15631200.0,6478.467174651669
15634800.0,13667.015275837532
15638400.0,25850.91390983549
15642000.0,58761.88675325646
15645600.0,108893.64534996622
15649200.0,147858.04739285403
15652800.0,205760.8848370106
15656400.0,224344.92109285636
15660000.0,202309.6475755374
15663600.0,195703.3909395315
15667200.0,175227.80591912806
15670800.0,165052.91124116365
15674400.0,146251.41271151032
15678000.0,129701.60801971088
15681600.0,147867.9902854324
15685200.0,111108.63245177809
15688800.0,115448.25386466378
15692400.0,121416.93619637794
15696000.0,114944.29131590185
15699600.0,115987.8530666547
15703200.0,80423.35262938595
15706800.0,56364.24131997643
15710400.0,40320.16323852539
15714000.0,52975.23273101532
15717600.0,58834.64665706868
15721200.0,87825.66369341176
15724800.0,96129.37395413722
15728400.0,107983.03574080582
15732000.0,76297.14639447113
15735600.0,45804.67398514213
15739200.0,72572.2899441085
15742800.0,145220.0822968658
15746400.0,93756.1558736589
15750000.0,46358.532048571265
15753600.0,96889.26257409081
15757200.0,150330.4054799384
15760800.0,158321.41036902543
15764400.0,100054.74031374336
15768000.0,70487.0880096881
15771600.0,86310.1578753547
15775200.0,75143.83099384405
15778800.0,51329.39540831138
15782400.0,59821.92071544674
15786000.0,151259.80215407908
15789600.0,84862.25659930895
15793200.0,25547.469543333173
15796800.0,28135.49585041615
15800400.0,70815.62252485879
15804000.0,121556.1055095682
15807600.0,227515.87079627204
15811200.0,357136.6240841115
15814800.0,386218.3871976502
15818400.0,404298.05743610277
15822000.0,422827.26523233624
15825600.0,425967.7406445682
15829200.0,427710.3576187468
15832800.0,301697.2680989588
15836400.0,239337.19686313483
15840000.0,128013.13825408813
15843600.0,117964.4592552617
15847200.0,104670.16785550477
15850800.0,106103.49971381569
15854400.0,106740.3946762086
15858000.0,108880.2421093083
15861600.0,101303.68668937914
15865200.0,168814.11582413968
15868800.0,332867.00301634625
15872400.0,327168.8441745361
15876000.0,299962.61390277476
15879600.0,272537.6358577814
15883200.0,250159.74715189257
15886800.0,229230.51065735688
15890400.0,219970.66501626832
15894000.0,211691.50461262141
15897600.0,213072.62960284448
15901200.0,223750.5325689832
15904800.0,224810.1544713332
15908400.0,195053.42683905386
15912000.0,170135.7065995552
15915600.0,177579.88007961688
15919200.0,187706.83453844962
15922800.0,218957.5533740367
15926400.0,232693.6177877735
15930000.0,250716.39990379827
15933600.0,210685.04733906913
15937200.0,93960.4984167064
15940800.0,44758.356047256864
15944400.0,35204.066126602076
15948000.0,48698.96162070888
15951600.0,208102.93942042565
15955200.0,280894.86807796144
15958800.0,231047.12785137657
15962400.0,274447.93923164083
15966000.0,249005.7018166913
15969600.0,211616.04452363192
15973200.0,221523.85251349528
15976800.0,269817.0004210811
15980400.0,287914.39814206754
15984000.0,291024.4495375983
15987600.0,298997.5891666141
15991200.0,312470.3699341116
15994800.0,307204.6349617045
15998400.0,311779.98992264364
16002000.0,302181.3149524289
16005600.0,296669.146558417
16009200.0,295257.29558640515
16012800.0,237128.90899520498
16016400.0,11958.211709417043
16020000.0,23888.45171502012
16023600.0,3002.750694929656
16027200.0,2296.366533819663
16030800.0,1551.8269042717088
16034400.0,1133.7786731111069
16038000.0,13552.791969919766
16041600.0,16964.939866714692
16045200.0,298674.4343392578
16048800.0,297882.5746485926
16052400.0,298660.9254585482
16056000.0,288075.3592160464
16059600.0,278610.69596987055
16063200.0,245859.168011132
16066800.0,304106.7223081403
16070400.0,250427.8056011923
16074000.0,201526.1089481024
16077600.0,184036.17238919603
16081200.0,188558.1240766423
16084800.0,162413.51841351262
16088400.0,173629.66062507287
16092000.0,179206.1895842068
16095600.0,193417.00802698484
16099200.0,167679.80004136806
16102800.0,169456.2453783723
16106400.0,147262.95820815596
16110000.0,162667.72433374167
16113600.0,162528.15727939285
16117200.0,143681.86259491812
16120800.0,104949.95775982468
16124400.0,82794.27081138894
16128000.0,66262.76825854927
16131600.0,50917.433889648586
16135200.0,34391.12710911153
16138800.0,28487.48150248898
16142400.0,25025.715873451994
16146000.0,24792.18612960996
16149600.0,38557.603204463245
16153200.0,48717.08111692863
16156800.0,46936.376767598435
16160400.0,33280.86862076769
16164000.0,39017.72385899139
16167600.0,48196.69822217635
16171200.0,55871.04037419365
16174800.0,63915.58281418867
16178400.0,85410.13677222125
16182000.0,67804.91064289922
16185600.0,107572.13253181774
16189200.0,123492.33237937145
16192800.0,119215.44620213739
16196400.0,117256.45453757524
16200000.0,101761.49249036441
16203600.0,114645.82953244116
16207200.0,189353.77980892488
16210800.0,200886.0603756114
16214400.0,229568.87065191593
16218000.0,228535.61867018612
16221600.0,217138.35468080145
16225200.0,235645.3787025605
16228800.0,253295.37584946273
16232400.0,269098.7868015294
16236000.0,272158.27829556173
16239600.0,256726.3327665499
16243200.0,257854.417059042
16246800.0,248927.32548952717
16250400.0,203925.3797108528
16254000.0,201054.5858500404
16257600.0,154509.89757515604
16261200.0,173499.26229991135
16264800.0,129670.70957735571
16268400.0,120169.93620687573
16272000.0,174875.15906215325
16275600.0,136786.00807581493
16279200.0,127194.57994950932
16282800.0,115827.20350355124
16286400.0,115264.44208383576
16290000.0,139031.11722924045
16293600.0,174932.89485053814
16297200.0,172763.6530730485
16300800.0,180582.2397154394
16304400.0,215564.74428875727
16308000.0,241236.56458248413
16311600.0,220874.22887944937
16315200.0,229614.87498528062
16318800.0,173050.97078563197
16322400.0,137666.48863311726
16326000.0,189334.53963721675
16329600.0,189176.3987071486
16333200.0,156716.21041958893
16336800.0,131892.58619241984
16340400.0,119456.6393044298
16344000.0,116861.76930387603
16347600.0,103298.52533269493
16351200.0,85993.37772509495
16354800.0,69904.69567735032
16358400.0,78027.77449555168
16362000.0,82504.20104818113
16365600.0,67775.43865943512
16369200.0,46352.68238980396
16372800.0,40902.164829949
16376400.0,32956.91862928712
16380000.0,49463.7122285848
16383600.0,51233.090500683604
16387200.0,54820.442741442195
16390800.0,56956.16162131595
16394400.0,50986.06110372682
16398000.0,43555.827337597766
16401600.0,68355.45599976687
16405200.0,75689.1605322547
16408800.0,63051.09495158298
16412400.0,72880.23896787631
16416000.0,69738.27250358906
16419600.0,67310.78311931345
16423200.0,59522.908776415505
16426800.0,57073.90159546131
16430400.0,76526.44353600015
16434000.0,78249.19858949151
16437600.0,51557.36027605565
16441200.0,69272.85616417928
16444800.0,74318.83182803985
16448400.0,76019.0435490494
16452000.0,65683.90404938445
16455600.0,51831.95281710832
16459200.0,58800.35818727079
16462800.0,59580.50869642065
16466400.0,62812.224339463675
16470000.0,51639.71337841962
16473600.0,37454.611606182916
16477200.0,39381.04608866221
16480800.0,27740.324736117644
16484400.0,35013.80616611134
16488000.0,62902.68436121806
16491600.0,86838.80042210227
16495200.0,102869.69036131394
16498800.0,79741.79928970893
16502400.0,53998.20039915625
16506000.0,52200.332723351494
16509600.0,44318.497918310844
16513200.0,51089.535216189564
16516800.0,61089.66529281525
16520400.0,49831.34597241451
16524000.0,68106.87763964215
16527600.0,85868.16753560581
16531200.0,111159.87137698247
16534800.0,110046.28395423786
16538400.0,95796.58265399106
16542000.0,78015.63098069119
16545600.0,67254.79293732526
16549200.0,80485.51225403292
16552800.0,100909.64420539218
16556400.0,150700.84632176883
16560000.0,188003.3384808314
16563600.0,195906.50462149546
16567200.0,165106.9699920858
16570800.0,146229.78322911443
16574400.0,150602.73980578917
16578000.0,176540.54615828316
16581600.0,205744.6795894388
16585200.0,215531.38462411286
16588800.0,203816.79510179185
16592400.0,197512.96588769404
16596000.0,229332.66904206708
16599600.0,295606.62687308213
16603200.0,295821.44496366754
16606800.0,301302.4043590276
16610400.0,280678.1895133327
16614000.0,268290.6563155495
16617600.0,273539.00649920496
16621200.0,320968.59566753154
16624800.0,226481.9525185534
16628400.0,103591.69238585276
16632000.0,89824.20864793955
16635600.0,44401.9456043432
16639200.0,87369.05397963853
16642800.0,200101.9139996861
16646400.0,172990.32735028147
16650000.0,156091.7160719414
16653600.0,182994.06509831184
16657200.0,180719.81997315297
16660800.0,127891.46414259514
16664400.0,157181.97422567484
16668000.0,148909.86274993655
16671600.0,208176.764634157
16675200.0,228106.88361138417
16678800.0,166111.77107145378
16682400.0,157042.3428963548
16686000.0,175949.70866747372
16689600.0,180262.8386100412
16693200.0,177948.8966899067
16696800.0,175839.14044370674
16700400.0,192614.1592253978
16704000.0,203894.9976956179
16707600.0,219107.56606578836
16711200.0,110841.67526819822
16714800.0,56946.384825445406
16718400.0,5891.087486378362
16722000.0,24944.060249983693
16725600.0,10530.467637094627
16729200.0,119542.43366329772
16732800.0,204223.77912849985
16736400.0,173366.66335246773
16740000.0,153006.1257576626
16743600.0,118377.08134244064
16747200.0,109495.67686794241
16750800.0,103324.91466308365
16754400.0,85949.50973904117
16758000.0,99534.25591544741
16761600.0,137210.8700903112
16765200.0,122583.91575586294
16768800.0,107696.75342800636
16772400.0,103169.74851868868
16776000.0,103657.27831193611
16779600.0,85709.35267291858
16783200.0,49214.04246672097
16786800.0,30931.712925804
16790400.0,33536.80296497543
16794000.0,28941.205842801486
16797600.0,25829.660849672066
16801200.0,17836.209056977517
16804800.0,20547.97645680635
16808400.0,18057.766791946637
16812000.0,12794.283034497026
16815600.0,12467.62617578771
16819200.0,5208.595477567128
16822800.0,4264.51706358842
16826400.0,2928.4886023097547
16830000.0,1616.515526301325
16833600.0,16.323297147660174
16837200.0,0.0
16840800.0,409.7688512038357
16844400.0,1042.3682090842099
16848000.0,2254.301110696508
16851600.0,2270.9782383788315
16855200.0,7160.733902870689
16858800.0,4934.36376729351
16862400.0,6746.4877589930775
16866000.0,14359.301262937362
16869600.0,14895.331613060665
16873200.0,12637.154594322137
16876800.0,16775.72994288258
16880400.0,15720.54587728343
16884000.0,80656.54986161941
16887600.0,105617.07691376077
16891200.0,174569.273837709
16894800.0,214489.85389881214
16898400.0,187803.56041531963
16902000.0,156576.58259039104
16905600.0,149383.22468492284
16909200.0,155087.9838026147
16912800.0,128484.9216339643
16916400.0,104161.73755985686
16920000.0,71506.1084945714
16923600.0,49068.606662029226
16927200.0,56036.01004266503
16930800.0,59365.790200221345
16934400.0,45128.75520581387
16938000.0,24546.567918283774
16941600.0,19046.94587137777
16945200.0,30126.91614711874
16948800.0,33453.05426843428
16952400.0,31280.782976088056
16956000.0,31013.660013993303
16959600.0,32713.00115915498
16963200.0,24944.416307868843
16966800.0,24907.41047047561
16970400.0,29863.584771940394
16974000.0,32376.7450562283
16977600.0,37973.61927110534
16981200.0,43916.80766732693
16984800.0,53693.54689953189
16988400.0,54403.2631769719
16992000.0,48813.25270172006
16995600.0,49248.36911967009
16999200.0,36760.57396702075
17002800.0,31424.18775532769
17006400.0,43675.730069066965
17010000.0,73942.98011548826
17013600.0,73802.62617003132
17017200.0,81210.41524348587
17020800.0,86500.76498432862
17024400.0,98335.74693703327
17028000.0,165868.26247923268
17031600.0,191567.9310179179
17035200.0,157023.60642404985
17038800.0,122694.12537620135
17042400.0,119388.71943322798
17046000.0,138972.7450550018
17049600.0,163939.04158129293
17053200.0,150737.33064095493
17056800.0,109023.43529025158
17060400.0,100241.70570466944
17064000.0,111491.72018967927
17067600.0,127742.49448725773
17071200.0,127963.64652624511
17074800.0,119257.60644675276
17078400.0,120371.47674300932
17082000.0,102681.39619672531
17085600.0,99273.85541531832
17089200.0,67735.48444638166
17092800.0,44708.25179802965
17096400.0,34933.10448503775
17100000.0,12695.43735634831
17103600.0,4569.250429637428
17107200.0,3178.3963724828704
17110800.0,1272.7717074198965
17114400.0,1272.7717074198965
17118000.0,14.000488781618863
17121600.0,393.9546627391435
17125200.0,2158.01624922312
17128800.0,5817.012173006524
17132400.0,12879.526919601474
17136000.0,12101.730401724491
17139600.0,11359.034381994736
17143200.0,8283.147042827462
17146800.0,6368.567792416937
17150400.0,5249.327990519687
17154000.0,10055.510282773086
17157600.0,11224.59564304802
17161200.0,17570.46068832678
17164800.0,8272.351393205128
17168400.0,2257.826370133135
17172000.0,2854.6477971250088
17175600.0,577.8701744613186
17179200.0,3146.32348003467
17182800.0,988.6572430310902
17186400.0,150.75980874388674
17190000.0,298.24223034116727
17193600.0,218.75763721279472
17197200.0,106.21279898419037
17200800.0,26.632747977761337
17204400.0,0.0
17208000.0,0.0
17211600.0,35.92398144192658
17215200.0,389.1499495436334
17218800.0,974.6249349567858
17222400.0,2411.7432890972764
17226000.0,7450.773755943389
17229600.0,7183.682613141324
17233200.0,5153.898113440758
17236800.0,4472.519779873516
17240400.0,7094.684051499988
17244000.0,8423.347619293667
17247600.0,13625.364776290997
17251200.0,19529.114113807696
17254800.0,52747.582874268635
17258400.0,70426.64885419662
17262000.0,35798.646520810114
17265600.0,75959.2830990709
17269200.0,129486.25854693764
17272800.0,173704.21290964205
17276400.0,179388.34930735859
17280000.0,199486.08436362978
17283600.0,199302.13925996542
17287200.0,205867.79352392582
17290800.0,212451.82342941212
17294400.0,195746.1369773252
17298000.0,202910.4222314525
17301600.0,204404.95436273594
17305200.0,185776.69119921493
17308800.0,173491.73799177003
17312400.0,110015.39442128464
17316000.0,52868.70014813964
17319600.0,20060.048922400347
17323200.0,8697.888294899261
17326800.0,16627.04220647837
17330400.0,79677.60163936544
17334000.0,89685.04410764319
17337600.0,60824.96218792923
17341200.0,46525.700748360134
17344800.0,37911.61842472886
17348400.0,77513.36408203647
17352000.0,157928.87484674007
17355600.0,180624.22177201574
17359200.0,219513.3692785448
17362800.0,253905.14104652614
17366400.0,260531.31783252486
17370000.0,207203.88148728182
17373600.0,160890.61397352032
17377200.0,135517.99462542322
17380800.0,104187.34859034649
17384400.0,126789.75931651102
17388000.0,143950.14218830198
17391600.0,151314.46038047544
17395200.0,160086.39153306803
17398800.0,169794.6212825777
17402400.0,161246.0590190939
17406000.0,127168.70100057528
17409600.0,75970.39185053327
17413200.0,68728.2323776804
17416800.0,78498.73598309778
17420400.0,62491.849881902184
17424000.0,56125.54125926592
17427600.0,39808.83070519164
17431200.0,44727.32969134509
17434800.0,25516.527190354085
17438400.0,10457.569637552151
17442000.0,10060.08303332492
17445600.0,7943.972792568598
17449200.0,1612.4687486575835
17452800.0,12286.729678555535
17456400.0,18855.804516479646
17460000.0,27723.25018546968
17463600.0,26465.156399572676
17467200.0,18880.7167953019
17470800.0,24380.96377311625
17474400.0,23376.955948714894
17478000.0,19334.675007415648
17481600.0,25699.138111076154
17485200.0,55400.12502462195
17488800.0,47642.23145567814
17492400.0,45026.19812536631
17496000.0,69536.7857420601
17499600.0,89293.26461175202
17503200.0,149380.85032930266
17506800.0,203538.00114133296
17510400.0,220022.73601597644
17514000.0,291719.17988276226
17517600.0,231395.10840907908
17521200.0,261701.6626004043
17524800.0,292133.238292813
17528400.0,308495.05937632045
17532000.0,355898.21148531925
17535600.0,361272.20396445855
17539200.0,339548.9873415931
17542800.0,323507.62980966666
17546400.0,285537.7648969053
17550000.0,277079.3590991237
17553600.0,226780.02197013528
17557200.0,146209.15891817448
17560800.0,86511.12789157043
17564400.0,68438.18806990673
17568000.0,52264.96375246135
17571600.0,32057.831422394003
17575200.0,25619.263731612387
17578800.0,24625.355987095263
17582400.0,30463.97123248475
17586000.0,39558.52519385996
17589600.0,43520.56456105784
17593200.0,52169.03558525897
17596800.0,53626.25800490401
17600400.0,47623.54366689102
17604000.0,38909.19652465726
17607600.0,39202.69322568731
17611200.0,20264.87543688958
17614800.0,32033.27042856299
17618400.0,76924.90381058355
17622000.0,121047.62239389443
17625600.0,96591.82155353946
17629200.0,57032.515514237
17632800.0,44015.71380213175
17636400.0,45067.22560316206
17640000.0,29337.322308285682
17643600.0,21066.63570047386
17647200.0,22955.159723068868
17650800.0,28837.92550983119
17654400.0,30725.059983914623
17658000.0,36202.09796964417
17661600.0,39317.41227618512
17665200.0,40102.91288120711
17668800.0,53404.66876883513
17672400.0,77122.8879043737
17676000.0,120477.85086580743
17679600.0,112498.79157558038
17683200.0,71687.49755445434
17686800.0,44390.14414687907
17690400.0,61661.696945261705
17694000.0,89062.47450901021
17697600.0,145266.61610326078
17701200.0,137452.34097502875
17704800.0,132202.45805604462
17708400.0,114024.98581224344
17712000.0,78811.81014033844
17715600.0,112834.10328190016
17719200.0,186397.57405714263
17722800.0,157323.03105930722
17726400.0,144527.80935567597
17730000.0,169496.46591890554
17733600.0,163643.60740353123
17737200.0,157114.21026900716
17740800.0,150632.23533552984
17744400.0,124185.10647442107
17748000.0,118974.72784369186
17751600.0,128667.42436909124
17755200.0,145235.48283452558
17758800.0,153054.6431787636
17762400.0,172931.12596527545
17766000.0,160203.7194473731
17769600.0,171863.36659701407
17773200.0,190221.79579470353
17776800.0,213981.4423765469
17780400.0,192548.66907538543
17784000.0,188490.7769527088
17787600.0,171049.11885201538
17791200.0,177603.50526805
17794800.0,186675.02460706432
17798400.0,199627.8144934954
17802000.0,178380.9358640611
17805600.0,177071.0733617365
17809200.0,174976.4993728485
17812800.0,183988.0221627326
17816400.0,166915.33707989802
17820000.0,146320.83127139765
17823600.0,130061.08679701822
17827200.0,121606.57504427545
17830800.0,102319.17364180971
17834400.0,90118.95743813679
17838000.0,92247.99490293243
17841600.0,73274.59009900232
17845200.0,60409.44168137956
17848800.0,60736.62928589088
17852400.0,91629.88000527542
17856000.0,88674.4328254308
17859600.0,87925.18234960077
17863200.0,93929.70497801708
17866800.0,83139.74878172173
17870400.0,96651.31885796743
17874000.0,81065.09048812558
17877600.0,73420.40614424166
17881200.0,91552.15788276891
17884800.0,86716.35373818286
17888400.0,64363.20039584897
17892000.0,67062.12139264189
17895600.0,75888.31175770055
17899200.0,98926.76643419688
17902800.0,102684.14665638506
17906400.0,122255.45792518763
17910000.0,127943.7158758857
17913600.0,108668.37462173363
17917200.0,92431.9944175873
17920800.0,82014.52249809862
17924400.0,80325.28143282118
17928000.0,73671.60291396147
17931600.0,86070.49878116265
17935200.0,99595.54464605359
17938800.0,113862.75005739961
17942400.0,114611.66070318376
17946000.0,119995.65112227775
17949600.0,106551.86059415313
17953200.0,119561.0807233902
17956800.0,120112.51447490962
17960400.0,146419.17325014315
17964000.0,138253.9800071079
17967600.0,136427.7094760733
17971200.0,157664.50520804137
17974800.0,151450.98869237283
17978400.0,177277.54716100806
17982000.0,197623.564657982
17985600.0,267242.69618396874
17989200.0,271681.1763209132
17992800.0,280228.9116009801
17996400.0,276416.00003100425
18000000.0,263412.5719676147
18003600.0,279202.42503726104
18007200.0,280130.02614871546
18010800.0,275918.0516467528
18014400.0,266994.1980084616
18018000.0,254926.13464574885
18021600.0,229234.00409750082
18025200.0,225449.6582975334
18028800.0,230199.6346729942
18032400.0,248284.86660561524
18036000.0,248798.86209555386
18039600.0,298463.37315255974
18043200.0,318777.6973612472
18046800.0,320454.95719005686
18050400.0,344699.66693357873
18054000.0,382666.4765578564
18057600.0,386090.9652491265
18061200.0,377195.96248170617
18064800.0,391604.4920087431
18068400.0,396907.8132024421
18072000.0,402991.55536927865
18075600.0,411729.9015766346
18079200.0,420765.55739086313
18082800.0,403509.4382222046
18086400.0,384654.32991184894
18090000.0,222852.67517775236
18093600.0,195094.38017789766
18097200.0,200030.46218699618
18100800.0,275818.6672679789
18104400.0,189664.29824057705
18108000.0,383921.26750117267
18111600.0,389577.89675674844
18115200.0,404411.8527725339
18118800.0,395948.3406146621
18122400.0,397534.8871401476
18126000.0,391091.8278380105
18129600.0,356496.3120478771
18133200.0,375537.16770663485
18136800.0,365342.3006950376
18140400.0,344253.9203263283
18144000.0,342252.5090899154
18147600.0,321779.6207545671
18151200.0,332189.87796763226
18154800.0,309160.4392877183
18158400.0,293846.30596264626
18162000.0,252323.92679810888
18165600.0,222169.83379310745
18169200.0,221229.46423588417
18172800.0,218248.50339258555
18176400.0,198569.03452962983
18180000.0,136154.99204593856
18183600.0,45126.38625947343
18187200.0,143198.67931705152
18190800.0,94240.1861810968
18194400.0,127126.14269660843
18198000.0,181144.25210900506
18201600.0,138496.24319221333
18205200.0,111447.52605587547
18208800.0,83667.61939242877
18212400.0,132943.3190571652
18216000.0,148111.77984200793
18219600.0,156665.82488781435
18223200.0,155744.631227328
18226800.0,132107.88284516722
18230400.0,147042.1822732081
18234000.0,150503.96476647022
18237600.0,117195.69687096398
18241200.0,92977.75447102798
18244800.0,83432.1757181317
18248400.0,83858.93511705082
18252000.0,87790.88170638432
18255600.0,98393.27049073597
18259200.0,98505.18562516232
18262800.0,100423.31940875875
18266400.0,69374.94200090216
18270000.0,61810.3312252542
18273600.0,51198.32696884591
18277200.0,63081.58578879885
18280800.0,60439.21085703734
18284400.0,65880.93292800817
18288000.0,85012.06787493786
18291600.0,95926.01908193469
18295200.0,115212.83373664331
18298800.0,108125.39302893025
18302400.0,94752.4767933333
18306000.0,93437.17319195949
18309600.0,73932.99235770722
18313200.0,65873.37043671562
18316800.0,69350.32182318675
18320400.0,82846.44490560536
18324000.0,88718.66068768487
18327600.0,81287.16433202206
18331200.0,77517.2746731075
18334800.0,73478.79963740638
18338400.0,57268.71298757778
18342000.0,56276.525075830315
18345600.0,53032.25799459456
18349200.0,37447.31480598428
18352800.0,44207.86573776557
18356400.0,46887.359147216426
18360000.0,67386.03288277831
18363600.0,86629.42024863682
18367200.0,90077.45298914367
18370800.0,76599.88469086876
18374400.0,61955.036777178815
18378000.0,69704.57459986342
18381600.0,53551.742312521405
18385200.0,49212.132672773994
18388800.0,34911.33404317526
18392400.0,24278.20304919551
18396000.0,21376.99821759186
18399600.0,23345.250887290138
18403200.0,40219.83509953046
18406800.0,64126.173711740805
18410400.0,83110.74231450964
18414000.0,67677.40723698624
18417600.0,52093.448537291646
18421200.0,46522.49049992109
18424800.0,53798.58365745842
18428400.0,61299.28442916877
18432000.0,59675.27036835318
18435600.0,34633.5958468477
18439200.0,13878.063734818485
18442800.0,7536.474247897873
18446400.0,2838.0279441695197
18450000.0,3642.099879367405
18453600.0,10197.090225577205
18457200.0,106867.64607332351
18460800.0,98664.08958186906
18464400.0,82017.1689086713
18468000.0,94759.40958082362
18471600.0,154879.6288467596
18475200.0,228142.7060892824
18478800.0,240399.50781390967
18482400.0,260652.81630152222
18486000.0,279236.47422597796
18489600.0,288770.57130530156
18493200.0,285768.40353981394
18496800.0,280813.5370112785
18500400.0,273862.8460777399
18504000.0,275899.7033698186
18507600.0,278635.52360937424
18511200.0,276214.7977339519
18514800.0,281282.4665187937
18518400.0,72388.49661847025
18522000.0,71228.42184549799
18525600.0,52844.26134039254
18529200.0,8810.473861822504
18532800.0,4651.121469717214
18536400.0,4163.268074263167
18540000.0,2150.284161100544
18543600.0,29805.248871695436
18547200.0,133603.1582751278
18550800.0,122751.73166006504
18554400.0,143877.88343834956
18558000.0,155607.28929611665
18561600.0,151860.18893281638
18565200.0,151129.56228899516
18568800.0,159557.58798069943
18572400.0,143759.7476322032
18576000.0,208822.8149616343
18579600.0,284744.4879749439
18583200.0,242510.08054315994
18586800.0,250870.7788388922
18590400.0,216414.2309458264
18594000.0,186920.7599133876
18597600.0,217057.74241194033
18601200.0,201039.54868870307
18604800.0,158033.62109452437
18608400.0,115404.53606567148
18612000.0,87861.49317155441
18615600.0,94570.19265674711
18619200.0,140236.3862163856
18622800.0,90134.9590422354
18626400.0,108841.51803011005
18630000.0,337733.00589704124
18633600.0,378430.9990535445
18637200.0,404068.53628675325
18640800.0,394981.51713388594
18644400.0,412529.6454516414
18648000.0,403859.8329096432
18651600.0,173398.2904566254
18655200.0,239017.45942781292
18658800.0,299158.4735560976
18662400.0,256424.243901916
18666000.0,163228.42768160623
18669600.0,111999.58887481128
18673200.0,49973.47193428111
18676800.0,62983.426134600435
18680400.0,166737.81756419854
18684000.0,205491.7610777918
18687600.0,151139.4491796184
18691200.0,63071.88345007319
18694800.0,57954.04709561169
18698400.0,58454.11559933477
18702000.0,59230.26992351625
18705600.0,59998.249871406835
18709200.0,60160.89577693339
18712800.0,47810.43300970758
18716400.0,155815.46860947614
18720000.0,205987.17410080205
18723600.0,196836.7180968794
18727200.0,340400.7334866358
18730800.0,424064.9949891075
18734400.0,414024.2386759668
18738000.0,408596.91006204224
18741600.0,308965.7332174606
18745200.0,313136.1692237871
18748800.0,417603.4999069813
18752400.0,418356.1381829036
18756000.0,413603.85140860087
18759600.0,405462.0644372651
18763200.0,414459.88393056125
18766800.0,414531.9985391178
18770400.0,417148.99058471824
18774000.0,402750.9614242675
18777600.0,312477.6307785095
18781200.0,304563.4185703896
18784800.0,11587.203529598046
18788400.0,8941.317020695757
18792000.0,8059.413186431583
18795600.0,6381.422786661878
18799200.0,10236.719881845287
18802800.0,178556.73681976262
18806400.0,295777.82930460473
18810000.0,361076.60599942686
18813600.0,367717.67325982364
18817200.0,351673.4589917999
18820800.0,309052.0137751208
18824400.0,272087.24395199184
18828000.0,260324.2098747501
18831600.0,237826.0525155262
18835200.0,208414.29119935326
18838800.0,176129.02151850893
18842400.0,165731.03509747502
18846000.0,170178.4854112204
18849600.0,133761.142336083
18853200.0,111584.45942736871
18856800.0,128746.14625377394
18860400.0,159126.83971524928
18864000.0,222805.17247389513
18867600.0,279890.7383856691
18871200.0,197331.91856701454
18874800.0,172018.74593067003
18878400.0,137547.91976639745
18882000.0,121824.56233641233
18885600.0,206123.8643728992
18889200.0,226296.2112158169
18892800.0,321235.406800558
18896400.0,289370.4403841469
18900000.0,293205.7794643792
18903600.0,275825.3203638865
18907200.0,251763.08535451407
18910800.0,271235.85736495646
18914400.0,239830.44712882128
18918000.0,216392.32940847802
18921600.0,215937.4592554359
18925200.0,191374.10793303224
18928800.0,169441.32976673305
18932400.0,149525.31469098871
18936000.0,144052.36230244
18939600.0,132941.43535503824
18943200.0,133140.3902554482
18946800.0,104912.01929896284
18950400.0,82522.92924746995
18954000.0,59750.760367477815
18957600.0,90666.32977513783
18961200.0,80365.91371500179
18964800.0,80923.16244225949
18968400.0,95368.10119495181
18972000.0,117146.1628234617
18975600.0,99265.30779872423
18979200.0,116584.55548949193
18982800.0,131772.32549390793
18986400.0,165361.16000266853
18990000.0,131456.4187832324
18993600.0,103325.25226577904
18997200.0,101373.05274743352
19000800.0,111964.89820915385
19004400.0,129983.43849527072
19008000.0,109646.41472137434
19011600.0,94451.57797024582
19015200.0,88539.02900733694
19018800.0,84105.88878409099
19022400.0,98795.15929410624
19026000.0,102284.95803819207
19029600.0,107069.38357087884
19033200.0,96144.21669959622
19036800.0,119730.03607646337
19040400.0,114163.93429954247
19044000.0,97295.5071204368
19047600.0,25034.805690793462
19051200.0,20760.556060151328
19054800.0,22948.52571873687
19058400.0,34060.83362344118
19062000.0,87563.88159959427
19065600.0,219089.16655979297
19069200.0,236598.47088577115
19072800.0,268508.3381424766
19076400.0,245046.12271720386
19080000.0,209473.58949949665
19083600.0,235033.91435526768
19087200.0,298886.98085053836
19090800.0,356085.7391231471
19094400.0,334160.4391270148
19098000.0,260353.52753464464
19101600.0,250304.74353215235
19105200.0,266303.22233983455
19108800.0,300689.47918800765
19112400.0,279395.04280733975
19116000.0,233588.84626904264
19119600.0,218342.11447889457
19123200.0,128178.10092231512
19126800.0,29483.475319834564
19130400.0,17470.93853201557
19134000.0,5455.396093809505
19137600.0,5163.429264371772
19141200.0,4894.653608214937
19144800.0,7385.398473577619
19148400.0,12948.990344691476
19152000.0,88552.21333126118
19155600.0,200728.6449254165
19159200.0,184600.72396231798
19162800.0,171707.6200687205
19166400.0,161156.04224008662
19170000.0,136119.17847744227
19173600.0,113277.10452057766
19177200.0,90338.01894959473
19180800.0,83619.80835962539
19184400.0,79691.12133863459
19188000.0,80992.55936502777
19191600.0,112521.80074250713
19195200.0,124085.94164876672
19198800.0,100093.49430307673
19202400.0,81970.78878945998
19206000.0,76523.32269977355
19209600.0,72555.6201348635
19213200.0,71217.12281466537
19216800.0,47106.38056636558
19220400.0,68495.79053545528
19224000.0,62985.546572265
19227600.0,74588.53819850774
19231200.0,168504.61942816857
19234800.0,140036.011539136
19238400.0,145186.46298679308
19242000.0,171105.56659543238
19245600.0,156511.01734684795
19249200.0,140083.1416390759
19252800.0,115193.7065234242
19256400.0,88399.57236593372
19260000.0,93590.44958856187
19263600.0,86620.29765742389
19267200.0,69227.51494487414
19270800.0,67571.99087489797
19274400.0,46351.00455850065
19278000.0,37007.46017716045
19281600.0,40241.159434909496
19285200.0,36336.773125935535
19288800.0,20860.56918814868
19292400.0,15273.165031160703
19296000.0,12157.865361494392
19299600.0,16384.38064382852
19303200.0,20598.50581178385
19306800.0,21326.874558596104
19310400.0,14234.657456858024
19314000.0,10987.377724990807
19317600.0,6567.567876222525
19321200.0,4995.827822202378
19324800.0,13837.890286838408
19328400.0,7889.939815273502
19332000.0,4312.273049015449
19335600.0,12185.31904722344
19339200.0,29817.173151629326
19342800.0,39277.96080795607
19346400.0,40848.22253763805
19350000.0,44355.63803311921
19353600.0,39199.16192058507
19357200.0,42419.28197698765
19360800.0,41979.89986466021
19364400.0,40804.11463411741
19368000.0,30357.500060843955
19371600.0,40207.507350965316
19375200.0,62876.24698369738
19378800.0,63905.14640438075
19382400.0,49279.3970665465
19386000.0,57971.2062855782
19389600.0,75517.82636886036
19393200.0,55919.82539554613
19396800.0,46118.164020538185
19400400.0,46657.01865108025
19404000.0,71140.86087950018
19407600.0,107246.62148583803
19411200.0,128376.57153309042
19414800.0,124289.14697029363
19418400.0,146376.47971418238
19422000.0,163910.2934867374
19425600.0,195062.39510669728
19429200.0,243444.88140597034
19432800.0,248808.20551265802
19436400.0,213638.67350079337
19440000.0,209635.9627136849
19443600.0,188240.7648152557
19447200.0,167919.12662395154
19450800.0,151551.76611978048
19454400.0,123264.26187157547
19458000.0,120969.01664963004
19461600.0,97660.14921436821
19465200.0,70109.32204848855
19468800.0,53845.81016985516
19472400.0,57984.253786543886
19476000.0,88411.57110301251
19479600.0,62585.410375535845
19483200.0,75085.10498907078
19486800.0,92370.25226206036
19490400.0,76925.99457593681
19494000.0,50963.7074142294
19497600.0,77728.94615383925
19501200.0,112387.64519526532
19504800.0,114441.4303510527
19508400.0,115166.04219397757
19512000.0,123838.57592188625
19515600.0,124920.5352858944
19519200.0,108460.13294256046
19522800.0,82723.87380825153
19526400.0,50006.28653444181
19530000.0,32129.897029239823
19533600.0,37805.80782160422
19537200.0,46035.80932720958
19540800.0,60287.8805283756
19544400.0,35231.161845288414
19548000.0,33307.02280658346
19551600.0,51683.26539889704
19555200.0,71202.35707189466
19558800.0,90031.15814563676
19562400.0,127480.73403055927
19566000.0,79412.07759672815
19569600.0,54467.20245465878
19573200.0,34079.89942542541
19576800.0,131562.60580858952
19580400.0,197611.71292603543
19584000.0,214910.2465754578
19587600.0,293840.14224746014
19591200.0,358549.7659648276
19594800.0,382798.1613370212
19598400.0,392279.00469352765
19602000.0,396277.7161137385
19605600.0,401203.3073020386
19609200.0,413571.8412001593
19612800.0,418330.17618561565
19616400.0,419141.57801307656
19620000.0,415150.0940270063
19623600.0,412076.3567174458
19627200.0,403355.9941379298
19630800.0,393247.58364468126
19634400.0,365598.0393505953
19638000.0,344413.15011259215
19641600.0,323023.5982294571
19645200.0,303620.3886021049
19648800.0,289496.34582518117
19652400.0,225374.45817216512
19656000.0,211521.59913546868
19659600.0,256446.68223073194
19663200.0,239333.516007357
19666800.0,267792.7772973561
19670400.0,280911.2865147942
19674000.0,300278.0792798608
19677600.0,319567.7248970396
19681200.0,305573.0036804129
19684800.0,305937.5404524855
19688400.0,317420.9605860959
19692000.0,318933.81553887937
19695600.0,304981.1489268163
19699200.0,276748.483956783
19702800.0,245460.27849429025
19706400.0,199301.6142416361
19710000.0,159360.73347179964
19713600.0,125121.61921517795
19717200.0,109787.5068744216
19720800.0,95047.03689512491
19724400.0,73791.60905813189
19728000.0,61551.75269782429
19731600.0,42272.07924697308
19735200.0,34036.76551045387
19738800.0,14091.233267849851
19742400.0,8890.997354857058
19746000.0,8079.741896142494
19749600.0,31227.651757547665
19753200.0,39847.15927058181
19756800.0,52210.12701983302
19760400.0,55614.08844900582
19764000.0,64808.92663875206
19767600.0,66331.53611390117
19771200.0,71875.69180646393
19774800.0,76431.48935734686
19778400.0,60594.08330936082
19782000.0,50597.47594662835
19785600.0,35962.228231734545
19789200.0,25420.205736694108
19792800.0,11269.472618872865
19796400.0,3671.04207160828
19800000.0,401.0790023714263
19803600.0,1046.0446101610921
19807200.0,2551.8070426049335
19810800.0,4944.159972932594
19814400.0,7104.913635905448
19818000.0,7723.92456484448
19821600.0,7790.0307363632355
19825200.0,8487.88891799815
19828800.0,10581.778155707552
19832400.0,11004.944520096617
19836000.0,15439.932489668809
19839600.0,26127.5543405654
19843200.0,28395.346194974707
19846800.0,39317.47655115634
19850400.0,60752.66525482559
19854000.0,88423.87562349398
19857600.0,106629.49489541183
19861200.0,110138.6190869102
19864800.0,114399.49061413565
19868400.0,126083.03882547733
19872000.0,135764.6211901346
19875600.0,145832.27116945304
19879200.0,176798.22610888764
19882800.0,200376.05438858972
19886400.0,214973.54342162536
19890000.0,242187.27127332217
19893600.0,253525.18337244642
19897200.0,268670.63085385435
19900800.0,273868.73423785134
19904400.0,269438.9274037072
19908000.0,237397.6846513618
19911600.0,187396.41188286844
19915200.0,141709.324184688
19918800.0,119121.48446722298
19922400.0,129041.32874093048
19926000.0,161201.4871902859
19929600.0,174633.97996034962
19933200.0,220174.33489946843
19936800.0,215034.69151095787
19940400.0,199427.26035543502
19944000.0,174045.66637583598
19947600.0,174095.9290851408
19951200.0,239452.86221939712
19954800.0,270548.95552037196
19958400.0,234260.8500025989
19962000.0,194678.55229698066
19965600.0,182581.18177473993
19969200.0,187684.042379099
19972800.0,190415.88107056092
19976400.0,211810.6322261208
19980000.0,168634.05585611222
19983600.0,126125.82845570201
19987200.0,109356.81461092655
19990800.0,79512.4569647843
19994400.0,70309.93887055549
19998000.0,55104.92853697664
20001600.0,54237.94349628099
20005200.0,65920.20461723354
20008800.0,96010.86395310887
20012400.0,116447.70198442331
20016000.0,126007.0489452646
20019600.0,119239.67563893863
20023200.0,117293.8908899985
20026800.0,104528.32794907941
20030400.0,81402.64131807163
20034000.0,68174.48440900396
20037600.0,72808.28631951952
20041200.0,107669.7856228766
20044800.0,160484.1476467043
20048400.0,203948.60588535565
20052000.0,242097.10939834025
20055600.0,278139.90630650497
20059200.0,271000.4216454826
20062800.0,333448.4541340064
20066400.0,343814.7520396477
20070000.0,311288.76495493663
20073600.0,331407.1329133568
20077200.0,300182.54885381693
20080800.0,290299.7129630461
20084400.0,302435.1126311328
20088000.0,304409.5754721845
20091600.0,302899.91804012307
20095200.0,268518.59031857987
20098800.0,217323.9963891518
20102400.0,178618.8763982552
20106000.0,215668.59291429492
20109600.0,235953.97556712737
20113200.0,253065.52759778438
20116800.0,262904.89833474683
20120400.0,282287.72134127544
20124000.0,303128.5052932323
20127600.0,325481.2316206583
20131200.0,325517.45565803023
20134800.0,341451.8806385719
20138400.0,371564.35687247704
20142000.0,411586.99922402645
20145600.0,428078.45146954875
20149200.0,427325.60668641696
20152800.0,431850.5223409769
20156400.0,427395.5550375275
20160000.0,430108.915947534
20163600.0,422661.02247396455
20167200.0,416955.6772449014
20170800.0,407805.38192840683
20174400.0,416818.8005117491
20178000.0,422706.66088546335
20181600.0,419339.9923037038
20185200.0,411786.8762475385
20188800.0,399555.98529113794
20192400.0,380689.76409281185
20196000.0,359879.52602544724
20199600.0,366202.5655011181
20203200.0,367297.9233328902
20206800.0,384633.0020763477
20210400.0,393691.29445358564
20214000.0,383172.5356798134
20217600.0,397846.3028758535
20221200.0,340987.2069614534
20224800.0,295304.79415375437
20228400.0,296878.24704029976
20232000.0,289744.288754031
20235600.0,295439.2335290869
20239200.0,330286.98562523216
20242800.0,337330.9140865837
20246400.0,301463.4055253153
20250000.0,227306.79926994562
20253600.0,189777.93925343867
20257200.0,153519.45972450628
20260800.0,24478.295489318993
20264400.0,7075.178825083777
20268000.0,15132.501802178851
20271600.0,112563.9778513476
20275200.0,146752.22069559543
20278800.0,176662.67783120496
20282400.0,191533.16557692265
20286000.0,211861.15776278317
20289600.0,278676.6255443149
20293200.0,310816.34773475013
20296800.0,313009.37761545146
20300400.0,299085.4896444649
20304000.0,289656.90247595
20307600.0,306400.89426534344
20311200.0,332382.35127812217
20314800.0,352343.5968420331
20318400.0,314258.5222252807
20322000.0,334036.27388309746
20325600.0,316662.596110262
20329200.0,300517.34890591033
20332800.0,325635.0537181302
20336400.0,144958.92481576372
20340000.0,115010.3879416328
20343600.0,83225.17371860155
20347200.0,5152.211690928427
20350800.0,8080.127545969843
20354400.0,35734.94302408204
20358000.0,75099.8840959444
20361600.0,260297.14724812814
20365200.0,235320.33253644692
20368800.0,226825.2804592794
20372400.0,216234.93686817386
20376000.0,236349.77893077154
20379600.0,321133.31491816946
20383200.0,313300.70424072037
20386800.0,310034.94163631095
20390400.0,304472.3170716947
20394000.0,304589.1606963651
20397600.0,299383.7827856744
20401200.0,302747.3776237605
20404800.0,317208.02110655064
20408400.0,304519.53499288246
20412000.0,310092.9965722015
20415600.0,284888.8820159931
20419200.0,266263.2394894177
20422800.0,264684.6150132321
20426400.0,225175.8370561354
20430000.0,178195.27760967854
20433600.0,161689.288083907
20437200.0,155513.59102494566
20440800.0,136406.68265108086
20444400.0,110287.83215983665
20448000.0,94746.29016825646
20451600.0,69286.47704879915
20455200.0,36028.32358469379
20458800.0,22519.37255442903
20462400.0,22239.649152430822
20466000.0,18600.158455063625
20469600.0,14530.02545049091
20473200.0,11960.585746844308
20476800.0,8408.898478485184
20480400.0,8369.323233207595
20484000.0,14006.640087280823
20487600.0,13535.958927703285
20491200.0,12546.251329820647
20494800.0,18392.870400092244
20498400.0,15896.535839583501
20502000.0,22677.639170703278
20505600.0,20282.597191950765
20509200.0,24036.011139305698
20512800.0,31320.07821159001
20516400.0,32129.44519528369
20520000.0,40654.22126471336
20523600.0,43883.723557757185
20527200.0,44818.6396064071
20530800.0,51377.894692415546
20534400.0,67347.8627774657
20538000.0,81132.80862501179
20541600.0,105324.89975879839
20545200.0,112617.56631312388
20548800.0,141618.98889456096
20552400.0,179528.57215732968
20556000.0,179503.01203770834
20559600.0,198897.21298691537
20563200.0,234508.63638052865
20566800.0,260789.55652990888
20570400.0,272343.3574388174
20574000.0,265819.22226072475
20577600.0,246165.71221312773
20581200.0,241431.4978424916
20584800.0,216594.1327719692
20588400.0,206967.27577241586
20592000.0,166179.02814678897
20595600.0,133465.15163889225
20599200.0,126243.99035366839
20602800.0,138334.97378928834
20606400.0,149039.0990345292
20610000.0,175721.45519874478
20613600.0,166594.37078349254
20617200.0,181125.53568285453
20620800.0,213223.72701428374
20624400.0,200505.33808392845
20628000.0,147630.22252999758
20631600.0,86854.52710751208
20635200.0,40524.43609732189
20638800.0,41666.88680046151
20642400.0,36871.745802769976
20646000.0,32945.374908093756
20649600.0,25300.050996426842
20653200.0,27731.155688737388
20656800.0,28903.719215895777
20660400.0,39275.793914124195
20664000.0,51785.920482766065
20667600.0,52340.23292569475
20671200.0,36564.6679912359
20674800.0,47516.24583002625
20678400.0,69074.35818881226
20682000.0,80280.14544795388
20685600.0,78578.06688904247
20689200.0,107022.51279817431
20692800.0,124018.92990017813
20696400.0,94875.46535980715
20700000.0,67644.10930176964
20703600.0,67377.66727253835
20707200.0,45044.704225992195
20710800.0,50615.023650158546
20714400.0,63564.75602075545
20718000.0,113642.36931806692
20721600.0,117214.40088759037
20725200.0,105240.06347883324
20728800.0,105444.1686499573
20732400.0,107588.48955741565
20736000.0,79322.27655252528
20739600.0,46881.29916292447
20743200.0,50473.21269928953
20746800.0,39860.034947367
20750400.0,22228.506354325287
20754000.0,10268.930551830816
20757600.0,13938.923223166328
20761200.0,18454.12953875622
20764800.0,47571.54807890658
20768400.0,66428.57000152436
20772000.0,80475.09016290671
20775600.0,86683.1970806258
20779200.0,80184.68979724788
20782800.0,66313.57030486508
20786400.0,47301.03190743984
20790000.0,52338.0202120814
20793600.0,90527.12036963878
20797200.0,107462.21692174375
20800800.0,99167.06255062849
20804400.0,61454.005739852
20808000.0,54166.01884890176
20811600.0,158387.32689755977
20815200.0,217814.22541299777
20818800.0,218133.79388787554
20822400.0,193868.21450666714
20826000.0,77289.9929655772
20829600.0,71786.62133322113
20833200.0,118010.58322916689
20836800.0,133679.18888403516
20840400.0,178148.13350924986
20844000.0,159452.92700861953
20847600.0,156896.68372022838
20851200.0,164882.0935048896
20854800.0,163416.39219832266
20858400.0,143653.55360660166
20862000.0,149223.42087861896
20865600.0,175943.03616179756
20869200.0,120396.74253417332
20872800.0,58374.24853830832
20876400.0,105761.83114920321
20880000.0,104611.10997550878
20883600.0,90288.5946786522
20887200.0,83572.19269727911
20890800.0,76663.18471896558
20894400.0,67173.20699810794
20898000.0,70574.64229363443
20901600.0,96264.90186747257
20905200.0,133002.80554303367
20908800.0,170920.22144288983
20912400.0,213818.70483145743
20916000.0,222924.47732085476
20919600.0,251807.33039918618
20923200.0,265069.99533117126
20926800.0,275193.0843823286
20930400.0,288015.5020354181
20934000.0,286164.9909308299
20937600.0,265015.7198908659
20941200.0,153038.94067601624
20944800.0,137125.96762621726
20948400.0,133141.13578147584
20952000.0,76386.57578933543
20955600.0,67174.99619693565
20959200.0,57525.693550129035
20962800.0,136156.79747260554
20966400.0,126736.8304686721
20970000.0,130494.08086814612
20973600.0,162507.11040824602
20977200.0,152371.85715968796
20980800.0,139981.77778210407
20984400.0,179535.6567228461
20988000.0,212400.56350347458
20991600.0,232996.39394912941
20995200.0,260131.332459243
20998800.0,273140.5548158306
21002400.0,315672.68868722126
21006000.0,314906.2176101898
21009600.0,283850.8953235117
21013200.0,225341.59997957345
21016800.0,189648.59128312868
21020400.0,132326.26851484852
21024000.0,128611.83956489187
21027600.0,132016.0180016408
21031200.0,125557.78344243612
21034800.0,124636.3285455568
21038400.0,126205.12117849548
21042000.0,131782.35079845434
21045600.0,129719.29604632182
21049200.0,151959.61626763537
21052800.0,162119.38278108544
21056400.0,123432.14109617
21060000.0,74418.26425394569
21063600.0,76275.23722049253
21067200.0,96706.58101453897
21070800.0,110055.47336596544
21074400.0,92246.28652510815
21078000.0,105498.22994642289
21081600.0,127358.69272442868
21085200.0,139287.52249897993
21088800.0,98047.30823076851
21092400.0,107022.19174151112
21096000.0,123389.36928474923
21099600.0,109090.80627865458
21103200.0,110288.82587634721
21106800.0,94558.76953067302
21110400.0,106219.77854604094
21114000.0,110786.6453924633
21117600.0,98867.97042697968
21121200.0,116809.75144238671
21124800.0,140668.47534682954
21128400.0,137680.13783690764
21132000.0,163294.2315698445
21135600.0,154607.03964837437
21139200.0,147985.1241020521
21142800.0,90347.00089953399
21146400.0,95356.03818290182
21150000.0,81036.16675107447
21153600.0,66935.08891226066
21157200.0,73375.57976109219
21160800.0,63974.21622482024
21164400.0,50198.144141618286
21168000.0,91495.71936694678
21171600.0,168558.91364185666
21175200.0,201270.3174725188
21178800.0,213356.24291337348
21182400.0,223732.96895580666
21186000.0,223727.99687313163
21189600.0,245026.94841143157
21193200.0,281192.41314759984
21196800.0,310117.07359459077
21200400.0,333275.81856154115
21204000.0,287369.6480329767
21207600.0,280131.50956414046
21211200.0,208228.91804583315
21214800.0,225653.10608207056
21218400.0,185035.09103592526
21222000.0,384128.2828648057
21225600.0,397497.5071078724
21229200.0,368797.7893322065
21232800.0,370571.02601173637
21236400.0,366394.8580780255
21240000.0,369849.40327316633
21243600.0,308053.4511862767
21247200.0,315292.4694585557
21250800.0,305151.7337458679
21254400.0,280641.259724049
21258000.0,282590.74760227185
21261600.0,296014.4194280173
21265200.0,296434.0045310146
21268800.0,369891.6656577112
21272400.0,356453.43014170363
21276000.0,337714.96913098247
21279600.0,294430.4569472908
21283200.0,158961.28298082785
21286800.0,179250.4642208211
21290400.0,255306.00577135247
21294000.0,242429.38808968125
21297600.0,250771.4425072503
21301200.0,237081.51352236408
21304800.0,248459.7874396811
21308400.0,223648.4677329935
21312000.0,211215.60445265763
21315600.0,188751.07149459326
21319200.0,151471.19426142104
21322800.0,121500.06282574708
21326400.0,107861.18025934452
21330000.0,103762.25397682069
21333600.0,123598.19230239975
21337200.0,126774.17677249707
21340800.0,154107.0920579635
21344400.0,142786.18037053526
21348000.0,85964.52144494433
21351600.0,72431.74062819447
21355200.0,81706.03859202079
21358800.0,100476.79045734502
21362400.0,87566.43509783228
21366000.0,127459.77020776636
21369600.0,117759.11090437243
21373200.0,102276.49506091651
21376800.0,107914.50430279858
21380400.0,101014.38313473918
21384000.0,122820.99112348892
21387600.0,110816.3830670213
21391200.0,108889.17187560756
21394800.0,123896.93377744316
21398400.0,100910.59082934957
21402000.0,110232.58654929731
21405600.0,148857.3160518028
21409200.0,168076.63307732352
21412800.0,162488.03537866691
21416400.0,161569.70195440005
21420000.0,122745.57526331625
21423600.0,92647.75849574425
21427200.0,68809.40021139182
21430800.0,70191.09794888321
21434400.0,65983.29145606938
21438000.0,50283.52675883884
21441600.0,57427.92622780943
21445200.0,69277.28731887865
21448800.0,66805.39061153823
21452400.0,68110.81304976149
21456000.0,67789.11140950209
21459600.0,52143.10158894858
21463200.0,13124.949124084715
21466800.0,11336.195766476792
21470400.0,7025.190716274861
21474000.0,5863.245605278552
21477600.0,6624.840375705932
21481200.0,12416.238018100632
21484800.0,7115.239314574818
21488400.0,2337.890710774237
21492000.0,221.90774718865896
21495600.0,332.95707866104493
21499200.0,0.0
21502800.0,0.0
21506400.0,2234.8117939266413
21510000.0,10327.128356345516
21513600.0,21976.662698385186
21517200.0,36711.438933448735
21520800.0,51562.51881978582
21524400.0,93276.51821957626
21528000.0,105659.45066583005
21531600.0,119875.5889761522
21535200.0,140344.03183811944
21538800.0,86020.09193046199
21542400.0,64499.34337611192
21546000.0,59564.90260613012
21549600.0,27714.156868006015
21553200.0,27939.72669758985
21556800.0,5960.958198414739
21560400.0,8569.964237936976
21564000.0,120474.37110795935
21567600.0,159770.00148733662
21571200.0,246090.1951676043
21574800.0,256580.1924827181
21578400.0,264663.81537798943
21582000.0,278979.7170348613
21585600.0,294149.8690151103
21589200.0,304296.97304103617
21592800.0,311019.9501610498
21596400.0,315028.6728853183
21600000.0,331119.31977438624
21603600.0,327937.5986040106
21607200.0,313233.16906476713
21610800.0,313688.4204129356
21614400.0,321679.7485860363
21618000.0,321492.18753795116
21621600.0,329014.5645664176
21625200.0,315257.47300949553
21628800.0,294857.38880677626
21632400.0,267035.1516654983
21636000.0,263895.69097051007
21639600.0,267837.4229469231
21643200.0,258497.79552051253
21646800.0,230576.65224442977
21650400.0,220039.74406430268
21654000.0,174378.84650773875
21657600.0,146271.48941242317
21661200.0,101346.0531230111
21664800.0,100196.61267584727
21668400.0,70861.52949118786
21672000.0,47447.009594686024
21675600.0,29775.698612771343
21679200.0,42469.623598138314
21682800.0,31892.085044988173
21686400.0,23896.86219046275
21690000.0,32304.231751934396
21693600.0,26156.830635379472
21697200.0,15337.791923762508
21700800.0,15841.090403886095
21704400.0,10820.008563658019
21708000.0,9356.008952863893
21711600.0,21621.219243776224
21715200.0,26894.55775436346
21718800.0,33065.502920155166
21722400.0,45596.32380218091
21726000.0,47332.13431146114
21729600.0,42104.036789407066
21733200.0,21381.35682430392
21736800.0,14713.311894796692
21740400.0,25387.6552366627
21744000.0,30384.073943130246
21747600.0,47747.48490298786
21751200.0,57603.428082159706
21754800.0,93559.89861288281
21758400.0,131463.54248647884
21762000.0,200604.37531421916
21765600.0,199907.85004275484
21769200.0,326233.84603211103
21772800.0,273913.8479492138
21776400.0,219953.27290907936
21780000.0,239044.68783294974
21783600.0,220872.26181077556
21787200.0,233995.52355776916
21790800.0,241194.8758997864
21794400.0,197032.55025190522
21798000.0,168792.7494872943
21801600.0,152078.92302375258
21805200.0,140511.66700873908
21808800.0,136112.2119615017
21812400.0,134907.410717959
21816000.0,136106.12143068877
21819600.0,132564.6042446578
21823200.0,137732.9651812029
21826800.0,132584.11710770425
21830400.0,133855.91100825992
21834000.0,123561.81075952902
21837600.0,134532.90527968094
21841200.0,134788.63725318722
21844800.0,138258.12637913774
21848400.0,143193.48640848525
21852000.0,165072.82025440404
21855600.0,178480.31165162596
21859200.0,212923.15370256043
21862800.0,180484.28784122225
21866400.0,145413.6120078729
21870000.0,180592.75090058515
21873600.0,201871.00621634367
21877200.0,232196.54729780724
21880800.0,261644.29432484988
21884400.0,267460.43974032364
21888000.0,250362.44750124455
21891600.0,245729.36407035784
21895200.0,269919.12921384914
21898800.0,279816.14091770427
21902400.0,199591.0177088551
21906000.0,83758.27064813218
21909600.0,148753.9644436169
21913200.0,211164.7610412613
21916800.0,288266.6386666748
21920400.0,224265.20771901356
21924000.0,170964.89541162734
21927600.0,187446.47190327884
21931200.0,165181.49650302794
21934800.0,149579.1968448365
21938400.0,187898.45318273804
21942000.0,258552.5463410506
21945600.0,262312.1205034694
21949200.0,242250.54393682728
21952800.0,282369.3085532644
21956400.0,292616.28156579175
21960000.0,284823.2677707393
21963600.0,263720.26166414714
21967200.0,323435.5578389623
21970800.0,356918.9231656088
21974400.0,343314.3825254158
21978000.0,205041.24953146174
21981600.0,99788.27887474354
21985200.0,11849.313680323125
21988800.0,9678.18788251358
21992400.0,6130.7185795928435
21996000.0,4936.540525106126
21999600.0,193591.7252175775
22003200.0,295459.02735648776
22006800.0,325843.2982610398
22010400.0,313638.826863356
22014000.0,280797.8316447948
22017600.0,231627.43092895663
22021200.0,242012.62090324415
22024800.0,329825.30741632706
22028400.0,322474.46342183417
22032000.0,351555.3394134928
22035600.0,357743.17330526316
22039200.0,360453.100595396
22042800.0,358782.11521291104
22046400.0,378669.59983806184
22050000.0,395520.3819466017
22053600.0,364646.7303205468
22057200.0,259987.9999097978
22060800.0,265282.780487147
22064400.0,206569.12446316442
22068000.0,177627.88521010563
22071600.0,14320.759826479127
22075200.0,51597.75900462794
22078800.0,59098.284452035594
22082400.0,63463.82395158534
22086000.0,325281.4930110695
22089600.0,321102.53802551236
22093200.0,260702.82000178457
22096800.0,198383.3361829385
22100400.0,189643.091318388
22104000.0,221515.66763683778
22107600.0,212557.5751668453
22111200.0,205950.94719969376
22114800.0,181918.85046977425
22118400.0,208166.8815618489
22122000.0,219549.4800392348
22125600.0,176814.7886871163
22129200.0,98027.5163125252
22132800.0,61205.783755805365
22136400.0,76059.4222314673
22140000.0,88580.35113178297
22143600.0,61125.52945398693
22147200.0,56398.57624594164
22150800.0,47086.93325106206
22154400.0,57111.784054368036
22158000.0,75788.97351690105
22161600.0,32516.16637821664
22165200.0,44411.21615526712
22168800.0,53093.490405052675
22172400.0,90211.28588875766
22176000.0,58494.62569543146
22179600.0,55829.21741408076
22183200.0,69902.75406411065
22186800.0,91632.84588154664
22190400.0,111684.66538027974
22194000.0,125945.73125910209
22197600.0,157174.75251900693
22201200.0,182451.62697902753
22204800.0,243713.01558518663
22208400.0,208341.1255995593
22212000.0,215205.71734540607
22215600.0,187767.36596988988
22219200.0,176486.4473150522
22222800.0,129364.71457635172
22226400.0,331406.1481062482
22230000.0,382374.32104001305
22233600.0,316329.96263380756
22237200.0,373724.261914914
22240800.0,124895.03466835037
22244400.0,111975.74254229399
22248000.0,119778.55667949362
22251600.0,119015.23412147342
22255200.0,89873.22181362059
22258800.0,89878.74500644494
22262400.0,310854.1134168527
22266000.0,395304.14089724736
22269600.0,392950.5600932499
22273200.0,389878.24033317855
22276800.0,387873.1259674829
22280400.0,382931.19525419583
22284000.0,296938.7052873668
22287600.0,254581.91067374081
22291200.0,53552.897989231744
22294800.0,38.50134414945187
22298400.0,3764.222324694344
22302000.0,62834.25729049082
22305600.0,133987.00522135245
22309200.0,258812.68560478673
22312800.0,364851.47124113864
22316400.0,361413.2242059043
22320000.0,324917.4545291203
22323600.0,260747.90380301187
22327200.0,53525.76631474467
22330800.0,17321.37290132617
22334400.0,64153.89881603646
22338000.0,142745.16052936975
22341600.0,92032.93657668725
22345200.0,120473.26443295974
22348800.0,303496.2440407278
22352400.0,398685.9370071355
22356000.0,396488.6815243655
22359600.0,399890.6071551923
22363200.0,393186.12499905215
22366800.0,399942.26736783184
22370400.0,386370.20467968297
22374000.0,302740.4798374921
22377600.0,282393.2815265666
22381200.0,356221.02552805096
22384800.0,362886.1192181616
22388400.0,392901.96312391723
22392000.0,381712.26465373614
22395600.0,220999.97586040612
22399200.0,380713.08445242106
22402800.0,358338.0588464881
22406400.0,352603.50223396794
22410000.0,399054.97652731603
22413600.0,402648.569485949
22417200.0,413523.46092020976
22420800.0,386848.99371322966
22424400.0,313251.0785536551
22428000.0,333880.95436971175
22431600.0,326313.7420486939
22435200.0,289112.188004467
22438800.0,252329.79491206593
22442400.0,222520.00510911134
22446000.0,237421.4326622647
22449600.0,275476.41641031025
22453200.0,325375.5040658876
22456800.0,292195.8074317568
22460400.0,255035.8704768192
22464000.0,279257.8122436528
22467600.0,303111.22168983135
22471200.0,327553.38669049885
22474800.0,323399.14893149986
22478400.0,336110.90799403115
22482000.0,271288.4358823829
22485600.0,287895.0383298189
22489200.0,318469.71047252114
22492800.0,322066.74564223684
22496400.0,356711.35605544056
22500000.0,326096.9906178849
22503600.0,174990.256762234
22507200.0,129032.67293874123
22510800.0,148515.56921173033
22514400.0,205747.0988102617
22518000.0,295312.0677258693
22521600.0,364417.03034677234
22525200.0,347377.36732588673
22528800.0,328816.82739033876
22532400.0,170516.86704289846
22536000.0,19573.510618312994
22539600.0,8385.364929614989
22543200.0,33001.84301585807
22546800.0,191673.34992554958
22550400.0,347269.96384897025
22554000.0,365905.97341929557
22557600.0,333898.6233047471
22561200.0,283069.9598324113
22564800.0,329532.04904179927
22568400.0,387841.98728946794
22572000.0,322077.68861518434
22575600.0,304120.4618787219
22579200.0,319511.736624209
22582800.0,293512.2243901817
22586400.0,278067.37741075765
22590000.0,141454.22382414155
22593600.0,152338.30117000767
22597200.0,113135.36102660913
22600800.0,334554.22069280175
22604400.0,332002.37546704564
22608000.0,335251.4100329044
22611600.0,334031.4955799149
22615200.0,317696.5328431704
22618800.0,302111.3716924052
22622400.0,288770.56875975814
22626000.0,303307.32271788036
22629600.0,348536.9864465877
22633200.0,359216.6948393934
22636800.0,332304.50219663786
22640400.0,299483.5798606744
22644000.0,227885.5336563963
22647600.0,162209.5131549676
22651200.0,120591.2828259161
22654800.0,93706.55914215003
22658400.0,101342.70700619229
22662000.0,154865.81513722602
22665600.0,168525.8521239847
22669200.0,205954.9596125014
22672800.0,80321.38356946722
22676400.0,41568.43313599867
22680000.0,34401.96921490118
22683600.0,42108.92009625552
22687200.0,63408.43706338648
22690800.0,280781.3381144313
22694400.0,327091.66202542646
22698000.0,265774.5836114021
22701600.0,275080.1599399383
22705200.0,271247.92260435695
22708800.0,294594.9789183141
22712400.0,361591.4676105124
22716000.0,339938.5945343727
22719600.0,342026.13200487616
22723200.0,351616.31854238117
22726800.0,371580.3479762091
22730400.0,172844.3347079677
22734000.0,146891.32287007812
22737600.0,83220.2309096758
22741200.0,89684.66068516632
22744800.0,196008.20639935564
22748400.0,205673.99016700164
22752000.0,116059.95590207296
22755600.0,76776.3576700318
22759200.0,695.9515696171994
22762800.0,1281.2674585669245
22766400.0,1579.6369660788337
22770000.0,5844.2813068379955
22773600.0,69796.12761432155
22777200.0,45024.521885027636
22780800.0,199152.643313527
22784400.0,254506.8285979484
22788000.0,407283.24356327706
22791600.0,432125.8104517677
22795200.0,429762.699451418
22798800.0,429958.86348166654
22802400.0,425571.4752647943
22806000.0,396691.5629254929
22809600.0,428521.8574496292
22813200.0,423472.89586334303
22816800.0,404876.4946303597
22820400.0,418004.7637794432
22824000.0,412066.5773760318
22827600.0,419337.96891488193
22831200.0,358570.58914634684
22834800.0,346714.3897710866
22838400.0,393288.99740869016
22842000.0,394331.7089479425
22845600.0,325910.6686130569
22849200.0,225977.4041766131
22852800.0,308093.8944618587
22856400.0,338976.2314820451
22860000.0,321544.564321062
22863600.0,378448.197381241
22867200.0,414564.5251746797
22870800.0,402948.7507839864
22874400.0,377438.0882074672
22878000.0,393123.66818221146
22881600.0,370056.12908123597
22885200.0,341327.77903324
22888800.0,337331.04454568366
22892400.0,309222.99506255926
22896000.0,295635.3937410203
22899600.0,282962.67599603534
22903200.0,262096.74302971864
22906800.0,247132.34955104167
22910400.0,255678.0060767174
22914000.0,241303.22600066024
22917600.0,202914.14922520478
22921200.0,174036.09672356083
22924800.0,147002.63821083735
22928400.0,122535.88294258955
22932000.0,94889.31661610607
22935600.0,63929.01373763122
22939200.0,49665.85510392894
22942800.0,41547.34235422795
22946400.0,35390.47117978397
22950000.0,31968.517213369225
22953600.0,36487.07473686476
22957200.0,52516.49621571899
22960800.0,61082.24121544587
22964400.0,57598.821284964695
22968000.0,42769.92230936574
22971600.0,40431.78213533685
22975200.0,43077.156035433974
22978800.0,38701.90242402027
22982400.0,23389.55670681128
22986000.0,13815.619645694902
22989600.0,6973.871288259983
22993200.0,4259.175558925305
22996800.0,6494.463369470522
23000400.0,12905.13540454769
23004000.0,19940.721483742902
23007600.0,22088.823477751073
23011200.0,19697.274620949574
23014800.0,18878.951142750782
23018400.0,15958.918517472199
23022000.0,10161.145243402108
23025600.0,8563.494421155234
23029200.0,7474.79732192094
23032800.0,5842.351148543693
23036400.0,10807.568492989696
23040000.0,30344.973441699527
23043600.0,62448.82765264798
23047200.0,90268.51415942423
23050800.0,126144.35173874594
23054400.0,145374.25027004923
23058000.0,145995.27854214452
23061600.0,156745.7107222235
23065200.0,142514.87412603115
23068800.0,132195.465766477
23072400.0,119889.01321754328
23076000.0,112050.88221100616
23079600.0,89694.55648519151
23083200.0,83790.1803076089
23086800.0,74104.572484234
23090400.0,91341.45434492067
23094000.0,88058.46859376642
23097600.0,85728.01691542912
23101200.0,81920.33707355663
23104800.0,63123.8217633308
23108400.0,68778.67200225251
23112000.0,74913.37276632494
23115600.0,77367.43730565858
23119200.0,120128.62331002459
23122800.0,154282.1780341584
23126400.0,200840.6908371358
23130000.0,258616.7952204553
23133600.0,287753.75653378724
23137200.0,298367.7784515447
23140800.0,323389.6289173213
23144400.0,314759.4781690768
23148000.0,301043.4023168121
23151600.0,261568.9872866582
23155200.0,280287.4807366404
23158800.0,288735.7784997146
23162400.0,270787.85126973246
23166000.0,286660.6861909663
23169600.0,293339.6648658261
23173200.0,291318.34811629495
23176800.0,290090.1437829821
23180400.0,301351.42993423284
23184000.0,300025.23554355156
23187600.0,307490.0027880322
23191200.0,258070.10763463285
23194800.0,210216.00932776587
23198400.0,118732.75325957108
23202000.0,114647.76159989303
23205600.0,155769.32172568023
23209200.0,260607.64913374808
23212800.0,359555.1130632581
23216400.0,376529.9754582038
23220000.0,379573.2617046643
23223600.0,386109.81022521947
23227200.0,386131.41934326803
23230800.0,381698.5565842543
23234400.0,379918.90927182714
23238000.0,372802.82388225984
23241600.0,362722.54450748157
23245200.0,362269.42918843107
23248800.0,382989.1652325749
23252400.0,396327.2616161861
23256000.0,399590.9311475227
23259600.0,398543.7944992367
23263200.0,392722.3565808105
23266800.0,391326.72167492996
23270400.0,383307.9585894829
23274000.0,319761.94763224135
23277600.0,262561.9585893916
23281200.0,176214.85151498465
23284800.0,122774.59604921006
23288400.0,99619.96818054019
23292000.0,134975.31086119937
23295600.0,267571.83399292873
23299200.0,320407.65367497184
23302800.0,346819.8933180368
23306400.0,328222.90215536713
23310000.0,358483.0730455517
23313600.0,349210.23622364557
23317200.0,350212.0870181958
23320800.0,340500.3301000919
23324400.0,296623.7044719541
23328000.0,249271.33468130958
23331600.0,211994.6381046342
23335200.0,177259.616035001
23338800.0,156187.75751582574
23342400.0,155637.6967667857
23346000.0,141131.62965272233
23349600.0,204115.82199589064
23353200.0,222362.38728821496
23356800.0,197519.56679996164
23360400.0,167172.22377553585
23364000.0,132438.91072011276
23367600.0,138609.77029200713
23371200.0,115269.88859216475
23374800.0,100595.78315704342
23378400.0,101938.50226099505
23382000.0,107339.81860314922
23385600.0,115246.43077321115
23389200.0,125305.56845535038
23392800.0,176643.93881335662
23396400.0,215106.46056199586
23400000.0,237355.0417080764
23403600.0,275208.7894306194
23407200.0,224596.8932987389
23410800.0,199365.37660405564
23414400.0,217093.00773402365
23418000.0,162575.84421695475
23421600.0,148518.3922193774
23425200.0,179013.41685417268
23428800.0,189779.3246654422
23432400.0,199218.10959906984
23436000.0,194292.29631210677
23439600.0,168457.179090125
23443200.0,152335.4326607721
23446800.0,157109.51183224923
23450400.0,195458.62389428465
23454000.0,215385.87308950452
23457600.0,182632.36978907604
23461200.0,126963.77457350702
23464800.0,100598.76430657512
23468400.0,97801.57037890183
23472000.0,127354.36402785174
23475600.0,177017.60740423706
23479200.0,211462.37070406388
23482800.0,233691.2907091941
23486400.0,311790.94275957183
23490000.0,324401.3662843018
23493600.0,290782.7718274783
23497200.0,246147.34611738965
23500800.0,204310.2353286556
23504400.0,173666.71100947587
23508000.0,181512.4786462575
23511600.0,201363.06625599606
23515200.0,185158.6663501562
23518800.0,202230.68100049393
23522400.0,241793.647213034
23526000.0,263722.21377775335
23529600.0,229852.87406697325
23533200.0,213340.24321843244
23536800.0,195939.00707439493
23540400.0,170649.27793832237
23544000.0,143132.20945101738
23547600.0,115435.65947042595
23551200.0,118734.5898691449
23554800.0,111570.60880745565
23558400.0,106406.2415103355
23562000.0,126228.90832712839
23565600.0,170935.90708141206
23569200.0,210333.07377832753
23572800.0,264154.7054222498
23576400.0,270129.65265450074
23580000.0,260742.47574987265
23583600.0,237957.80602436315
23587200.0,190797.90668047228
23590800.0,167468.58007639955
23594400.0,119111.47316316534
23598000.0,115622.04925034734
23601600.0,133815.36813829176
23605200.0,156501.34396367864
23608800.0,189233.90539662619
23612400.0,180041.5277927833
23616000.0,182787.6380734005
23619600.0,190947.1289809936
23623200.0,232747.5667621359
23626800.0,219678.65236704913
23630400.0,178571.52897254625
23634000.0,147494.6230232537
23637600.0,100679.46407849115
23641200.0,75363.41784182424
23644800.0,71436.42583455479
23648400.0,71525.05879252317
23652000.0,73487.01124226973
23655600.0,98937.84018443729
23659200.0,142290.7778478916
23662800.0,172268.15031963287
23666400.0,186076.49225670475
23670000.0,185561.4390934773
23673600.0,186951.80949738302
23677200.0,171454.00789649296
23680800.0,166035.34494873838
23684400.0,160335.85319675767
23688000.0,173514.77484148138
23691600.0,208953.20501377972
23695200.0,206606.58658921477
23698800.0,215399.17514481168
23702400.0,239004.4886113426
23706000.0,225097.0734881793
23709600.0,234037.90590104746
23713200.0,255879.34424214953
23716800.0,268408.9034892203
23720400.0,233417.43955766098
23724000.0,253883.06068475288
23727600.0,220473.40029491138
23731200.0,230405.42022096497
23734800.0,249237.0653030873
23738400.0,268365.64388804266
23742000.0,304776.71442601294
23745600.0,350336.983469459
23749200.0,364433.33868885244
23752800.0,377385.83615598374
23756400.0,387285.35744745296
23760000.0,395622.08754277695
23763600.0,389584.3866196846
23767200.0,377527.0174030505
23770800.0,361407.174403786
23774400.0,368277.25529581396
23778000.0,378465.80363226973
23781600.0,381809.87510694284
23785200.0,385345.2798068489
23788800.0,386891.2494157231
23792400.0,394352.7392730571
23796000.0,401021.09348608926
23799600.0,394899.9254671959
23803200.0,400424.67011844885
23806800.0,405536.8722307545
23810400.0,399875.0962045869
23814000.0,402108.37876330706
23817600.0,341593.84814036096
23821200.0,347947.7392840267
23824800.0,330898.6949810787
23828400.0,324757.7891367396
23832000.0,293457.93240384414
23835600.0,330108.9048172097
23839200.0,278149.4072291079
23842800.0,67417.259700234
23846400.0,38458.82975610892
23850000.0,21874.820279251348
23853600.0,14.000488781618863
23857200.0,5.091086829679586
23860800.0,26.016090085516396
23864400.0,380.59437812635684
23868000.0,395.9309590078397
23871600.0,3241.823359557507
23875200.0,124080.25299562041
23878800.0,159046.3133584784
23882400.0,118980.11198620716
23886000.0,92724.0592504465
23889600.0,3470.734214873317
23893200.0,733.3812399890038
23896800.0,6228.818413521012
23900400.0,105178.98189182246
23904000.0,100977.12656131959
23907600.0,200502.46321083434
23911200.0,323249.3869757746
23914800.0,219965.51315458963
23918400.0,187533.8390897842
23922000.0,102694.2375086744
23925600.0,66552.3807785212
23929200.0,25903.08736766605
23932800.0,483.33314673514457
23936400.0,456.76594650031535
23940000.0,445.74883460088876
23943600.0,449.53151211534066
23947200.0,456.1868353734393
23950800.0,450.17776194978313
23954400.0,1509.3774222858406
23958000.0,160477.9947500777
23961600.0,184292.09496026547
23965200.0,61469.57205602667
23968800.0,61244.17882351724
23972400.0,47926.10441163546
23976000.0,56431.647945987235
23979600.0,41941.25342453611
23983200.0,59946.09709611652
23986800.0,202823.70893141185
23990400.0,330506.7105689426
23994000.0,406063.65971273853
23997600.0,404774.93922124594
24001200.0,409108.46437584603
24004800.0,376193.6261247496
24008400.0,369881.67789993016
24012000.0,383312.8336233152
24015600.0,384735.62374995946
24019200.0,382042.68191645504
24022800.0,382759.27720678074
24026400.0,383344.2736300319
24030000.0,404672.0973581288
24033600.0,405633.1402280028
24037200.0,404148.4860779407
24040800.0,397804.69119584403
24044400.0,380518.5759799709
24048000.0,340104.0869938228
24051600.0,286949.5404571935
24055200.0,255841.9072533404
24058800.0,207697.28225822264
24062400.0,192441.86698310068
24066000.0,146021.76905788397
24069600.0,99530.80002206884
24073200.0,92604.18070163975
24076800.0,63805.97044197396
24080400.0,43799.85203874626
24084000.0,56220.78117516752
24087600.0,62124.412463108354
24091200.0,38158.1899420639
24094800.0,21671.939514509835
24098400.0,30975.694824925602
24102000.0,36785.95239848085
24105600.0,65121.03635323142
24109200.0,35707.12978034565
24112800.0,55610.60264549212
24116400.0,58764.42529642691
24120000.0,63749.289781334504
24123600.0,83773.95915039077
24127200.0,124839.32831445296
24130800.0,145339.802385595
24134400.0,135478.96571740104
24138000.0,188107.53680039567
24141600.0,167276.21304234717
24145200.0,187747.50023088756
24148800.0,196652.12992530986
24152400.0,224913.24579770493
24156000.0,217232.56587897055
24159600.0,205548.64570009738
24163200.0,159844.29539924918
24166800.0,147682.1751619369
24170400.0,147750.52936648388
24174000.0,175360.07235496317
24177600.0,198862.52009390746
24181200.0,207421.98587441578
24184800.0,217599.6017382907
24188400.0,217939.6462462045
24192000.0,213045.93480724597
24195600.0,199574.71286689717
24199200.0,195964.48796397747
24202800.0,171791.6971403622
24206400.0,162287.5846533078
24210000.0,134485.89832040374
24213600.0,118812.79978140828
24217200.0,117932.80446831939
24220800.0,102164.35910059891
24224400.0,76102.2086797627
24228000.0,87706.9853683251
24231600.0,90737.91172873483
24235200.0,107317.60905504767
24238800.0,81481.93785918025
24242400.0,71709.83660707713
24246000.0,50333.75796704387
24249600.0,39318.85369014377
24253200.0,48095.17304139058
24256800.0,68325.06793886636
24260400.0,88310.9731364156
24264000.0,99282.56817404147
24267600.0,138126.65574381273
24271200.0,130392.46341141158
24274800.0,131911.25648059597
24278400.0,139669.59488325153
24282000.0,143446.7737057345
24285600.0,159072.35808592732
24289200.0,189860.82596534098
24292800.0,173721.5976983937
24296400.0,157880.99094775642
24300000.0,204510.64691628472
24303600.0,251817.68439702602
24307200.0,288018.2951329301
24310800.0,323384.5865140094
24314400.0,346341.10269352543
24318000.0,366486.2869972422
24321600.0,384881.97722305224
24325200.0,405125.21140440763
24328800.0,391681.8364362455
24332400.0,399746.3321182977
24336000.0,396369.26881000365
24339600.0,376961.0991913077
24343200.0,385164.21403097967
24346800.0,419947.7503397846
24350400.0,432511.22354357835
24354000.0,435584.17109829444
24357600.0,437339.2303704918
24361200.0,434565.02906371304
24364800.0,434435.5487251455
24368400.0,434606.17395469884
24372000.0,436684.9550740482
24375600.0,438540.50094531814
24379200.0,439313.97799421306
24382800.0,438966.300037984
24386400.0,437820.48858115094
24390000.0,435503.83247535035
24393600.0,432177.1362436411
24397200.0,436011.9267592675
24400800.0,419935.7439660756
24404400.0,402762.39377793646
24408000.0,399551.0984841673
24411600.0,415932.19474060484
24415200.0,386071.6627116047
24418800.0,353581.1958215113
24422400.0,376511.3653084909
24426000.0,374412.7556787116
24429600.0,384966.47590032197
24433200.0,411114.05062165216
24436800.0,398379.15797875973
24440400.0,394649.19421372813
24444000.0,415698.38180505787
24447600.0,406961.69433742965
24451200.0,400218.9940288449
24454800.0,391070.6422347476
24458400.0,422065.3484506669
24462000.0,417228.84587260644
24465600.0,422303.0035658056
24469200.0,428596.4103705843
24472800.0,428543.59829954954
24476400.0,427661.7316938578
24480000.0,415239.3013232076
24483600.0,417661.332426016
24487200.0,409795.16066779976
24490800.0,391421.6634440591
24494400.0,391342.3029461722
24498000.0,386466.66645642364
24501600.0,362537.2929036595
24505200.0,375984.40822967683
24508800.0,377999.66817684524
24512400.0,377331.19320284785
24516000.0,367625.77627881157
24519600.0,352774.45806597226
24523200.0,341687.8795595264
24526800.0,340528.58531380363
24530400.0,345180.08034201706
24534000.0,354330.78230907215
24537600.0,382565.4579402102
24541200.0,411981.46395002736
24544800.0,418323.56159105216
24548400.0,402745.1769950502
24552000.0,405727.8481253307
24555600.0,386627.8677660623
24559200.0,394728.2568830355
24562800.0,417971.4887541174
24566400.0,386928.8521830471
24570000.0,357294.08758143836
24573600.0,331958.33406584663
24577200.0,289754.8852148811
24580800.0,267627.8314933543
24584400.0,257120.34215847246
24588000.0,248631.47002433034
24591600.0,221448.61865967675
24595200.0,227080.88197368567
24598800.0,204656.40123209625
24602400.0,147568.47337422625
24606000.0,110580.88084522569
24609600.0,89815.35811167909
24613200.0,56000.56844170021
24616800.0,34561.656880786766
24620400.0,20336.048830768497
24624000.0,10318.97148066559
24627600.0,4181.807266953445
24631200.0,1532.402817051847
24634800.0,410.8809354831938
24638400.0,114.3267186189922
24642000.0,277.2733164614245
24645600.0,1915.298684618146
24649200.0,3811.251239283509
24652800.0,3690.7197585908452
24656400.0,5434.610777248558
24660000.0,11088.103286951384
24663600.0,15872.624913902058
24667200.0,15964.052242154077
24670800.0,30333.966511973762
24674400.0,69863.69047305944
24678000.0,145015.06136649827
24681600.0,172105.25686000922
24685200.0,189575.14726452375
24688800.0,199818.9466207986
24692400.0,246005.32293183843
24696000.0,264867.42830465565
24699600.0,299130.42007670144
24703200.0,308523.55641665665
24706800.0,304276.14985951694
24710400.0,292593.92883087316
24714000.0,291735.233034115
24717600.0,295564.2868494631
24721200.0,292894.4588683584
24724800.0,281318.42454687884
24728400.0,265205.8124818771
24732000.0,226025.28743921086
24735600.0,194934.4545037028
24739200.0,152357.66352779974
24742800.0,90372.50183527092
24746400.0,46419.581179903515
24750000.0,18897.727707364495
24753600.0,9644.65893923209
24757200.0,15157.45130957355
24760800.0,26383.966610549287
24764400.0,30691.977465309512
24768000.0,27128.624926058957
24771600.0,31865.4675702709
24775200.0,38402.6648862039
24778800.0,41732.040938743114
24782400.0,63318.74356839289
24786000.0,48963.10502423656
24789600.0,39662.68183015081
24793200.0,45158.21032505283
24796800.0,70119.46890273303
24800400.0,94276.74591200658
24804000.0,131096.86650335896
24807600.0,192171.64832202057
24811200.0,236081.07741356667
24814800.0,235083.561361259
24818400.0,249142.3691788977
24822000.0,252718.50480079174
24825600.0,274073.4150199801
24829200.0,273909.5835276081
24832800.0,272576.075472503
24836400.0,296394.0534998904
24840000.0,320702.82534356887
24843600.0,345099.1721537339
24847200.0,372448.90648092807
24850800.0,375642.0797329341
24854400.0,373487.1490005227
24858000.0,361596.1733657076
24861600.0,329930.72886950214
24865200.0,334392.62418754795
24868800.0,338328.4610036052
24872400.0,346439.8455953588
24876000.0,330312.2148242096
24879600.0,319258.9040246522
24883200.0,305879.7677537211
24886800.0,328022.2901061941
24890400.0,348662.8724778535
24894000.0,355618.7245006657
24897600.0,367219.5797795975
24901200.0,373328.727424293
24904800.0,369364.3283383496
24908400.0,361522.2829224263
24912000.0,355127.3843471192
24915600.0,357024.0073342814
24919200.0,362755.70052865276
24922800.0,376811.43332984636
24926400.0,389048.71773672616
24930000.0,405683.831861373
24933600.0,391737.285690258
24937200.0,390125.0699049773
24940800.0,391826.1572929215
24944400.0,402093.28432724293
24948000.0,424332.9910725935
24951600.0,414847.9952983916
24955200.0,403974.98947541544
24958800.0,393752.4546342493
24962400.0,380168.03842390823
24966000.0,358389.2376332293
24969600.0,347815.0216506214
24973200.0,333849.58882014
24976800.0,319254.67205872503
24980400.0,295511.0751281122
24984000.0,295341.18715157046
24987600.0,306777.76737719023
24991200.0,307074.99489028763
24994800.0,297563.1207231685
24998400.0,303847.4978490689
25002000.0,308441.8549734069
25005600.0,310577.1799304372
25009200.0,305431.23345823854
25012800.0,296537.71919733007
25016400.0,264720.5860872272
25020000.0,304384.2536790654
25023600.0,347549.6509769748
25027200.0,276178.499239435
25030800.0,287659.09222889034
25034400.0,282931.48513438035
25038000.0,268609.3068038333
25041600.0,193130.69103115634
25045200.0,155657.7893773449
25048800.0,127897.10697595998
25052400.0,100236.80044250905
25056000.0,74222.62396925475
25059600.0,49786.243079611595
25063200.0,35899.213940886046
25066800.0,26761.954670411775
25070400.0,17383.45106858387
25074000.0,11179.709439628297
25077600.0,11164.08903065606
25081200.0,11950.085698451021
25084800.0,9528.296740460006
25088400.0,10752.822763538445
25092000.0,10294.095475836995
25095600.0,10840.104992532324
25099200.0,14954.428948979586
25102800.0,18499.52294170135
25106400.0,16724.77580034773
25110000.0,13657.846228457278
25113600.0,15986.001190248533
25117200.0,21145.020300654094
25120800.0,30860.594897494353
25124400.0,42259.071201930325
25128000.0,56071.5340555979
25131600.0,66963.80614210224
25135200.0,72317.71078357623
25138800.0,73762.1962585522
25142400.0,87540.76361068654
25146000.0,91875.91664030042
25149600.0,124047.21120570993
25153200.0,154129.59497994362
25156800.0,180993.26670147604
25160400.0,198567.5647965007
25164000.0,225968.17021787577
25167600.0,255376.1625388301
25171200.0,265497.9434988651
25174800.0,301531.83323242835
25178400.0,328481.78837535734
25182000.0,324022.94420928706
25185600.0,320784.46887570596
25189200.0,303155.1660421876
25192800.0,300899.33378712705
25196400.0,304358.0444458733
25200000.0,326120.1642905548
25203600.0,367280.93914903345
25207200.0,404098.5180152861
25210800.0,424041.42357527895
25214400.0,426400.1037391222
25218000.0,421098.7384773447
25221600.0,425666.32253062417
25225200.0,424714.2021086121
25228800.0,418563.2820964791
25232400.0,420766.13809295464
25236000.0,426628.2569770792
25239600.0,423398.6840452056
25243200.0,419554.384970346
25246800.0,425626.92738254316
25250400.0,420182.40744116646
25254000.0,425124.30315323157
25257600.0,422935.28059425106
25261200.0,419785.77995784173
25264800.0,421395.174644633
25268400.0,421317.6625294582
25272000.0,424007.1780615262
25275600.0,426596.8786997903
25279200.0,425673.0376741525
25282800.0,412127.28126803844
25286400.0,414361.5737711084
25290000.0,418175.00017723994
25293600.0,416028.69883700483
25297200.0,409199.8652940851
25300800.0,398094.7364581965
25304400.0,384038.23299373407
25308000.0,370628.27623771486
25311600.0,375788.3514304447
25315200.0,380537.0925809634
25318800.0,373831.0245512758
25322400.0,364198.81936500786
25326000.0,379240.35521867865
25329600.0,377659.46107234585
25333200.0,380926.58840621857
25336800.0,380908.9232894983
25340400.0,383930.2453146039
25344000.0,386221.25157037773
25347600.0,388495.6675651383
25351200.0,389281.1611699159
25354800.0,387660.9307411936
25358400.0,376023.5959159695
25362000.0,343267.61039251863
25365600.0,233092.28361498765
25369200.0,230049.40847378864
25372800.0,213187.38651830057
25376400.0,269682.1782596575
25380000.0,339855.89746545476
25383600.0,353240.76980027824
25387200.0,366313.77138351044
25390800.0,348724.79727612046
25394400.0,290975.43255360215
25398000.0,247449.24520533383
25401600.0,280495.8426927399
25405200.0,284495.0110379937
25408800.0,255712.30663784652
25412400.0,265510.8891780942
25416000.0,317920.289609457
25419600.0,331685.351262811
25423200.0,323929.0018841412
25426800.0,290174.03121163935
25430400.0,307678.0233067037
25434000.0,340917.99459058273
25437600.0,354660.28126700415
25441200.0,365049.1734159956
25444800.0,366488.25915700285
25448400.0,356944.8975724209
25452000.0,343082.7695757652
25455600.0,282606.5045160097
25459200.0,215146.52200606567
25462800.0,155941.30245710193
25466400.0,115363.16557590057
25470000.0,70454.30681978472
25473600.0,62619.271830425896
25477200.0,38940.47616213881
25480800.0,18537.31503381684
25484400.0,20252.912973804465
25488000.0,42037.245230323875
25491600.0,54138.090737518774
25495200.0,64298.63141435986
25498800.0,82401.93956896261
25502400.0,127992.03379002155
25506000.0,172926.377572228
25509600.0,251148.67708626197
25513200.0,329100.3516068483
25516800.0,390705.4363029498
25520400.0,412062.5426897193
25524000.0,431063.4358624075
25527600.0,434376.5032546737
25531200.0,435460.33963875734
25534800.0,436113.41852979595
25538400.0,437532.9474971328
25542000.0,416064.43922112795
25545600.0,319138.73751124664
25549200.0,236460.3290175417
25552800.0,216465.30281974416
25556400.0,184143.79478284618
25560000.0,173141.70922619736
25563600.0,214526.1683029753
25567200.0,238980.7501462275
25570800.0,222579.764922704
25574400.0,233985.1068759227
25578000.0,268791.5479843744
25581600.0,266063.35005638155
25585200.0,271234.1353048363
25588800.0,229887.57109648924
25592400.0,183007.2602407956
25596000.0,167679.59989801707
25599600.0,153331.7573987616
25603200.0,141120.2284819602
25606800.0,135421.8208132813
25610400.0,133245.34205586326
25614000.0,139439.76381399125
25617600.0,227709.29613999912
25621200.0,303263.49736967875
25624800.0,317585.3715077877
25628400.0,320761.55962135823
25632000.0,346171.7384625413
25635600.0,401329.0892842173
25639200.0,422837.1133034224
25642800.0,396371.30429015675
25646400.0,341835.216885149
25650000.0,333413.8840634682
25653600.0,366587.129017814
25657200.0,349917.59437330463
25660800.0,143520.66701275215
25664400.0,116230.721454707
25668000.0,119336.34805939691
25671600.0,107172.78704451182
25675200.0,115629.76829255992
25678800.0,129590.94942915268
25682400.0,104765.02625808706
25686000.0,182668.30999835723
25689600.0,186535.32677542255
25693200.0,169042.5493900652
25696800.0,160451.47114227386
25700400.0,163409.45113781624
25704000.0,173626.29255294212
25707600.0,223955.06093669997
25711200.0,348771.31071816816
25714800.0,372558.55099062837
25718400.0,383541.58251843124
25722000.0,392272.73724744737
25725600.0,384593.73961471725
25729200.0,386483.0721655394
25732800.0,335571.658167874
25736400.0,356354.46386843565
25740000.0,397219.73963779554
25743600.0,395337.5540183035
25747200.0,379319.135332667
25750800.0,328250.9728171813
25754400.0,132048.1860337741
25758000.0,23151.29511595398
25761600.0,23494.506598068783
25765200.0,37209.26417703749
25768800.0,59872.48125333106
25772400.0,213844.98629444395
25776000.0,382898.92667309765
25779600.0,381258.1632548053
25783200.0,399784.1738485098
25786800.0,381649.49918975646
25790400.0,372653.7902701441
25794000.0,287213.31952981994
25797600.0,182875.8421073035
25801200.0,174279.56140515805
25804800.0,242141.94182715533
25808400.0,256663.53452869874
25812000.0,276973.6235895298
25815600.0,358401.932576432
25819200.0,418316.5244362818
25822800.0,385794.8224557167
25826400.0,380216.1558765002
25830000.0,361920.620056347
25833600.0,239965.4722973322
25837200.0,206725.99039417467
25840800.0,160407.6203386381
25844400.0,154403.48876932892
25848000.0,141183.23068147746
25851600.0,182969.48787664156
25855200.0,210505.04369118973
25858800.0,272350.30931788334
25862400.0,274872.179815351
25866000.0,296644.4267863155
25869600.0,317513.5569551612
25873200.0,262908.8837011557
25876800.0,289933.8505992402
25880400.0,260042.95087368687
25884000.0,261798.88804016946
25887600.0,257193.05083322345
25891200.0,284150.2980034571
25894800.0,304032.35107534647
25898400.0,305919.02257872134
25902000.0,311496.4742973432
25905600.0,318751.31598568166
25909200.0,325461.7003024221
25912800.0,329414.7526285939
25916400.0,331775.7011898126
25920000.0,330891.20535596635
25923600.0,346825.0369066994
25927200.0,335534.4808244931
25930800.0,360218.5602708183
25934400.0,397871.0229661479
25938000.0,359237.19982798584
25941600.0,357489.7625491583
25945200.0,283447.16672863835
25948800.0,194605.16682587424
25952400.0,139123.25985519204
25956000.0,84337.37922946483
25959600.0,55730.03986070934
25963200.0,56169.6946643751
25966800.0,67132.89036331078
25970400.0,68036.45899938572
25974000.0,85296.33825386083
25977600.0,186456.99308611063
25981200.0,210605.07050148293
25984800.0,226066.02981614418
25988400.0,230545.60743332826
25992000.0,205612.7634840162
25995600.0,218771.3907838651
25999200.0,232969.86747758923
26002800.0,230986.9954338666
26006400.0,218976.1660692931
26010000.0,196700.90953738257
26013600.0,214880.08156779903
26017200.0,251595.76678585663
26020800.0,255018.13535765506
26024400.0,259169.13964013138
26028000.0,268899.6330305402
26031600.0,263440.13702086813
26035200.0,225816.74952242282
26038800.0,282211.66241319757
26042400.0,273476.10007575864
26046000.0,280220.39803102915
26049600.0,317397.63736275036
26053200.0,331135.20555625943
26056800.0,268780.2317711237
26060400.0,211687.70061618087
26064000.0,218066.26380300912
26067600.0,175064.50294520755
26071200.0,153539.45051332886
26074800.0,55954.27518915794
26078400.0,19530.482661586102
26082000.0,23942.118452256407
26085600.0,31517.906072653066
26089200.0,35150.92727143144
26092800.0,73606.13281010349
26096400.0,59836.23080594619
26100000.0,63176.56733204384
26103600.0,70504.66944166854
26107200.0,233375.44604613932
26110800.0,235657.8410467337
26114400.0,205446.37817521323
26118000.0,201417.85621426415
26121600.0,260047.63244621968
26125200.0,287559.29992678424
26128800.0,278444.56967011007
26132400.0,339410.7242418585
26136000.0,372265.85581758106
26139600.0,410901.7853929189
26143200.0,425948.14536955376
26146800.0,424124.7497116133
26150400.0,397591.75107991294
26154000.0,339817.7521791904
26157600.0,293304.4915014986
26161200.0,291425.98260127637
26164800.0,261544.4536574189
26168400.0,198760.98473094802
26172000.0,141044.46229137504
26175600.0,104477.55231277652
26179200.0,79016.8113427445
26182800.0,49110.97150469655
26186400.0,19098.023472768236
26190000.0,12930.609293885844
26193600.0,25179.07690937292
26197200.0,59045.786119226716
26200800.0,107418.33366242946
26204400.0,141302.4263882632
26208000.0,188944.17928177936
26211600.0,220372.6855515103
26215200.0,237763.14386472938
26218800.0,250872.25111756477
26222400.0,254657.54131413912
26226000.0,262083.0798254395
26229600.0,269340.58097026066
26233200.0,289062.1473938251
26236800.0,307295.78705307475
26240400.0,337371.91674533114
26244000.0,369694.1432618579
26247600.0,389301.062864719
26251200.0,402861.01863019395
26254800.0,403993.0297415964
26258400.0,393161.5550958192
26262000.0,374030.9410307107
26265600.0,379955.8871082428
26269200.0,358745.6108475705
26272800.0,352283.95444163046
26276400.0,365602.76610652375
26280000.0,371770.10455548955
26283600.0,376142.74771213136
26287200.0,367496.7719568626
26290800.0,388424.50912632694
26294400.0,402616.16344550636
26298000.0,414482.1262525343
26301600.0,422897.4554100712
26305200.0,426978.77257782995
26308800.0,425795.97023867123
26312400.0,411778.8062385276
26316000.0,397909.98632642714
26319600.0,367865.98011929437
26323200.0,392754.1294173287
26326800.0,428845.42051851074
26330400.0,426974.4085618381
26334000.0,424146.42055908963
26337600.0,394008.68839800125
26341200.0,364968.8942951289
26344800.0,344569.53557228285
26348400.0,329455.3721830574
26352000.0,271659.5312470639
26355600.0,215322.1431827635
26359200.0,142216.5930761529
26362800.0,160772.3107978944
26366400.0,142234.29510325263
26370000.0,183994.35547474874
26373600.0,242440.451657748
26377200.0,307422.6356179443
26380800.0,305908.4910292283
26384400.0,286372.95482757787
26388000.0,289146.5515677956
26391600.0,278165.0553208648
26395200.0,237683.44449137538
26398800.0,189954.61969439
26402400.0,177610.2837319708
26406000.0,120389.96407025252
26409600.0,116772.28486163539
26413200.0,104227.52903857095
26416800.0,112786.75776534877
26420400.0,113434.13973022498
26424000.0,173105.43236879955
26427600.0,144108.7047239982
26431200.0,105500.57757383722
26434800.0,112016.70192680339
26438400.0,143802.44625925078
26442000.0,137039.38573985538
26445600.0,206992.21414305814
26449200.0,253037.23356453553
26452800.0,200404.71752563375
26456400.0,190645.00511513773
26460000.0,252531.01407334342
26463600.0,299619.9748497354
26467200.0,336033.1661435632
26470800.0,379544.6711156076
26474400.0,384462.54198892345
26478000.0,413567.0409416647
26481600.0,437963.4332534183
26485200.0,437221.9250478845
26488800.0,458771.9218960711
26492400.0,474938.38779575005
26496000.0,481036.74742745346
26499600.0,481907.24722721917
26503200.0,478140.9961044232
26506800.0,481644.4574164023
26510400.0,479880.5081520215
26514000.0,481255.61038652505
26517600.0,480303.0658133415
26521200.0,478036.4824556684
26524800.0,479070.91079664876
26528400.0,480300.71532219084
26532000.0,423900.97862664494
26535600.0,463386.80405515584
26539200.0,480379.4499345906
26542800.0,475585.6730299765
26546400.0,484031.44275024685
26550000.0,482842.09581896855
26553600.0,483088.94289137825
26557200.0,465679.2043141423
26560800.0,474525.579247516
26564400.0,462854.86152956384
26568000.0,466474.23829744576
26571600.0,458619.2767942356
26575200.0,463023.9231590746
26578800.0,450418.800728506
26582400.0,464229.72671033686
26586000.0,477738.306409456
26589600.0,466397.61234957224
26593200.0,472897.73573482566
26596800.0,480974.5228914494
26600400.0,477615.80722370365
26604000.0,460876.2173152604
26607600.0,458751.42581688066
26611200.0,461488.56401153933
26614800.0,431814.0940237459
26618400.0,410508.57943813666
26622000.0,418379.44645118155
26625600.0,413990.94519545115
26629200.0,435930.1645411687
26632800.0,446021.69903615565
26636400.0,451342.1526916153
26640000.0,439798.8575585727
26643600.0,382823.2374852008
26647200.0,360823.5233002296
26650800.0,374332.49914954265
26654400.0,386017.867106233
26658000.0,360774.7296876681
26661600.0,318107.83061138773
26665200.0,318078.4174936151
26668800.0,318378.7435694343
26672400.0,286832.1797690169
26676000.0,255536.8245114577
26679600.0,257800.9988304816
26683200.0,264257.40346216393
26686800.0,218885.37671785944
26690400.0,211813.55737369737
26694000.0,202294.99351848403
26697600.0,187875.04882019616
26701200.0,194271.001250477
26704800.0,196145.37141529965
26708400.0,169308.4310815523
26712000.0,149976.79990767495
26715600.0,142691.37001508492
26719200.0,162469.27981478637
26722800.0,109616.48103997338
26726400.0,104000.08600722672
26730000.0,123892.2149763379
26733600.0,119739.42658612071
26737200.0,121832.68834737835
26740800.0,129655.8668318967
26744400.0,122534.60953449627
26748000.0,109024.67878820973
26751600.0,106434.80250745
26755200.0,106372.97284886819
26758800.0,132715.1534096841
26762400.0,182919.79314171118
26766000.0,223597.590274954
26769600.0,266309.4032374387
26773200.0,253888.25009319696
26776800.0,203880.43018704065
26780400.0,164306.13089702476
26784000.0,143922.1062095168
26787600.0,130416.75330486891
26791200.0,135360.6078125917
26794800.0,121638.29474257484
26798400.0,125388.18374868607
26802000.0,132414.3054974649
26805600.0,121196.8936961265
26809200.0,110449.67621918753
26812800.0,90534.08306726422
26816400.0,94328.7211356437
26820000.0,80085.7569342372
26823600.0,44437.68757943096
26827200.0,27439.591691545054
26830800.0,19219.534987675615
26834400.0,16042.289200816253
26838000.0,9900.565600655202
26841600.0,9917.629650936582
26845200.0,7026.911185430366
26848800.0,7117.012921949108
26852400.0,8291.012771979318
26856000.0,4566.967395387244
26859600.0,4677.012828175402
26863200.0,5930.0444827990705
26866800.0,753.9365030638351
26870400.0,0.0
26874000.0,0.0
26877600.0,1453.4254234488812
26881200.0,5305.669457499116
26884800.0,7387.914425050262
26888400.0,12767.363276499242
26892000.0,18107.187880959897
26895600.0,23436.689034101673
26899200.0,20981.314812681117
26902800.0,15394.582360961731
26906400.0,15330.455031255087
26910000.0,11273.870363314929
26913600.0,9056.648910770684
26917200.0,10356.284056040311
26920800.0,11239.469889606784
26924400.0,11109.950095116319
26928000.0,16654.633669744744
26931600.0,9709.671481661244
26935200.0,14122.91796492729
26938800.0,17379.616843815267
26942400.0,17285.96566519746
26946000.0,7212.277338706072
26949600.0,8642.164440390858
26953200.0,9641.641515706724
26956800.0,9335.700289307373
26960400.0,6617.604350356323
26964000.0,2252.792558030289
26967600.0,4298.515659629947
26971200.0,5857.956602448368
26974800.0,7344.109441195991
26978400.0,6582.571627302518
26982000.0,8871.780093039652
26985600.0,17128.07515296275
26989200.0,7860.944166620916
26992800.0,450.56118442664336
26996400.0,0.0
27000000.0,0.0
27003600.0,0.0
27007200.0,0.0
27010800.0,0.0
27014400.0,173.5106030140174
27018000.0,48.68351780881104
27021600.0,446.10648345067375
27025200.0,2214.1913013018047
27028800.0,2587.489515615377
27032400.0,6198.091477153408
27036000.0,5832.595671599247
27039600.0,7368.92435298263
27043200.0,7650.615460040509
27046800.0,5890.575513959053
27050400.0,15599.378328929983
27054000.0,18399.680683305724
27057600.0,13187.77027182662
27061200.0,17229.800477099503
27064800.0,23869.51605394298
27068400.0,33989.14825714295
27072000.0,42489.08745947402
27075600.0,47915.24671439239
27079200.0,65027.65150209339
27082800.0,72954.60956428427
27086400.0,97544.70309303254
27090000.0,122250.43811357356
27093600.0,141634.28124662561
27097200.0,151972.18043354517
27100800.0,169474.84820964793
27104400.0,214505.57390217046
27108000.0,240138.27619385565
27111600.0,273938.9078695541
27115200.0,306527.607916412
27118800.0,315688.31927836715
27122400.0,325666.98374195426
27126000.0,321443.7929393199
27129600.0,341176.9091297434
27133200.0,337463.757724388
27136800.0,337757.1207843888
27140400.0,336043.44409329357
27144000.0,337425.53288989206
27147600.0,322546.67253369
27151200.0,309930.24884493835
27154800.0,268373.8459471182
27158400.0,212707.11088739958
27162000.0,164878.33182810832
27165600.0,171398.53255066043
27169200.0,193681.77413407038
27172800.0,221838.05116453944
27176400.0,224540.77902150922
27180000.0,208231.75537216192
27183600.0,185553.41458605495
27187200.0,180284.2587214912
27190800.0,157905.2658861462
27194400.0,182420.3110675523
27198000.0,210923.82185692454
27201600.0,318925.1333266772
27205200.0,365390.09422723
27208800.0,383795.0448217903
27212400.0,443236.50830026215
27216000.0,429839.2334415357
27219600.0,421368.76940459793
27223200.0,451805.494413142
27226800.0,447511.7926943024
27230400.0,464891.9466477782
27234000.0,469193.5837800206
27237600.0,472260.79527084425
27241200.0,482975.3858814493
27244800.0,484586.88795999513
27248400.0,481636.32058687677
27252000.0,481222.0298959894
27255600.0,479629.6251205276
27259200.0,475775.7478021838
27262800.0,480073.3820674064
27266400.0,472903.3903413288
27270000.0,465929.0446274149
27273600.0,459622.45318051905
27277200.0,471145.6849767517
27280800.0,464336.0620135979
27284400.0,471963.36188692314
27288000.0,463255.04800077545
27291600.0,469817.8544380405
27295200.0,461638.47551794024
27298800.0,410796.95323304436
27302400.0,377158.61904161755
27306000.0,343496.2695572293
27309600.0,344839.5725452017
27313200.0,296324.5888020287
27316800.0,308954.52200787584
27320400.0,322073.944439014
27324000.0,253348.09373539113
27327600.0,233601.22970136997
27331200.0,308004.0402794371
27334800.0,348814.95851471653
27338400.0,383107.0312111193
27342000.0,412845.4325217764
27345600.0,453729.7788660145
27349200.0,456839.653028085
27352800.0,458331.17950898135
27356400.0,412299.0446736911
27360000.0,402177.21025724435
27363600.0,289974.95285237377
27367200.0,315716.4885799887
27370800.0,341269.177760094
27374400.0,323645.028379219
27378000.0,340708.74073970923
27381600.0,282496.3467611184
27385200.0,206134.03954631416
27388800.0,167576.48884368385
27392400.0,147019.50148138189
27396000.0,120695.06494913205
27399600.0,100665.54154697662
27403200.0,99026.79483545471
27406800.0,73584.2296817905
27410400.0,45282.317339664565
27414000.0,33729.7777475181
27417600.0,36951.7025942018
27421200.0,32435.191687611805
27424800.0,35975.822388148576
27428400.0,37394.352866080975
27432000.0,47686.08035015631
27435600.0,72582.8895868879
27439200.0,83593.08874497861
27442800.0,120038.39334175632
27446400.0,165193.26614119936
27450000.0,180909.54505133367
27453600.0,212748.7827058722
27457200.0,245481.1147217195
27460800.0,303146.2429579398
27464400.0,356623.0148803861
27468000.0,389866.33419024147
27471600.0,403491.86251769686
27475200.0,397714.8856969402
27478800.0,391026.5931969184
27482400.0,350504.8178288509
27486000.0,317425.3640580107
27489600.0,321522.5806899385
27493200.0,325393.0536785753
27496800.0,326344.58703463734
27500400.0,309609.1756357095
27504000.0,283302.0462531371
27507600.0,272020.5328957191
27511200.0,250923.20939660768
27514800.0,238463.78909821063
27518400.0,184076.44956807024
27522000.0,121776.89130849676
27525600.0,112451.32737306728
27529200.0,120687.84833355098
27532800.0,130080.63020658564
27536400.0,142285.06787581916
27540000.0,133088.14679517373
27543600.0,116106.11074069206
27547200.0,100079.96410344102
27550800.0,89109.63324631353
27554400.0,79875.90774439757
27558000.0,60433.00959508586
27561600.0,45196.67730436618
27565200.0,29555.564472956972
27568800.0,18278.969423609386
27572400.0,23137.07411947405
27576000.0,38096.79811694943
27579600.0,54238.965213769116
27583200.0,61582.674686456055
27586800.0,61559.00558739902
27590400.0,88346.25023163723
27594000.0,112692.99012811974
27597600.0,139318.95582364517
27601200.0,159253.45472651048
27604800.0,220923.7088341541
27608400.0,277110.9737937572
27612000.0,321136.94486307906
27615600.0,350345.3201241426
27619200.0,379324.277330365
27622800.0,409777.3775015037
27626400.0,434276.0061552346
27630000.0,421046.6763870385
27633600.0,423714.61525673646
27637200.0,397776.3211144856
27640800.0,412210.4358983851
27644400.0,425277.840468034
27648000.0,433328.7015831705
27651600.0,444645.4395339772
27655200.0,423481.0689668622
27658800.0,434215.83746373095
27662400.0,418110.7786624269
27666000.0,362026.142058487
27669600.0,402909.77692334057
27673200.0,420996.5651375669
27676800.0,356810.9421685301
27680400.0,403278.17242103716
27684000.0,383135.6498011536
27687600.0,380197.028981474
27691200.0,327724.7020805105
27694800.0,348501.4563879893
27698400.0,403207.05948381434
27702000.0,441490.53598166985
27705600.0,442939.36669925496
27709200.0,437557.46839865507
27712800.0,429470.80898828275
27716400.0,400577.1262136858
27720000.0,383045.7027063973
27723600.0,375826.8063184268
27727200.0,367478.93947066285
27730800.0,378335.1313429982
27734400.0,377450.63423638017
27738000.0,388712.1886242682
27741600.0,398940.0630609399
27745200.0,394538.7987687204
27748800.0,359745.65748822544
27752400.0,402399.0209555903
27756000.0,357547.2348737998
27759600.0,358803.16240225075
27763200.0,333432.5632610463
27766800.0,302672.3750961998
27770400.0,265973.4783733489
27774000.0,234930.10995854685
27777600.0,206934.31607628052
27781200.0,188383.6172115743
27784800.0,164249.16640829455
27788400.0,139657.83733641132
27792000.0,96957.56204945437
27795600.0,102309.33766205478
27799200.0,70366.90972314424
27802800.0,69071.33121949909
27806400.0,60380.528126502104
27810000.0,33085.50802765946
27813600.0,19895.639591673164
27817200.0,14147.880836424916
27820800.0,18070.679060918414
27824400.0,41368.155189398836
27828000.0,46023.414439936874
27831600.0,58663.931378917085
27835200.0,49501.08048772172
27838800.0,67788.17624049007
27842400.0,48356.73240015928
27846000.0,19391.614995290493
27849600.0,21974.039197703263
27853200.0,37384.22796714845
27856800.0,60361.1129486842
27860400.0,74112.80540802344
27864000.0,92094.52504503053
27867600.0,100127.63926786462
27871200.0,117726.49326563346
27874800.0,143625.7597726338
27878400.0,161540.96467840407
27882000.0,170482.65557578887
27885600.0,200474.99743377406
27889200.0,204947.75204002758
27892800.0,224914.1351469355
27896400.0,220985.8570038557
27900000.0,219107.4575620003
27903600.0,225486.37807948538
27907200.0,252406.4049502931
27910800.0,312216.5270720121
27914400.0,318092.0918346467
27918000.0,288383.91662469035
27921600.0,298328.56562801084
27925200.0,344187.7785172017
27928800.0,329806.96804879484
27932400.0,329980.3192371525
27936000.0,302383.12245242816
27939600.0,289777.3617268483
27943200.0,277899.43041106965
27946800.0,244352.05898622167
27950400.0,227738.41556570024
27954000.0,239000.5287003679
27957600.0,232537.42992589038
27961200.0,239786.44486535236
27964800.0,221442.1606160333
27968400.0,235790.32162640855
27972000.0,258734.6872908197
27975600.0,272463.8440543074
27979200.0,270181.52542001544
27982800.0,265282.50843219453
27986400.0,236010.34408050557
27990000.0,190037.70050397769
27993600.0,158990.77087393828
27997200.0,163111.16499685118
28000800.0,136193.5878933873
28004400.0,120528.60359221957
28008000.0,110666.49637966871
28011600.0,98805.36119572706
28015200.0,78421.28909747298
28018800.0,57646.597634739046
28022400.0,55815.672259377476
28026000.0,50777.089171786516
28029600.0,43955.22723589418
28033200.0,28953.292082935146
28036800.0,25627.51001950476
28040400.0,27806.220263918818
28044000.0,33082.27455113676
28047600.0,41745.21126217857
28051200.0,109215.24294113854
28054800.0,87771.32620548566
28058400.0,65106.26361021632
28062000.0,116058.71526785115
28065600.0,135416.21839041816
28069200.0,162670.67780048875
28072800.0,193150.5449970204
28076400.0,173002.1669908968
28080000.0,251374.05663647555
28083600.0,279015.91020751937
28087200.0,325334.5644093396
28090800.0,363896.94464421377
28094400.0,388847.6159886387
28098000.0,439183.6162612381
28101600.0,431221.1469138315
28105200.0,432885.7063901586
28108800.0,473941.6809080554
28112400.0,463598.54140182346
28116000.0,465864.25704738504
28119600.0,465364.701788853
28123200.0,476393.99602267717
28126800.0,482722.75660717284
28130400.0,476559.28706600465
28134000.0,464979.403246496
28137600.0,482104.9723119668
28141200.0,488684.5847450496
28144800.0,491945.3195830218
28148400.0,476595.72142890125
28152000.0,480198.833765327
28155600.0,490766.0825956085
28159200.0,491965.6845667264
28162800.0,484130.6696235219
28166400.0,494550.898048336
28170000.0,492021.1363662823
28173600.0,495000.00000000006
28177200.0,494609.92283626756
28180800.0,493013.22086532856
28184400.0,493597.40366926574
28188000.0,490989.748358718
28191600.0,493142.9748498132
28195200.0,466324.4572501449
28198800.0,460168.62783934345
28202400.0,457039.8196071604
28206000.0,457779.39638162823
28209600.0,456885.4931738994
28213200.0,452812.68862151285
28216800.0,454794.2057997529
28220400.0,455281.8046408655
28224000.0,450194.1399761142
28227600.0,447950.9861182242
28231200.0,450037.9107491506
28234800.0,440753.3494724686
28238400.0,446756.66455872747
28242000.0,438142.31177110836
28245600.0,425478.322058107
28249200.0,432994.5353713874
28252800.0,433448.2533478414
28256400.0,422945.7411867214
28260000.0,431149.01766840025
28263600.0,445548.969668708
28267200.0,451205.8461601879
28270800.0,452724.53390751354
28274400.0,438549.33779928274
28278000.0,431549.6505642882
28281600.0,420743.2682945299
28285200.0,412911.30291233637
28288800.0,383467.2364228787
28292400.0,355094.2604634336
28296000.0,325917.5886728302
28299600.0,323063.5836254174
28303200.0,350703.20539127226
28306800.0,361691.37573484384
28310400.0,394310.6159388213
28314000.0,402165.73144740803
28317600.0,398965.07620691997
28321200.0,417488.95427162864
28324800.0,412554.58827698464
28328400.0,415575.12086543866
28332000.0,418083.8191303133
28335600.0,422329.8202292951
28339200.0,429707.87894662895
28342800.0,424946.70949858014
28346400.0,421847.30356561026
28350000.0,421193.7279754128
28353600.0,422070.3160786409
28357200.0,406727.60425584344
28360800.0,401014.35288712673
28364400.0,391720.933437554
28368000.0,371765.5289412014
28371600.0,356538.73543804296
28375200.0,345059.26757877704
28378800.0,330466.4540726086
28382400.0,293566.7276566227
28386000.0,241615.50658474135
28389600.0,209224.1256084565
28393200.0,191222.05148811144
28396800.0,168059.12578429503
28400400.0,150015.91059127933
28404000.0,134956.13751000588
28407600.0,114823.76651726065
28411200.0,83257.38502497293
28414800.0,63129.37550267613
28418400.0,48207.88015801189
28422000.0,32140.353803395057
28425600.0,20696.2903165215
28429200.0,22491.215344138705
28432800.0,24038.073029471718
28436400.0,22946.704064230624
28440000.0,13489.010834117542
28443600.0,13606.171378943103
28447200.0,10185.57323258969
28450800.0,7413.352358587683
28454400.0,5716.640123387684
28458000.0,8751.644126155068
28461600.0,5880.486889020189
28465200.0,1722.3786312589018
28468800.0,892.5881163621095
28472400.0,2731.431722708469
28476000.0,1872.5335552488373
28479600.0,2404.8206837806197
28483200.0,5125.692537825553
28486800.0,12680.589201609548
28490400.0,29202.08013219866
28494000.0,63813.04291615917
28497600.0,91821.20463929942
28501200.0,110444.2456205049
28504800.0,144498.3329175109
28508400.0,189615.66117893555
28512000.0,269920.4936251195
28515600.0,360105.8741549302
28519200.0,418059.3119110869
28522800.0,448478.96205079
28526400.0,458090.03540839965
28530000.0,464549.4335991378
28533600.0,465778.4260963305
28537200.0,465885.1938237792
28540800.0,463901.76398785575
28544400.0,464855.0314953691
28548000.0,461914.23264510516
28551600.0,454939.36445840535
28555200.0,458512.57429633697
28558800.0,458432.7279178508
28562400.0,456335.80884709186
28566000.0,449593.73092387203
28569600.0,441619.74712902127
28573200.0,452526.4553104241
28576800.0,460929.060251009
28580400.0,461485.9764666582
28584000.0,460517.2944209962
28587600.0,462497.46118845476
28591200.0,463334.9478356734
28594800.0,463985.6822812269
28598400.0,462251.4525544073
28602000.0,463386.34012986853
28605600.0,462679.153486197
28609200.0,462526.1485081612
28612800.0,462036.4190472104
28616400.0,459961.91857730603
28620000.0,453814.25845170865
28623600.0,443899.00920205784
28627200.0,436006.6937583924
28630800.0,434062.23491937853
28634400.0,445230.698466393
28638000.0,450343.2728644231
28641600.0,456227.95735453436
28645200.0,452780.88842040295
28648800.0,445852.1547079749
28652400.0,451229.6110353159
28656000.0,456466.8868323451
28659600.0,458633.3876959628
28663200.0,461484.52741606924
28666800.0,461348.51298574876
28670400.0,460714.7079948685
28674000.0,461672.92053865816
28677600.0,462773.86456545413
28681200.0,461182.82261029806
28684800.0,459409.2671014555
28688400.0,458820.1459432935
28692000.0,455176.5142831762
28695600.0,454150.9192960383
28699200.0,454857.1376786334
28702800.0,449258.8252317269
28706400.0,443561.640060273
28710000.0,435112.65309131925
28713600.0,423479.7284200614
28717200.0,403099.4049526786
28720800.0,393007.21434387646
28724400.0,316136.22673378384
28728000.0,318223.4988313864
28731600.0,391613.69510276656
28735200.0,365741.40626487666
28738800.0,363531.186011302
28742400.0,396782.70674384705
28746000.0,403416.1812846232
28749600.0,376471.39645856275
28753200.0,372592.45699252817
28756800.0,357567.1741153682
28760400.0,370422.50309926824
28764000.0,345532.3813232804
28767600.0,369964.30942110514
28771200.0,404648.93418582546
28774800.0,421977.6420705015
28778400.0,418860.29451115796
28782000.0,402569.2128063772
28785600.0,420904.154274978
28789200.0,440791.87468108756
28792800.0,442998.74245398486
28796400.0,433172.47076524224
28800000.0,450131.39614925353
28803600.0,455989.9713187517
28807200.0,460384.98025622213
28810800.0,462562.5115958422
28814400.0,460757.5329445081
28818000.0,463732.2454333021
28821600.0,463014.1469995899
28825200.0,460747.3520436204
28828800.0,462068.4588475942
28832400.0,460183.17339260876
28836000.0,456621.20053788903
28839600.0,456172.05976668786
28843200.0,456924.1093856955
28846800.0,461119.2702552102
28850400.0,462749.0894277834
28854000.0,457699.1990363437
28857600.0,461219.986271383
28861200.0,458535.08390036854
28864800.0,444408.7103602556
28868400.0,432616.41717061785
28872000.0,435742.61272067844
28875600.0,387113.23034728493
28879200.0,375922.7074392304
28882800.0,363642.61017404223
28886400.0,383242.7780411883
28890000.0,425204.8581473659
28893600.0,441770.0722862271
28897200.0,446353.7817206537
28900800.0,459110.66849503625
28904400.0,460193.98877019255
28908000.0,457565.49436847924
28911600.0,454877.2191524401
28915200.0,456345.2629953346
28918800.0,459062.9958761561
28922400.0,460886.2346649836
28926000.0,459775.11323742213
28929600.0,459089.5290297477
28933200.0,460943.59753125824
28936800.0,456628.2166919262
28940400.0,460166.17489007034
28944000.0,459226.6157702317
28947600.0,459152.42718017794
28951200.0,457893.19999107544
28954800.0,460439.8271710241
28958400.0,457487.5176916312
28962000.0,458371.7001054446
28965600.0,458279.16419303545
28969200.0,459951.87863588496
28972800.0,458642.5739257611
28976400.0,456072.079412562
28980000.0,460428.9767922184
28983600.0,457164.0640811166
28987200.0,450425.85920220247
28990800.0,433497.9442644566
28994400.0,415706.8699195747
28998000.0,377736.5725826257
29001600.0,322997.2944929657
29005200.0,279391.461545948
29008800.0,242551.1267943384
29012400.0,203017.40696647725
29016000.0,179335.46087002137
29019600.0,159076.34949800177
29023200.0,154932.11986113113
29026800.0,123065.71043979673
29030400.0,98891.59402444818
29034000.0,66980.56950006774
29037600.0,64103.38473431945
29041200.0,65939.18132519825
29044800.0,89483.37120325201
29048400.0,122980.40355249277
29052000.0,84695.96993031331
29055600.0,67868.52281825729
29059200.0,79194.76296443863
29062800.0,90849.02278963503
29066400.0,95365.05895237815
29070000.0,95698.30526840972
29073600.0,106570.31260198145
29077200.0,115833.19030347001
29080800.0,104602.41503558954
29084400.0,92040.24228628784
29088000.0,87179.9376045269
29091600.0,94389.27993167567
29095200.0,89183.47659704169
29098800.0,81168.14522231075
29102400.0,70664.63488997926
29106000.0,71145.53576998154
29109600.0,70647.11964212761
29113200.0,66254.26359800028
29116800.0,71116.84335918823
29120400.0,74026.09688087669
29124000.0,66715.32737636364
29127600.0,61955.8990800106
29131200.0,61091.439536575395
29134800.0,66002.22966268992
29138400.0,74032.54633331111
29142000.0,85687.91697001515
29145600.0,104362.79730647798
29149200.0,117331.10928026687
29152800.0,122914.2187873211
29156400.0,139064.40784601972
29160000.0,136160.07963264605
29163600.0,111662.50133376673
29167200.0,109166.29086849946
29170800.0,131013.80064883885
29174400.0,154398.92397360026
29178000.0,169600.55350733126
29181600.0,173892.76417411558
29185200.0,137959.30917417776
29188800.0,128498.83461969103
29192400.0,144561.28961543966
29196000.0,138968.16021311877
29199600.0,149445.03907024418
29203200.0,210424.45433221932
29206800.0,228761.64924312805
29210400.0,230159.39663185
29214000.0,202670.51812870678
29217600.0,199505.59881764086
29221200.0,223613.15404558528
29224800.0,222617.38519063898
29228400.0,202514.42731566637
29232000.0,186867.98093441722
29235600.0,154063.76086337733
29239200.0,138770.8086868672
29242800.0,115516.80312147494
29246400.0,87713.63305495295
29250000.0,97304.13078514041
29253600.0,119033.6702196554
29257200.0,113034.04935327728
29260800.0,100936.63651137729
29264400.0,97093.74194009684
29268000.0,110859.14119614621
29271600.0,125526.87004501338
29275200.0,114752.34811482806
29278800.0,91706.43499612625
29282400.0,85352.27943413828
29286000.0,100622.46936143289
29289600.0,151940.9797079095
29293200.0,199682.01324930537
29296800.0,228965.5685895828
29300400.0,292472.6530969246
29304000.0,319961.42468724435
29307600.0,310817.4855926566
29311200.0,330642.2960751977
29314800.0,353564.57533217
29318400.0,359927.8347119882
29322000.0,345597.54373457807
29325600.0,352518.82759600965
29329200.0,362982.2093455637
29332800.0,349347.48874264443
29336400.0,348775.15321595286
29340000.0,378389.6463825775
29343600.0,395566.28541280853
29347200.0,408719.53684315825
29350800.0,418351.55238644173
29354400.0,417612.4859934286
29358000.0,411081.32225177466
29361600.0,401035.6205841648
29365200.0,396094.80513708637
29368800.0,380720.65680769435
29372400.0,369558.1199221355
29376000.0,384854.65845112415
29379600.0,345892.29570670455
29383200.0,282954.1802448883
29386800.0,283367.8975521215
29390400.0,283843.250738444
29394000.0,268173.91323984397
29397600.0,259934.41813007297
29401200.0,254655.35564692455
29404800.0,222665.62292015727
29408400.0,227854.69376153965
29412000.0,212404.2558141978
29415600.0,163802.95619394974
29419200.0,185504.19332219975
29422800.0,166947.64766246258
29426400.0,146806.33353931515
29430000.0,143497.05137010684
29433600.0,146439.38168292772
29437200.0,174091.46865669213
29440800.0,205477.28998167135
29444400.0,256946.8131002687
29448000.0,334307.7118594733
29451600.0,374763.50515126355
29455200.0,382358.65576583816
29458800.0,376078.4838776591
29462400.0,434836.83137099014
29466000.0,457535.09389805456
29469600.0,457858.6620580229
29473200.0,423288.73247933085
29476800.0,447848.17130150594
29480400.0,463245.51716803736
29484000.0,464144.7857448988
29487600.0,437298.24362139066
29491200.0,416730.2130553693
29494800.0,416055.7321898775
29498400.0,435483.32048651355
29502000.0,446582.8287625422
29505600.0,452997.0133293389
29509200.0,456358.0218953156
29512800.0,455285.7559606312
29516400.0,460989.75968831463
29520000.0,461174.31063131173
29523600.0,439827.65974592575
29527200.0,437604.58067979105
29530800.0,429517.4436618355
29534400.0,431278.74651564367
29538000.0,430248.57018674485
29541600.0,417278.06268176064
29545200.0,437391.7442947541
29548800.0,422546.30501443136
29552400.0,404240.36110364075
29556000.0,358860.0533884149
29559600.0,343964.4029460415
29563200.0,299578.3918070893
29566800.0,259531.8598487846
29570400.0,234585.28364732827
29574000.0,184744.714216543
29577600.0,171932.27604821842
29581200.0,196180.345272662
29584800.0,178785.2897080357
29588400.0,144523.12428302094
29592000.0,185838.44767342356
29595600.0,240265.90019488792
29599200.0,236010.9021908993
29602800.0,267649.0829625531
29606400.0,314328.04101593996
29610000.0,332335.8750646469
29613600.0,366252.75788978604
29617200.0,411535.5248360562
29620800.0,440680.4037439871
29624400.0,451651.6131317856
29628000.0,456798.90301452146
29631600.0,461849.82816935924
29635200.0,463629.28329325863
29638800.0,462975.634518688
29642400.0,463221.9155258808
29646000.0,462658.3108949092
29649600.0,458721.27830983285
29653200.0,439380.03961872205
29656800.0,439049.49794256873
29660400.0,424823.80588961777
29664000.0,421723.95957763714
29667600.0,443363.9203848051
29671200.0,440993.98764629656
29674800.0,446039.1512818078
29678400.0,445599.7173040333
29682000.0,443576.18211341614
29685600.0,429364.28340565145
29689200.0,426775.4838897562
29692800.0,447551.9559601088
29696400.0,456412.3533375761
29700000.0,458625.8442962459
29703600.0,460366.91930750094
29707200.0,463592.9580705359
29710800.0,461688.2790748516
29714400.0,458168.0906789006
29718000.0,457887.1100966484
29721600.0,465407.2925484984
29725200.0,463810.94281712937
29728800.0,463898.6246964394
29732400.0,464507.69464195764
29736000.0,465383.7131798467
29739600.0,463046.224664932
29743200.0,456689.7322940892
29746800.0,454677.3924034106
29750400.0,442016.39052199235
29754000.0,437049.4819821401
29757600.0,440673.7366475907
29761200.0,434462.4232997477
29764800.0,406826.2256079787
29768400.0,443080.9195956603
29772000.0,439625.7513787687
29775600.0,428464.77936602413
29779200.0,416357.27312629134
29782800.0,413152.4727865452
29786400.0,426979.2113658761
29790000.0,429146.202882987
29793600.0,407547.8127089409
29797200.0,383650.9180627996
29800800.0,371474.4670524476
29804400.0,374659.2148739434
29808000.0,337984.48108557204
29811600.0,311014.32069178787
29815200.0,302960.97417169967
29818800.0,254003.48334346456
29822400.0,177250.29107308658
29826000.0,152790.23440233493
29829600.0,142952.79446005262
29833200.0,131139.01147471383
29836800.0,125756.55060901925
29840400.0,110761.74997786616
29844000.0,92678.56784407991
29847600.0,96441.51516971634
29851200.0,81185.7409729729
29854800.0,64747.60736162491
29858400.0,75077.92942037727
29862000.0,84064.77793974841
29865600.0,121369.79686884314
29869200.0,158122.32246397203
29872800.0,168200.019066763
29876400.0,181749.69020045619
29880000.0,239734.8721557677
29883600.0,259620.86700163496
29887200.0,261697.73482691517
29890800.0,190545.07853561649
29894400.0,125549.32937456251
29898000.0,123347.63605504172
29901600.0,145625.25644220583
29905200.0,191580.06116867546
29908800.0,238296.99809342594
29912400.0,282473.0992676894
29916000.0,289538.7119406202
29919600.0,282106.9976228025
29923200.0,301099.10930709535
29926800.0,313901.8565916397
29930400.0,286894.4504429954
29934000.0,290032.4223132789
29937600.0,300326.94639498834
29941200.0,279898.2327836753
29944800.0,289521.8276693425
29948400.0,274680.13224699715
29952000.0,251380.37276607362
29955600.0,230046.45309788402
29959200.0,272161.6762778276
29962800.0,328184.49276897346
29966400.0,380165.7744812337
29970000.0,405256.25820675405
29973600.0,409764.07226426725
29977200.0,421774.00718852336
29980800.0,438434.90066771815
29984400.0,426894.90360436245
29988000.0,453706.920840728
29991600.0,459857.9643117166
29995200.0,462250.1657822111
29998800.0,461493.20549176336
30002400.0,461479.22727648664
30006000.0,459551.5289317019
30009600.0,462169.5127846553
30013200.0,463919.2216427876
30016800.0,463636.85501214606
30020400.0,461598.59448925994
30024000.0,464589.062937213
30027600.0,456518.6545941939
30031200.0,442366.1574147862
30034800.0,434906.52962246013
30038400.0,435811.54571815935
30042000.0,446104.20582570333
30045600.0,456950.8210455191
30049200.0,459626.5320956484
30052800.0,461598.2218853426
30056400.0,464154.2243016881
30060000.0,465098.5432695195
30063600.0,464076.24698845425
30067200.0,463962.53851869213
30070800.0,462194.2287384417
30074400.0,463769.34545580164
30078000.0,463270.6442270853
30081600.0,462629.37347556226
30085200.0,462360.7686890071
30088800.0,461574.3946444009
30092400.0,462761.3245822068
30096000.0,458995.55520350207
30099600.0,460157.5515435596
30103200.0,460775.3275657495
30106800.0,460399.33966662525
30110400.0,460925.0137915582
30114000.0,457372.78973173146
30117600.0,448710.1269847997
30121200.0,443696.3098072846
30124800.0,446279.56608420116
30128400.0,439326.341380386
30132000.0,435586.1750773477
30135600.0,406175.5653013771
30139200.0,369451.6687966491
30142800.0,335609.4473962531
30146400.0,300836.74873853684
30150000.0,274106.09184260346
30153600.0,220724.64129344802
30157200.0,213178.197106573
30160800.0,246324.63780695348
30164400.0,226187.6924726918
30168000.0,180709.44529277287
30171600.0,172440.7095257956
30175200.0,224591.1206426599
30178800.0,210241.17838828012
30182400.0,181443.10813350213
30186000.0,194146.96360192331
30189600.0,239333.9818418019
30193200.0,236831.62102545146
30196800.0,222521.1184661624
30200400.0,160625.64645031208
30204000.0,117299.68072849556
30207600.0,157792.36308087487
30211200.0,198056.936742307
30214800.0,167200.23111695758
30218400.0,161882.2959585141
30222000.0,173272.06459531374
30225600.0,205017.85535109352
30229200.0,262964.7198777673
30232800.0,281271.67532387236
30236400.0,302238.13148144813
30240000.0,263589.1693602121
30243600.0,187482.86808302422
30247200.0,141916.93870560237
30250800.0,90790.48260953103
30254400.0,78962.39398839377
30258000.0,71872.48123983198
30261600.0,46433.41429920561
30265200.0,21759.845719833276
30268800.0,10228.443047431934
30272400.0,7203.696630047574
30276000.0,3204.4996474303452
30279600.0,4967.564335474485
30283200.0,7286.453519235723
30286800.0,10405.481455425994
30290400.0,15637.483841078427
30294000.0,30003.59793277268
30297600.0,46569.320543930975
30301200.0,71680.7919567138
30304800.0,104606.14043837716
30308400.0,138535.78375446188
30312000.0,171200.32317627806
30315600.0,237272.06653854044
30319200.0,290002.7680052677
30322800.0,347288.4374939176
30326400.0,389298.8593787005
30330000.0,370720.91842656163
30333600.0,428965.5975322829
30337200.0,448106.46027337236
30340800.0,452730.36129277595
30344400.0,454808.10128486867
30348000.0,460663.8432645461
30351600.0,460543.84666616353
30355200.0,460177.73006620904
30358800.0,456791.61225998844
30362400.0,455900.487194704
30366000.0,456831.47992456576
30369600.0,453100.24720614194
30373200.0,398315.4983926555
30376800.0,390391.81835399714
30380400.0,373546.8356297421
30384000.0,335200.2003814493
30387600.0,330872.501021147
30391200.0,360797.637987437
30394800.0,404192.48929598834
30398400.0,409383.7143034856
30402000.0,412063.8545991567
30405600.0,419441.5419853449
30409200.0,418075.8245330261
30412800.0,426598.8219039946
30416400.0,400600.7749483955
30420000.0,405835.8144855348
30423600.0,394530.8700373691
30427200.0,420063.97571559815
30430800.0,428954.11013123754
30434400.0,425570.1764012669
30438000.0,423832.7214709406
30441600.0,404320.52694782557
30445200.0,372200.0070641401
30448800.0,339662.2337952254
30452400.0,368633.6246918401
30456000.0,408550.7571325807
30459600.0,411621.467791021
30463200.0,407310.64538355905
30466800.0,431408.562547749
30470400.0,433339.47082277987
30474000.0,411113.47914715554
30477600.0,414912.3880009993
30481200.0,424381.0607962464
30484800.0,410366.3001072793
30488400.0,393873.8732368221
30492000.0,426661.3646329255
30495600.0,430336.9664091756
30499200.0,438853.5423286873
30502800.0,434738.38566135045
30506400.0,440579.7596394158
30510000.0,433628.78392320767
30513600.0,395095.7732136752
30517200.0,368239.6840295897
30520800.0,329270.8737418932
30524400.0,287053.34485391434
30528000.0,258749.17429658648
30531600.0,219581.08327892295
30535200.0,193257.46322972342
30538800.0,180653.8413969979
30542400.0,170501.18776823475
30546000.0,144160.71781259362
30549600.0,92298.13128964527
30553200.0,72507.98951744965
30556800.0,59473.560553582494
30560400.0,44164.6615021572
30564000.0,39717.42501405865
30567600.0,41084.787205616434
30571200.0,43497.49652843964
30574800.0,55653.31113652045
30578400.0,56628.79741973023
30582000.0,52289.29119268405
30585600.0,45808.87890467051
30589200.0,45226.06814863392
30592800.0,40526.16102117838
30596400.0,50110.62040419292
30600000.0,64156.566227342286
30603600.0,105503.68313680332
30607200.0,157926.37480491376
30610800.0,199363.36021547817
30614400.0,219494.4259808374
30618000.0,205072.8527711499
30621600.0,183709.7226740821
30625200.0,180119.64256536157
30628800.0,191333.86639176583
30632400.0,217212.83346280456
30636000.0,225537.22785474022
30639600.0,250815.61086742702
30643200.0,291650.9752288909
30646800.0,309339.223938495
30650400.0,304986.16873843037
30654000.0,305886.9977334051
30657600.0,303189.708748134
30661200.0,314456.11366899905
30664800.0,299243.12114765716
30668400.0,290105.6111411565
30672000.0,281089.82106593036
30675600.0,294988.77066627465
30679200.0,307538.57207458024
30682800.0,322550.75144881936
30686400.0,338547.944757077
30690000.0,350313.0206783305
30693600.0,332828.76672690484
30697200.0,312602.5078200042
30700800.0,344026.6745745987
30704400.0,341244.8834119357
30708000.0,326284.63725986733
30711600.0,328947.5572725301
30715200.0,328658.01570958074
30718800.0,349404.9206567842
30722400.0,355286.96669114596
30726000.0,371247.1535256246
30729600.0,386657.7269903184
30733200.0,394554.8726026134
30736800.0,414747.65602264425
30740400.0,409342.50641030027
30744000.0,407059.19755961996
30747600.0,406963.21211769077
30751200.0,425535.7036977643
30754800.0,442439.4611103104
30758400.0,434448.85523515363
30762000.0,440479.84292387526
30765600.0,464054.1131702693
30769200.0,460906.4857356204
30772800.0,439704.4761271878
30776400.0,434525.5989144101
30780000.0,430280.35702375177
30783600.0,442150.56325165223
30787200.0,422316.3380767913
30790800.0,430018.5058820692
30794400.0,409395.91191114363
30798000.0,375938.2938015594
30801600.0,334135.57680448215
30805200.0,325252.6434129703
30808800.0,360310.3112012769
30812400.0,357923.7481094463
30816000.0,374322.5527568421
30819600.0,355290.4232209104
30823200.0,349045.3330574959
30826800.0,346700.8812085699
30830400.0,332114.70043396176
30834000.0,292563.5286786414
30837600.0,223873.1615774497
30841200.0,175609.40578690328
30844800.0,135894.17057656727
30848400.0,119801.96899685869
30852000.0,158763.5190765431
30855600.0,127987.659910049
30859200.0,106100.08677648223
30862800.0,122169.35110086555
30866400.0,119855.61186962546
30870000.0,106174.60119609314
30873600.0,120235.91987411764
30877200.0,133410.6996015125
30880800.0,121243.97352158396
30884400.0,110924.89512809494
30888000.0,98618.7384985832
30891600.0,93186.18261125628
30895200.0,101716.37686984443
30898800.0,109412.91647863206
30902400.0,117020.97045277646
30906000.0,111163.24772212932
30909600.0,97284.36495871711
30913200.0,71260.44255430618
30916800.0,48867.13612833954
30920400.0,40649.69369755714
30924000.0,36141.43385175341
30927600.0,30073.11417788854
30931200.0,29534.696426235045
30934800.0,27695.52730852451
30938400.0,19959.461774362953
30942000.0,20352.26680605737
30945600.0,21672.487124536954
30949200.0,26087.406984405327
30952800.0,28291.817353328537
30956400.0,22533.0004392933
30960000.0,20175.414222732594
30963600.0,22644.416965403278
30967200.0,18619.78682214253
30970800.0,27728.42177510985
30974400.0,28766.353102021996
30978000.0,34472.35571767199
30981600.0,25093.09895318622
30985200.0,19119.67522866901
30988800.0,24332.25989096012
30992400.0,32429.826954865028
30996000.0,35306.12364415447
30999600.0,37184.96728333577
31003200.0,39990.720600741464
31006800.0,45829.14238483142
31010400.0,41796.18958737586
31014000.0,43782.180558167514
31017600.0,45230.117790014
31021200.0,54997.736976549444
31024800.0,46402.16902656016
31028400.0,44658.44378641733
31032000.0,49380.85638139641
31035600.0,43551.0859447947
31039200.0,53521.31543208382
31042800.0,42726.52143052858
31046400.0,30021.721565500487
31050000.0,16697.81913197043
31053600.0,19932.792116005676
31057200.0,22556.626900498137
31060800.0,23372.80034909017
31064400.0,16072.27920236526
31068000.0,16474.280964224567
31071600.0,18190.774935494213
31075200.0,29513.557915525285
31078800.0,44786.276203816684
31082400.0,64722.950909915846
31086000.0,69308.53386429581
31089600.0,75036.74666443322
31093200.0,94859.39661700097
31096800.0,135456.0917824682
31100400.0,162903.82666739734
31104000.0,213943.68369468875
31107600.0,315117.99409458746
31111200.0,364199.63139335724
31114800.0,411890.7576469476
31118400.0,416280.0486575224
31122000.0,467088.1304567705
31125600.0,473757.74662295054
31129200.0,472209.1528770086
31132800.0,482771.5524470848
31136400.0,493797.28896579385
31140000.0,490136.6658033825
31143600.0,491945.48981623765
31147200.0,479705.5201792481
31150800.0,438149.41701916506
31154400.0,390686.14649314503
31158000.0,377728.6339872936
31161600.0,353923.5634559841
31165200.0,306805.6776697693
31168800.0,242330.11285108127
31172400.0,194709.05777107118
31176000.0,164964.9671708819
31179600.0,140199.3546053653
31183200.0,184641.61238980468
31186800.0,202254.51460529416
31190400.0,177417.38881585278
31194000.0,151670.7849112989
31197600.0,120239.75918997308
31201200.0,55250.08815020788
31204800.0,31406.09880562891
31208400.0,31561.454911201217
31212000.0,14644.970736159708
31215600.0,28745.459918058845
31219200.0,44775.22981816799
31222800.0,89409.17084005993
31226400.0,131868.16265793322
31230000.0,174872.275916043
31233600.0,295182.4508825362
31237200.0,393130.47273795225
31240800.0,397625.4534383395
31244400.0,419839.69902206905
31248000.0,472396.3486396137
31251600.0,485818.10335297487
31255200.0,488381.9699075076
31258800.0,487582.07648182515
31262400.0,489129.9437933151
31266000.0,460645.4930784544
31269600.0,420745.89529533393
31273200.0,401957.71663979173
31276800.0,417387.00334870676
31280400.0,429253.103615079
31284000.0,433176.4866781721
31287600.0,438578.25899079046
31291200.0,443211.18427979253
31294800.0,429320.33937148814
31298400.0,439317.688760126
31302000.0,426121.289414316
31305600.0,419415.4132549633
31309200.0,430247.88766291674
31312800.0,431805.3223993313
31316400.0,447117.9974462196
31320000.0,434832.7422736871
31323600.0,408590.8952611459
31327200.0,379962.420245417
31330800.0,406854.6908290222
31334400.0,402716.3410792469
31338000.0,395639.7529776901
31341600.0,382937.4140167583
31345200.0,380308.7796101572
31348800.0,387608.6373246296
31352400.0,424820.1091241936
31356000.0,416077.76291355415
31359600.0,379940.88272077695
31363200.0,331676.57168357325
31366800.0,328374.05811430496
31370400.0,323092.2359439019
31374000.0,327142.5786211959
31377600.0,301357.8205209758
31381200.0,277360.1471746551
31384800.0,261060.65340346712
31388400.0,262778.09718062344
31392000.0,255889.45736794375
31395600.0,239324.34441443332
31399200.0,211687.93257882455
31402800.0,193940.47039288323
31406400.0,184741.1189546625
31410000.0,195723.8310167668
31413600.0,209299.15900073107
31417200.0,227357.62772627437
31420800.0,255821.11525472798
31424400.0,307733.3204644972
31428000.0,365117.16806253523
31431600.0,369843.92940024566
31435200.0,363903.7628822504
31438800.0,353807.9197368409
31442400.0,413238.3969681272
31446000.0,379008.7788612146
31449600.0,371998.46207330556
31453200.0,433401.0822010139
31456800.0,449233.01119414996
31460400.0,413565.6994402851
31464000.0,401165.476390386
31467600.0,396112.29015660996
31471200.0,395115.854369289
31474800.0,393357.5854850384
31478400.0,383235.88598239265
31482000.0,377402.24568341457
31485600.0,376779.4014842857
31489200.0,376507.45726296323
31492800.0,363290.8399385809
31496400.0,350224.0469357374
31500000.0,310592.50314721576
31503600.0,286390.94863759156
31507200.0,222110.86659809563
31510800.0,196586.69832279603
31514400.0,229216.2298406067
31518000.0,346457.4703015773
31521600.0,399447.2269487389
31525200.0,413877.2395894254
31528800.0,430065.10969090805
31532400.0,474946.540216729
